INSERT INTO model(name, ml_task_id, description, display_name, structure_id, advantages, disadvantages, enabled, ensemble_type_id, family_type_id, decision_tree, model_type_id) VALUES ('random_forest_classifier', (select id from ml_task_type where name='classification'),'Random Forest Classifier is a specialized type of tree-based model implementing meta estimator that fits a number of decision tree classifiers on various sub-samples of the dataset and uses averaging to improve the predictive accuracy and control over-fitting.', 'Random Forest Classifier', (select id from model_structure_type where name='base'), '{It performs well on imbalanced datasets,It is robust to outliers,There is more generalization and less overfitting,It is useful to extract feature importance}', '{It requires that features need to have some predictive power}', true, (select id from model_ensemble_type where name='forest'),(select id from model_family_type where name='tree'), false, (select id from model_type where name='Tree-Based Model'));
INSERT INTO rel_model__groups(model_id, group_id) VALUES ((select id from Model where name='random_forest_classifier'),(select id from model_group_type where name='explainable'));
INSERT INTO rel_model__groups(model_id, group_id) VALUES ((select id from Model where name='random_forest_classifier'),(select id from model_group_type where name='advanced'));
INSERT INTO parameter(name, label, description, enabled, fixed_value, ordering, model_id) VALUES ('bootstrap', 'Bootstrap', 'Whether bootstrap samples are used when building trees. If False, the whole dataset is used to build each tree.', false, false, 1, (select id from Model where name='random_forest_classifier'));
INSERT INTO parameter(name, label, description, enabled, fixed_value, ordering, model_id) VALUES ('ccp_alpha', 'Cost-Complexity Pruning alpha', 'Complexity parameter used for Minimal Cost-Complexity Pruning. The subtree with the largest cost complexity that is smaller than ccp_alpha will be chosen. By default, no pruning is performed.', false, false, 2, (select id from Model where name='random_forest_classifier'));
INSERT INTO parameter(name, label, description, enabled, fixed_value, ordering, model_id) VALUES ('class_weight', 'Class weight', 'Sets the weights for all classes. If None, all classes are supposed to have weight one. The “balanced” mode uses the values of y to automatically adjust weights inversely proportional to class frequencies in the input data as n_samples / (n_classes * np.bincount(y)). The “balanced_subsample” mode is the same as “balanced” except that weights are computed based on the bootstrap sample for every tree grown.', false, false, 3, (select id from Model where name='random_forest_classifier'));
INSERT INTO parameter(name, label, description, enabled, fixed_value, ordering, model_id) VALUES ('criterion', 'Criterion', 'The function to measure the quality of a split.', false, false, 4, (select id from Model where name='random_forest_classifier'));
INSERT INTO parameter(name, label, description, enabled, fixed_value, ordering, model_id) VALUES ('max_depth', 'Maximum depth', 'The maximum depth of the tree. If None, then nodes are expanded until all leaves are pure or until all leaves contain less than min_samples_split samples.', true, false, 5, (select id from Model where name='random_forest_classifier'));
INSERT INTO parameter(name, label, description, enabled, fixed_value, ordering, model_id) VALUES ('max_features', 'Maximum features', 'The number of features to draw from X to train each base estimator.', true, false, 6, (select id from Model where name='random_forest_classifier'));
INSERT INTO parameter(name, label, description, enabled, fixed_value, ordering, model_id) VALUES ('max_leaf_nodes', 'Maximum number of nodes', 'Grow a tree with max_leaf_nodes in best-first fashion. Best nodes are defined as relative reduction in impurity. If None then unlimited number of leaf nodes.', false, false, 7, (select id from Model where name='random_forest_classifier'));
INSERT INTO parameter(name, label, description, enabled, fixed_value, ordering, model_id) VALUES ('max_samples', 'Maximum samples', 'The number of samples to draw from X to train each base estimator.', false, false, 8, (select id from Model where name='random_forest_classifier'));
INSERT INTO parameter(name, label, description, enabled, fixed_value, ordering, model_id) VALUES ('min_impurity_decrease', 'Minimum impurity decrease', 'A node will be split if this split induces a decrease of the impurity greater than or equal to this value.', false, false, 9, (select id from Model where name='random_forest_classifier'));
INSERT INTO parameter(name, label, description, enabled, fixed_value, ordering, model_id) VALUES ('min_samples_leaf', 'Minimum samples per leaf', 'The minimum number of samples required to be at a leaf node.', false, false, 10, (select id from Model where name='random_forest_classifier'));
INSERT INTO parameter(name, label, description, enabled, fixed_value, ordering, model_id) VALUES ('min_samples_split', 'Minimum sample split', 'The minimum number of samples required to split an internal node.', false, false, 11, (select id from Model where name='random_forest_classifier'));
INSERT INTO parameter(name, label, description, enabled, fixed_value, ordering, model_id) VALUES ('min_weight_fraction_leaf', 'Minimum weighted sum per leaf', 'The minimum weighted fraction of the sum total of weights (of all the input samples) required to be at a leaf node. Samples have equal weight when sample_weight is not provided.', false, false, 12, (select id from Model where name='random_forest_classifier'));
INSERT INTO parameter(name, label, description, enabled, fixed_value, ordering, model_id) VALUES ('n_estimators', 'Number of estimators', 'The number of base estimators in the ensemble.', true, false, 13, (select id from Model where name='random_forest_classifier'));
INSERT INTO parameter_type_definition(parameter_id, parameter_type_id, parameter_distribution_type_id, ordering) VALUES ((select id from parameter where name='bootstrap' and model_id=(select id from model where name='random_forest_classifier')), (select id from parameter_type where name='boolean'), (select id from parameter_distribution_type where name='uniform'), 0);
INSERT INTO parameter_type_definition(parameter_id, parameter_type_id, parameter_distribution_type_id, ordering) VALUES ((select id from parameter where name='ccp_alpha' and model_id=(select id from model where name='random_forest_classifier')), (select id from parameter_type where name='float'), (select id from parameter_distribution_type where name='uniform'), 0);
INSERT INTO parameter_type_definition(parameter_id, parameter_type_id, parameter_distribution_type_id, ordering) VALUES ((select id from parameter where name='class_weight' and model_id=(select id from model where name='random_forest_classifier')), (select id from parameter_type where name='categorical'), (select id from parameter_distribution_type where name='uniform'), 0);
INSERT INTO parameter_type_definition(parameter_id, parameter_type_id, parameter_distribution_type_id, ordering) VALUES ((select id from parameter where name='criterion' and model_id=(select id from model where name='random_forest_classifier')), (select id from parameter_type where name='categorical'), (select id from parameter_distribution_type where name='uniform'), 0);
INSERT INTO parameter_type_definition(parameter_id, parameter_type_id, parameter_distribution_type_id, ordering) VALUES ((select id from parameter where name='max_depth' and model_id=(select id from model where name='random_forest_classifier')), (select id from parameter_type where name='integer'), (select id from parameter_distribution_type where name='uniform'), 0);
INSERT INTO parameter_type_definition(parameter_id, parameter_type_id, parameter_distribution_type_id, ordering) VALUES ((select id from parameter where name='max_features' and model_id=(select id from model where name='random_forest_classifier')), (select id from parameter_type where name='categorical'), (select id from parameter_distribution_type where name='uniform'), 0);
INSERT INTO parameter_type_definition(parameter_id, parameter_type_id, parameter_distribution_type_id, ordering) VALUES ((select id from parameter where name='max_features' and model_id=(select id from model where name='random_forest_classifier')), (select id from parameter_type where name='float'), (select id from parameter_distribution_type where name='uniform'), 1);
INSERT INTO parameter_type_definition(parameter_id, parameter_type_id, parameter_distribution_type_id, ordering) VALUES ((select id from parameter where name='max_leaf_nodes' and model_id=(select id from model where name='random_forest_classifier')), (select id from parameter_type where name='integer'), (select id from parameter_distribution_type where name='uniform'), 0);
INSERT INTO parameter_type_definition(parameter_id, parameter_type_id, parameter_distribution_type_id, ordering) VALUES ((select id from parameter where name='max_samples' and model_id=(select id from model where name='random_forest_classifier')), (select id from parameter_type where name='categorical'), (select id from parameter_distribution_type where name='uniform'), 0);
INSERT INTO parameter_type_definition(parameter_id, parameter_type_id, parameter_distribution_type_id, ordering) VALUES ((select id from parameter where name='max_samples' and model_id=(select id from model where name='random_forest_classifier')), (select id from parameter_type where name='float'), (select id from parameter_distribution_type where name='uniform'), 1);
INSERT INTO parameter_type_definition(parameter_id, parameter_type_id, parameter_distribution_type_id, ordering) VALUES ((select id from parameter where name='min_impurity_decrease' and model_id=(select id from model where name='random_forest_classifier')), (select id from parameter_type where name='float'), (select id from parameter_distribution_type where name='uniform'), 0);
INSERT INTO parameter_type_definition(parameter_id, parameter_type_id, parameter_distribution_type_id, ordering) VALUES ((select id from parameter where name='min_samples_leaf' and model_id=(select id from model where name='random_forest_classifier')), (select id from parameter_type where name='float'), (select id from parameter_distribution_type where name='uniform'), 0);
INSERT INTO parameter_type_definition(parameter_id, parameter_type_id, parameter_distribution_type_id, ordering) VALUES ((select id from parameter where name='min_samples_split' and model_id=(select id from model where name='random_forest_classifier')), (select id from parameter_type where name='float'), (select id from parameter_distribution_type where name='uniform'), 0);
INSERT INTO parameter_type_definition(parameter_id, parameter_type_id, parameter_distribution_type_id, ordering) VALUES ((select id from parameter where name='min_weight_fraction_leaf' and model_id=(select id from model where name='random_forest_classifier')), (select id from parameter_type where name='float'), (select id from parameter_distribution_type where name='uniform'), 0);
INSERT INTO parameter_type_definition(parameter_id, parameter_type_id, parameter_distribution_type_id, ordering) VALUES ((select id from parameter where name='n_estimators' and model_id=(select id from model where name='random_forest_classifier')), (select id from parameter_type where name='integer'), (select id from parameter_distribution_type where name='uniform'), 0);
INSERT INTO boolean_parameter(parameter_type_definition_id, default_value) VALUES ((select id from parameter_type_definition where parameter_id=(select id from parameter where name='bootstrap' and model_id=(select id from model where name='random_forest_classifier') and parameter_type_id=(select id from parameter_type where name='boolean'))), true);
INSERT INTO float_parameter(parameter_type_definition_id, default_value) VALUES ((select id from parameter_type_definition where parameter_id=(select id from parameter where name='ccp_alpha' and model_id=(select id from model where name='random_forest_classifier') and parameter_type_id=(select id from parameter_type where name='float'))), 0.000000);
INSERT INTO float_parameter_range(parameter_type_definition_id, is_left_open, is_right_open, lower, upper) VALUES ((select id from parameter_type_definition where parameter_id=(select id from parameter where name='ccp_alpha' and model_id=(select id from model where name='random_forest_classifier') and parameter_type_id=(select id from parameter_type where name='float'))), true, true, 0.000000, 0.050000);
INSERT INTO categorical_parameter(parameter_type_definition_id, default_value) VALUES ((select id from parameter_type_definition where parameter_id=(select id from parameter where name='class_weight' and model_id=(select id from model where name='random_forest_classifier') and parameter_type_id=(select id from parameter_type where name='categorical'))), 'None');
INSERT INTO categorical_parameter_value(parameter_type_definition_id, value) VALUES ((select id from parameter_type_definition where parameter_id=(select id from parameter where name='class_weight' and model_id=(select id from model where name='random_forest_classifier') and parameter_type_id=(select id from parameter_type where name='categorical'))), 'balanced');
INSERT INTO categorical_parameter_value(parameter_type_definition_id, value) VALUES ((select id from parameter_type_definition where parameter_id=(select id from parameter where name='class_weight' and model_id=(select id from model where name='random_forest_classifier') and parameter_type_id=(select id from parameter_type where name='categorical'))), 'balanced_subsample');
INSERT INTO categorical_parameter_value(parameter_type_definition_id, value) VALUES ((select id from parameter_type_definition where parameter_id=(select id from parameter where name='class_weight' and model_id=(select id from model where name='random_forest_classifier') and parameter_type_id=(select id from parameter_type where name='categorical'))), 'None');
INSERT INTO categorical_parameter(parameter_type_definition_id, default_value) VALUES ((select id from parameter_type_definition where parameter_id=(select id from parameter where name='criterion' and model_id=(select id from model where name='random_forest_classifier') and parameter_type_id=(select id from parameter_type where name='categorical'))), 'gini');
INSERT INTO categorical_parameter_value(parameter_type_definition_id, value) VALUES ((select id from parameter_type_definition where parameter_id=(select id from parameter where name='criterion' and model_id=(select id from model where name='random_forest_classifier') and parameter_type_id=(select id from parameter_type where name='categorical'))), 'entropy');
INSERT INTO categorical_parameter_value(parameter_type_definition_id, value) VALUES ((select id from parameter_type_definition where parameter_id=(select id from parameter where name='criterion' and model_id=(select id from model where name='random_forest_classifier') and parameter_type_id=(select id from parameter_type where name='categorical'))), 'gini');
INSERT INTO integer_parameter(parameter_type_definition_id, default_value) VALUES ((select id from parameter_type_definition where parameter_id=(select id from parameter where name='max_depth' and model_id=(select id from model where name='random_forest_classifier') and parameter_type_id=(select id from parameter_type where name='integer'))), 10);
INSERT INTO integer_parameter_value(parameter_type_definition_id, lower, upper) VALUES ((select id from parameter_type_definition where parameter_id=(select id from parameter where name='max_depth' and model_id=(select id from model where name='random_forest_classifier') and parameter_type_id=(select id from parameter_type where name='integer'))), 3, 17);
INSERT INTO categorical_parameter(parameter_type_definition_id, default_value) VALUES ((select id from parameter_type_definition where parameter_id=(select id from parameter where name='max_features' and model_id=(select id from model where name='random_forest_classifier') and parameter_type_id=(select id from parameter_type where name='categorical'))), 'sqrt');
INSERT INTO categorical_parameter_value(parameter_type_definition_id, value) VALUES ((select id from parameter_type_definition where parameter_id=(select id from parameter where name='max_features' and model_id=(select id from model where name='random_forest_classifier') and parameter_type_id=(select id from parameter_type where name='categorical'))), 'sqrt');
INSERT INTO categorical_parameter_value(parameter_type_definition_id, value) VALUES ((select id from parameter_type_definition where parameter_id=(select id from parameter where name='max_features' and model_id=(select id from model where name='random_forest_classifier') and parameter_type_id=(select id from parameter_type where name='categorical'))), 'log2');
INSERT INTO float_parameter(parameter_type_definition_id, default_value) VALUES ((select id from parameter_type_definition where parameter_id=(select id from parameter where name='max_features' and model_id=(select id from model where name='random_forest_classifier') and parameter_type_id=(select id from parameter_type where name='float'))), null);
INSERT INTO float_parameter_range(parameter_type_definition_id, is_left_open, is_right_open, lower, upper) VALUES ((select id from parameter_type_definition where parameter_id=(select id from parameter where name='max_features' and model_id=(select id from model where name='random_forest_classifier') and parameter_type_id=(select id from parameter_type where name='float'))), true, true, 0.100000, 1.000000);
INSERT INTO integer_parameter(parameter_type_definition_id, default_value) VALUES ((select id from parameter_type_definition where parameter_id=(select id from parameter where name='max_leaf_nodes' and model_id=(select id from model where name='random_forest_classifier') and parameter_type_id=(select id from parameter_type where name='integer'))), 1024);
INSERT INTO integer_parameter_value(parameter_type_definition_id, lower, upper) VALUES ((select id from parameter_type_definition where parameter_id=(select id from parameter where name='max_leaf_nodes' and model_id=(select id from model where name='random_forest_classifier') and parameter_type_id=(select id from parameter_type where name='integer'))), 2, 1025);
INSERT INTO categorical_parameter(parameter_type_definition_id, default_value) VALUES ((select id from parameter_type_definition where parameter_id=(select id from parameter where name='max_samples' and model_id=(select id from model where name='random_forest_classifier') and parameter_type_id=(select id from parameter_type where name='categorical'))), null);
INSERT INTO categorical_parameter_value(parameter_type_definition_id, value) VALUES ((select id from parameter_type_definition where parameter_id=(select id from parameter where name='max_samples' and model_id=(select id from model where name='random_forest_classifier') and parameter_type_id=(select id from parameter_type where name='categorical'))), 'None');
INSERT INTO float_parameter(parameter_type_definition_id, default_value) VALUES ((select id from parameter_type_definition where parameter_id=(select id from parameter where name='max_samples' and model_id=(select id from model where name='random_forest_classifier') and parameter_type_id=(select id from parameter_type where name='float'))), 1.000000);
INSERT INTO float_parameter_range(parameter_type_definition_id, is_left_open, is_right_open, lower, upper) VALUES ((select id from parameter_type_definition where parameter_id=(select id from parameter where name='max_samples' and model_id=(select id from model where name='random_forest_classifier') and parameter_type_id=(select id from parameter_type where name='float'))), true, true, 0.100000, 1.000000);
INSERT INTO float_parameter(parameter_type_definition_id, default_value) VALUES ((select id from parameter_type_definition where parameter_id=(select id from parameter where name='min_impurity_decrease' and model_id=(select id from model where name='random_forest_classifier') and parameter_type_id=(select id from parameter_type where name='float'))), 0.000000);
INSERT INTO float_parameter_range(parameter_type_definition_id, is_left_open, is_right_open, lower, upper) VALUES ((select id from parameter_type_definition where parameter_id=(select id from parameter where name='min_impurity_decrease' and model_id=(select id from model where name='random_forest_classifier') and parameter_type_id=(select id from parameter_type where name='float'))), true, true, 0.000000, 0.100000);
INSERT INTO float_parameter(parameter_type_definition_id, default_value) VALUES ((select id from parameter_type_definition where parameter_id=(select id from parameter where name='min_samples_leaf' and model_id=(select id from model where name='random_forest_classifier') and parameter_type_id=(select id from parameter_type where name='float'))), 0.000100);
INSERT INTO float_parameter_range(parameter_type_definition_id, is_left_open, is_right_open, lower, upper) VALUES ((select id from parameter_type_definition where parameter_id=(select id from parameter where name='min_samples_leaf' and model_id=(select id from model where name='random_forest_classifier') and parameter_type_id=(select id from parameter_type where name='float'))), true, true, 0.000100, 0.050000);
INSERT INTO float_parameter(parameter_type_definition_id, default_value) VALUES ((select id from parameter_type_definition where parameter_id=(select id from parameter where name='min_samples_split' and model_id=(select id from model where name='random_forest_classifier') and parameter_type_id=(select id from parameter_type where name='float'))), 0.000100);
INSERT INTO float_parameter_range(parameter_type_definition_id, is_left_open, is_right_open, lower, upper) VALUES ((select id from parameter_type_definition where parameter_id=(select id from parameter where name='min_samples_split' and model_id=(select id from model where name='random_forest_classifier') and parameter_type_id=(select id from parameter_type where name='float'))), true, true, 0.000100, 0.050000);
INSERT INTO float_parameter(parameter_type_definition_id, default_value) VALUES ((select id from parameter_type_definition where parameter_id=(select id from parameter where name='min_weight_fraction_leaf' and model_id=(select id from model where name='random_forest_classifier') and parameter_type_id=(select id from parameter_type where name='float'))), 0.000000);
INSERT INTO float_parameter_range(parameter_type_definition_id, is_left_open, is_right_open, lower, upper) VALUES ((select id from parameter_type_definition where parameter_id=(select id from parameter where name='min_weight_fraction_leaf' and model_id=(select id from model where name='random_forest_classifier') and parameter_type_id=(select id from parameter_type where name='float'))), true, true, 0.000000, 0.010000);
INSERT INTO integer_parameter(parameter_type_definition_id, default_value) VALUES ((select id from parameter_type_definition where parameter_id=(select id from parameter where name='n_estimators' and model_id=(select id from model where name='random_forest_classifier') and parameter_type_id=(select id from parameter_type where name='integer'))), 100);
INSERT INTO integer_parameter_value(parameter_type_definition_id, lower, upper) VALUES ((select id from parameter_type_definition where parameter_id=(select id from parameter where name='n_estimators' and model_id=(select id from model where name='random_forest_classifier') and parameter_type_id=(select id from parameter_type where name='integer'))), 10, 201);
INSERT INTO model(name, ml_task_id, description, display_name, structure_id, advantages, disadvantages, enabled, ensemble_type_id, family_type_id, decision_tree, model_type_id) VALUES ('perceptron_classifier', (select id from ml_task_type where name='classification'),'The Perceptron Classifier is a linear classification model based on a simple artificial neural unit. It iteratively adjusts weights in the input features to find a hyperplane that separates two classes. It is well-suited for high-dimensional data and is one of the simplest types of classifiers.', 'Perceptron Classifier', (select id from model_structure_type where name='base'), '{Simple and easy to understand,Fast to train,Works well with high-dimensional data,Low computational requirements}', '{Sensitive to feature scaling,Not suitable for non-linearly separable data,May not converge if data is not linearly separable,Lacks probabilistic interpretation}', true, (select id from model_ensemble_type where name='none'),(select id from model_family_type where name='linear'), false, (select id from model_type where name='Linear Model'));
INSERT INTO parameter(name, label, description, enabled, fixed_value, ordering, model_id) VALUES ('alpha', 'Alpha', 'Constant that multiplies the penalty terms.', true, false, 1, (select id from Model where name='perceptron_classifier'));
INSERT INTO parameter(name, label, description, enabled, fixed_value, ordering, model_id) VALUES ('class_weight', 'Class weight', 'Weights associated with classes in the form {class_label: weight}. If not given, all classes are supposed to have weight one. The “balanced” mode uses the values of y to automatically adjust weights inversely proportional to class frequencies in the input data as n_samples / (n_classes * np.bincount(y)).', false, false, 2, (select id from Model where name='perceptron_classifier'));
INSERT INTO parameter(name, label, description, enabled, fixed_value, ordering, model_id) VALUES ('early_stopping', 'Early stopping', 'Whether to use early stopping to terminate training when validation score is not improving.', false, false, 3, (select id from Model where name='perceptron_classifier'));
INSERT INTO parameter(name, label, description, enabled, fixed_value, ordering, model_id) VALUES ('eta0', 'Eta0', 'The initial learning rate for the ''constant'', ''invscaling'' or ''adaptive'' schedules.', false, false, 4, (select id from Model where name='perceptron_classifier'));
INSERT INTO parameter(name, label, description, enabled, fixed_value, ordering, model_id) VALUES ('fit_intercept', 'Calculate Intercept', 'Whether to calculate the intercept for this model. If set to False, no intercept will be used in calculations (i.e. data is expected to be centered).', false, false, 5, (select id from Model where name='perceptron_classifier'));
INSERT INTO parameter(name, label, description, enabled, fixed_value, ordering, model_id) VALUES ('max_iter', 'Maximum number of iterations', '    Maximum number of iterations taken for the solvers to converge.', true, false, 6, (select id from Model where name='perceptron_classifier'));
INSERT INTO parameter(name, label, description, enabled, fixed_value, ordering, model_id) VALUES ('n_iter_no_change', 'Maximum number of iterations with no change', 'Maximum number of epochs to not meet tol improvement. Only effective when solver=''sgd'' or ''adam''.', false, false, 7, (select id from Model where name='perceptron_classifier'));
INSERT INTO parameter(name, label, description, enabled, fixed_value, ordering, model_id) VALUES ('penalty', 'Penalty', 'The penalty (aka regularization term) to be used.', true, false, 8, (select id from Model where name='perceptron_classifier'));
INSERT INTO parameter(name, label, description, enabled, fixed_value, ordering, model_id) VALUES ('shuffle', 'Shuffle', 'Whether to shuffle samples in each iteration.', false, false, 9, (select id from Model where name='perceptron_classifier'));
INSERT INTO parameter(name, label, description, enabled, fixed_value, ordering, model_id) VALUES ('tol', 'Tolerance', 'Maximum norm of the residual.', true, false, 10, (select id from Model where name='perceptron_classifier'));
INSERT INTO parameter(name, label, description, enabled, fixed_value, ordering, model_id) VALUES ('validation_fraction', 'Validation fraction', 'The proportion of training data to set aside as validation set for early stopping.', false, false, 11, (select id from Model where name='perceptron_classifier'));
INSERT INTO rel_model__incompatible_metrics(model_id, metric_id) VALUES ((select id from model where name='perceptron_classifier'), (select id from metric where name='classification-log-loss'));
INSERT INTO rel_model__incompatible_metrics(model_id, metric_id) VALUES ((select id from model where name='perceptron_classifier'), (select id from metric where name='classification-roc'));
INSERT INTO parameter_type_definition(parameter_id, parameter_type_id, parameter_distribution_type_id, ordering) VALUES ((select id from parameter where name='alpha' and model_id=(select id from model where name='perceptron_classifier')), (select id from parameter_type where name='float'), (select id from parameter_distribution_type where name='uniform'), 0);
INSERT INTO parameter_type_definition(parameter_id, parameter_type_id, parameter_distribution_type_id, ordering) VALUES ((select id from parameter where name='class_weight' and model_id=(select id from model where name='perceptron_classifier')), (select id from parameter_type where name='categorical'), (select id from parameter_distribution_type where name='uniform'), 0);
INSERT INTO parameter_type_definition(parameter_id, parameter_type_id, parameter_distribution_type_id, ordering) VALUES ((select id from parameter where name='early_stopping' and model_id=(select id from model where name='perceptron_classifier')), (select id from parameter_type where name='boolean'), (select id from parameter_distribution_type where name='uniform'), 0);
INSERT INTO parameter_type_definition(parameter_id, parameter_type_id, parameter_distribution_type_id, ordering) VALUES ((select id from parameter where name='eta0' and model_id=(select id from model where name='perceptron_classifier')), (select id from parameter_type where name='float'), (select id from parameter_distribution_type where name='uniform'), 0);
INSERT INTO parameter_type_definition(parameter_id, parameter_type_id, parameter_distribution_type_id, ordering) VALUES ((select id from parameter where name='fit_intercept' and model_id=(select id from model where name='perceptron_classifier')), (select id from parameter_type where name='boolean'), (select id from parameter_distribution_type where name='uniform'), 0);
INSERT INTO parameter_type_definition(parameter_id, parameter_type_id, parameter_distribution_type_id, ordering) VALUES ((select id from parameter where name='max_iter' and model_id=(select id from model where name='perceptron_classifier')), (select id from parameter_type where name='integer'), (select id from parameter_distribution_type where name='uniform'), 0);
INSERT INTO parameter_type_definition(parameter_id, parameter_type_id, parameter_distribution_type_id, ordering) VALUES ((select id from parameter where name='n_iter_no_change' and model_id=(select id from model where name='perceptron_classifier')), (select id from parameter_type where name='integer'), (select id from parameter_distribution_type where name='uniform'), 0);
INSERT INTO parameter_type_definition(parameter_id, parameter_type_id, parameter_distribution_type_id, ordering) VALUES ((select id from parameter where name='penalty' and model_id=(select id from model where name='perceptron_classifier')), (select id from parameter_type where name='categorical'), (select id from parameter_distribution_type where name='uniform'), 0);
INSERT INTO parameter_type_definition(parameter_id, parameter_type_id, parameter_distribution_type_id, ordering) VALUES ((select id from parameter where name='shuffle' and model_id=(select id from model where name='perceptron_classifier')), (select id from parameter_type where name='boolean'), (select id from parameter_distribution_type where name='uniform'), 0);
INSERT INTO parameter_type_definition(parameter_id, parameter_type_id, parameter_distribution_type_id, ordering) VALUES ((select id from parameter where name='tol' and model_id=(select id from model where name='perceptron_classifier')), (select id from parameter_type where name='float'), (select id from parameter_distribution_type where name='uniform'), 0);
INSERT INTO parameter_type_definition(parameter_id, parameter_type_id, parameter_distribution_type_id, ordering) VALUES ((select id from parameter where name='validation_fraction' and model_id=(select id from model where name='perceptron_classifier')), (select id from parameter_type where name='float'), (select id from parameter_distribution_type where name='uniform'), 0);
INSERT INTO float_parameter(parameter_type_definition_id, default_value) VALUES ((select id from parameter_type_definition where parameter_id=(select id from parameter where name='alpha' and model_id=(select id from model where name='perceptron_classifier') and parameter_type_id=(select id from parameter_type where name='float'))), 0.000100);
INSERT INTO float_parameter_range(parameter_type_definition_id, is_left_open, is_right_open, lower, upper) VALUES ((select id from parameter_type_definition where parameter_id=(select id from parameter where name='alpha' and model_id=(select id from model where name='perceptron_classifier') and parameter_type_id=(select id from parameter_type where name='float'))), true, true, 0.000000, 0.100000);
INSERT INTO categorical_parameter(parameter_type_definition_id, default_value) VALUES ((select id from parameter_type_definition where parameter_id=(select id from parameter where name='class_weight' and model_id=(select id from model where name='perceptron_classifier') and parameter_type_id=(select id from parameter_type where name='categorical'))), 'None');
INSERT INTO categorical_parameter_value(parameter_type_definition_id, value) VALUES ((select id from parameter_type_definition where parameter_id=(select id from parameter where name='class_weight' and model_id=(select id from model where name='perceptron_classifier') and parameter_type_id=(select id from parameter_type where name='categorical'))), 'balanced');
INSERT INTO categorical_parameter_value(parameter_type_definition_id, value) VALUES ((select id from parameter_type_definition where parameter_id=(select id from parameter where name='class_weight' and model_id=(select id from model where name='perceptron_classifier') and parameter_type_id=(select id from parameter_type where name='categorical'))), 'None');
INSERT INTO boolean_parameter(parameter_type_definition_id, default_value) VALUES ((select id from parameter_type_definition where parameter_id=(select id from parameter where name='early_stopping' and model_id=(select id from model where name='perceptron_classifier') and parameter_type_id=(select id from parameter_type where name='boolean'))), false);
INSERT INTO float_parameter(parameter_type_definition_id, default_value) VALUES ((select id from parameter_type_definition where parameter_id=(select id from parameter where name='eta0' and model_id=(select id from model where name='perceptron_classifier') and parameter_type_id=(select id from parameter_type where name='float'))), 1.000000);
INSERT INTO float_parameter_range(parameter_type_definition_id, is_left_open, is_right_open, lower, upper) VALUES ((select id from parameter_type_definition where parameter_id=(select id from parameter where name='eta0' and model_id=(select id from model where name='perceptron_classifier') and parameter_type_id=(select id from parameter_type where name='float'))), true, true, 0.000100, 1.000000);
INSERT INTO boolean_parameter(parameter_type_definition_id, default_value) VALUES ((select id from parameter_type_definition where parameter_id=(select id from parameter where name='fit_intercept' and model_id=(select id from model where name='perceptron_classifier') and parameter_type_id=(select id from parameter_type where name='boolean'))), true);
INSERT INTO integer_parameter(parameter_type_definition_id, default_value) VALUES ((select id from parameter_type_definition where parameter_id=(select id from parameter where name='max_iter' and model_id=(select id from model where name='perceptron_classifier') and parameter_type_id=(select id from parameter_type where name='integer'))), 1000);
INSERT INTO integer_parameter_value(parameter_type_definition_id, lower, upper) VALUES ((select id from parameter_type_definition where parameter_id=(select id from parameter where name='max_iter' and model_id=(select id from model where name='perceptron_classifier') and parameter_type_id=(select id from parameter_type where name='integer'))), 0, 2001);
INSERT INTO integer_parameter(parameter_type_definition_id, default_value) VALUES ((select id from parameter_type_definition where parameter_id=(select id from parameter where name='n_iter_no_change' and model_id=(select id from model where name='perceptron_classifier') and parameter_type_id=(select id from parameter_type where name='integer'))), 5);
INSERT INTO integer_parameter_value(parameter_type_definition_id, lower, upper) VALUES ((select id from parameter_type_definition where parameter_id=(select id from parameter where name='n_iter_no_change' and model_id=(select id from model where name='perceptron_classifier') and parameter_type_id=(select id from parameter_type where name='integer'))), 1, 11);
INSERT INTO categorical_parameter(parameter_type_definition_id, default_value) VALUES ((select id from parameter_type_definition where parameter_id=(select id from parameter where name='penalty' and model_id=(select id from model where name='perceptron_classifier') and parameter_type_id=(select id from parameter_type where name='categorical'))), 'None');
INSERT INTO categorical_parameter_value(parameter_type_definition_id, value) VALUES ((select id from parameter_type_definition where parameter_id=(select id from parameter where name='penalty' and model_id=(select id from model where name='perceptron_classifier') and parameter_type_id=(select id from parameter_type where name='categorical'))), 'l1');
INSERT INTO categorical_parameter_value(parameter_type_definition_id, value) VALUES ((select id from parameter_type_definition where parameter_id=(select id from parameter where name='penalty' and model_id=(select id from model where name='perceptron_classifier') and parameter_type_id=(select id from parameter_type where name='categorical'))), 'l2');
INSERT INTO categorical_parameter_value(parameter_type_definition_id, value) VALUES ((select id from parameter_type_definition where parameter_id=(select id from parameter where name='penalty' and model_id=(select id from model where name='perceptron_classifier') and parameter_type_id=(select id from parameter_type where name='categorical'))), 'elasticnet');
INSERT INTO categorical_parameter_value(parameter_type_definition_id, value) VALUES ((select id from parameter_type_definition where parameter_id=(select id from parameter where name='penalty' and model_id=(select id from model where name='perceptron_classifier') and parameter_type_id=(select id from parameter_type where name='categorical'))), 'None');
INSERT INTO boolean_parameter(parameter_type_definition_id, default_value) VALUES ((select id from parameter_type_definition where parameter_id=(select id from parameter where name='shuffle' and model_id=(select id from model where name='perceptron_classifier') and parameter_type_id=(select id from parameter_type where name='boolean'))), true);
INSERT INTO float_parameter(parameter_type_definition_id, default_value) VALUES ((select id from parameter_type_definition where parameter_id=(select id from parameter where name='tol' and model_id=(select id from model where name='perceptron_classifier') and parameter_type_id=(select id from parameter_type where name='float'))), 0.001000);
INSERT INTO float_parameter_range(parameter_type_definition_id, is_left_open, is_right_open, lower, upper) VALUES ((select id from parameter_type_definition where parameter_id=(select id from parameter where name='tol' and model_id=(select id from model where name='perceptron_classifier') and parameter_type_id=(select id from parameter_type where name='float'))), true, true, 0.000000, 1.000000);
INSERT INTO float_parameter(parameter_type_definition_id, default_value) VALUES ((select id from parameter_type_definition where parameter_id=(select id from parameter where name='validation_fraction' and model_id=(select id from model where name='perceptron_classifier') and parameter_type_id=(select id from parameter_type where name='float'))), 0.100000);
INSERT INTO float_parameter_range(parameter_type_definition_id, is_left_open, is_right_open, lower, upper) VALUES ((select id from parameter_type_definition where parameter_id=(select id from parameter where name='validation_fraction' and model_id=(select id from model where name='perceptron_classifier') and parameter_type_id=(select id from parameter_type where name='float'))), true, true, 0.000000, 0.999900);
INSERT INTO model(name, ml_task_id, description, display_name, structure_id, advantages, disadvantages, enabled, ensemble_type_id, family_type_id, decision_tree, model_type_id) VALUES ('hist_gradient_boosting_classifier', (select id from ml_task_type where name='classification'),'Histogram-based Gradient Boosting Classifier is much faster than the Gradient Boosting Classifier for big datasets (n_samples >= 10 000). It has native support for missing values (NaNs). During training, the tree grower learns at each split point whether samples with missing values should go to the left or right child, based on the potential gain. When predicting, samples with missing values are assigned to the left or right child consequently.', 'Histogram-based Gradient Boosting Classifier', (select id from model_structure_type where name='base'), '{It requires no pre-processing of data like the normalization and the scaling of data}', '{It is sensitive to outliers,It has the problem of overfitting,It is computationally expensive}', false, (select id from model_ensemble_type where name='other'),(select id from model_family_type where name='tree'), false, (select id from model_type where name='Tree-Based Model'));
INSERT INTO parameter(name, label, description, enabled, fixed_value, ordering, model_id) VALUES ('l2_regularization', 'L2 regularization', 'The L2 regularization parameter. Use 0 for no regularization.', true, false, 1, (select id from Model where name='hist_gradient_boosting_classifier'));
INSERT INTO parameter(name, label, description, enabled, fixed_value, ordering, model_id) VALUES ('learning_rate', 'Learning rate', 'Step size shrinkage used in update to prevents overfitting. After each boosting step, we can directly get the weights of new features, and eta shrinks the feature weights to make the boosting process more conservative.', false, false, 2, (select id from Model where name='hist_gradient_boosting_classifier'));
INSERT INTO parameter(name, label, description, enabled, fixed_value, ordering, model_id) VALUES ('loss', 'Loss', 'Loss function to be optimized.', true, false, 3, (select id from Model where name='hist_gradient_boosting_classifier'));
INSERT INTO parameter(name, label, description, enabled, fixed_value, ordering, model_id) VALUES ('max_bins', 'Maximum bins', 'The maximum number of bins to use for non-missing values.', false, false, 4, (select id from Model where name='hist_gradient_boosting_classifier'));
INSERT INTO parameter(name, label, description, enabled, fixed_value, ordering, model_id) VALUES ('max_depth', 'Maximum depth', 'The maximum depth of the tree. If None, then nodes are expanded until all leaves are pure or until all leaves contain less than min_samples_split samples.', true, false, 5, (select id from Model where name='hist_gradient_boosting_classifier'));
INSERT INTO parameter(name, label, description, enabled, fixed_value, ordering, model_id) VALUES ('max_iter', 'Maximum number of iterations', '    Maximum number of iterations taken for the solvers to converge.', false, false, 6, (select id from Model where name='hist_gradient_boosting_classifier'));
INSERT INTO parameter(name, label, description, enabled, fixed_value, ordering, model_id) VALUES ('max_leaf_nodes', 'Maximum number of nodes', 'Grow a tree with max_leaf_nodes in best-first fashion. Best nodes are defined as relative reduction in impurity. If None then unlimited number of leaf nodes.', true, false, 7, (select id from Model where name='hist_gradient_boosting_classifier'));
INSERT INTO parameter(name, label, description, enabled, fixed_value, ordering, model_id) VALUES ('min_samples_leaf', 'Minimum samples per leaf', 'The minimum number of samples required to be at a leaf node.', false, false, 8, (select id from Model where name='hist_gradient_boosting_classifier'));
INSERT INTO parameter(name, label, description, enabled, fixed_value, ordering, model_id) VALUES ('n_iter_no_change', 'Maximum number of iterations with no change', 'Maximum number of epochs to not meet tol improvement. Only effective when solver=''sgd'' or ''adam''.', false, false, 9, (select id from Model where name='hist_gradient_boosting_classifier'));
INSERT INTO parameter(name, label, description, enabled, fixed_value, ordering, model_id) VALUES ('tol', 'Tolerance', 'Maximum norm of the residual.', true, false, 10, (select id from Model where name='hist_gradient_boosting_classifier'));
INSERT INTO parameter(name, label, description, enabled, fixed_value, ordering, model_id) VALUES ('validation_fraction', 'Validation fraction', 'The proportion of training data to set aside as validation set for early stopping.', false, false, 11, (select id from Model where name='hist_gradient_boosting_classifier'));
INSERT INTO parameter_type_definition(parameter_id, parameter_type_id, parameter_distribution_type_id, ordering) VALUES ((select id from parameter where name='l2_regularization' and model_id=(select id from model where name='hist_gradient_boosting_classifier')), (select id from parameter_type where name='float'), (select id from parameter_distribution_type where name='uniform'), 0);
INSERT INTO parameter_type_definition(parameter_id, parameter_type_id, parameter_distribution_type_id, ordering) VALUES ((select id from parameter where name='learning_rate' and model_id=(select id from model where name='hist_gradient_boosting_classifier')), (select id from parameter_type where name='float'), (select id from parameter_distribution_type where name='uniform'), 0);
INSERT INTO parameter_type_definition(parameter_id, parameter_type_id, parameter_distribution_type_id, ordering) VALUES ((select id from parameter where name='loss' and model_id=(select id from model where name='hist_gradient_boosting_classifier')), (select id from parameter_type where name='categorical'), (select id from parameter_distribution_type where name='uniform'), 0);
INSERT INTO parameter_type_definition(parameter_id, parameter_type_id, parameter_distribution_type_id, ordering) VALUES ((select id from parameter where name='max_bins' and model_id=(select id from model where name='hist_gradient_boosting_classifier')), (select id from parameter_type where name='integer'), (select id from parameter_distribution_type where name='uniform'), 0);
INSERT INTO parameter_type_definition(parameter_id, parameter_type_id, parameter_distribution_type_id, ordering) VALUES ((select id from parameter where name='max_depth' and model_id=(select id from model where name='hist_gradient_boosting_classifier')), (select id from parameter_type where name='integer'), (select id from parameter_distribution_type where name='uniform'), 0);
INSERT INTO parameter_type_definition(parameter_id, parameter_type_id, parameter_distribution_type_id, ordering) VALUES ((select id from parameter where name='max_iter' and model_id=(select id from model where name='hist_gradient_boosting_classifier')), (select id from parameter_type where name='integer'), (select id from parameter_distribution_type where name='uniform'), 0);
INSERT INTO parameter_type_definition(parameter_id, parameter_type_id, parameter_distribution_type_id, ordering) VALUES ((select id from parameter where name='max_leaf_nodes' and model_id=(select id from model where name='hist_gradient_boosting_classifier')), (select id from parameter_type where name='integer'), (select id from parameter_distribution_type where name='uniform'), 0);
INSERT INTO parameter_type_definition(parameter_id, parameter_type_id, parameter_distribution_type_id, ordering) VALUES ((select id from parameter where name='min_samples_leaf' and model_id=(select id from model where name='hist_gradient_boosting_classifier')), (select id from parameter_type where name='integer'), (select id from parameter_distribution_type where name='uniform'), 0);
INSERT INTO parameter_type_definition(parameter_id, parameter_type_id, parameter_distribution_type_id, ordering) VALUES ((select id from parameter where name='n_iter_no_change' and model_id=(select id from model where name='hist_gradient_boosting_classifier')), (select id from parameter_type where name='integer'), (select id from parameter_distribution_type where name='uniform'), 0);
INSERT INTO parameter_type_definition(parameter_id, parameter_type_id, parameter_distribution_type_id, ordering) VALUES ((select id from parameter where name='tol' and model_id=(select id from model where name='hist_gradient_boosting_classifier')), (select id from parameter_type where name='float'), (select id from parameter_distribution_type where name='uniform'), 0);
INSERT INTO parameter_type_definition(parameter_id, parameter_type_id, parameter_distribution_type_id, ordering) VALUES ((select id from parameter where name='validation_fraction' and model_id=(select id from model where name='hist_gradient_boosting_classifier')), (select id from parameter_type where name='float'), (select id from parameter_distribution_type where name='uniform'), 0);
INSERT INTO float_parameter(parameter_type_definition_id, default_value) VALUES ((select id from parameter_type_definition where parameter_id=(select id from parameter where name='l2_regularization' and model_id=(select id from model where name='hist_gradient_boosting_classifier') and parameter_type_id=(select id from parameter_type where name='float'))), 0.000000);
INSERT INTO float_parameter_range(parameter_type_definition_id, is_left_open, is_right_open, lower, upper) VALUES ((select id from parameter_type_definition where parameter_id=(select id from parameter where name='l2_regularization' and model_id=(select id from model where name='hist_gradient_boosting_classifier') and parameter_type_id=(select id from parameter_type where name='float'))), true, true, 0.000000, 1.000000);
INSERT INTO float_parameter(parameter_type_definition_id, default_value) VALUES ((select id from parameter_type_definition where parameter_id=(select id from parameter where name='learning_rate' and model_id=(select id from model where name='hist_gradient_boosting_classifier') and parameter_type_id=(select id from parameter_type where name='float'))), 0.100000);
INSERT INTO float_parameter_range(parameter_type_definition_id, is_left_open, is_right_open, lower, upper) VALUES ((select id from parameter_type_definition where parameter_id=(select id from parameter where name='learning_rate' and model_id=(select id from model where name='hist_gradient_boosting_classifier') and parameter_type_id=(select id from parameter_type where name='float'))), true, true, 0.000100, 1.000000);
INSERT INTO categorical_parameter(parameter_type_definition_id, default_value) VALUES ((select id from parameter_type_definition where parameter_id=(select id from parameter where name='loss' and model_id=(select id from model where name='hist_gradient_boosting_classifier') and parameter_type_id=(select id from parameter_type where name='categorical'))), 'auto');
INSERT INTO categorical_parameter_value(parameter_type_definition_id, value) VALUES ((select id from parameter_type_definition where parameter_id=(select id from parameter where name='loss' and model_id=(select id from model where name='hist_gradient_boosting_classifier') and parameter_type_id=(select id from parameter_type where name='categorical'))), 'binary_crossentropy');
INSERT INTO categorical_parameter_value(parameter_type_definition_id, value) VALUES ((select id from parameter_type_definition where parameter_id=(select id from parameter where name='loss' and model_id=(select id from model where name='hist_gradient_boosting_classifier') and parameter_type_id=(select id from parameter_type where name='categorical'))), 'auto');
INSERT INTO categorical_parameter_value(parameter_type_definition_id, value) VALUES ((select id from parameter_type_definition where parameter_id=(select id from parameter where name='loss' and model_id=(select id from model where name='hist_gradient_boosting_classifier') and parameter_type_id=(select id from parameter_type where name='categorical'))), 'categorical_crossentropy');
INSERT INTO integer_parameter(parameter_type_definition_id, default_value) VALUES ((select id from parameter_type_definition where parameter_id=(select id from parameter where name='max_bins' and model_id=(select id from model where name='hist_gradient_boosting_classifier') and parameter_type_id=(select id from parameter_type where name='integer'))), 255);
INSERT INTO integer_parameter_value(parameter_type_definition_id, lower, upper) VALUES ((select id from parameter_type_definition where parameter_id=(select id from parameter where name='max_bins' and model_id=(select id from model where name='hist_gradient_boosting_classifier') and parameter_type_id=(select id from parameter_type where name='integer'))), 2, 256);
INSERT INTO integer_parameter(parameter_type_definition_id, default_value) VALUES ((select id from parameter_type_definition where parameter_id=(select id from parameter where name='max_depth' and model_id=(select id from model where name='hist_gradient_boosting_classifier') and parameter_type_id=(select id from parameter_type where name='integer'))), 10);
INSERT INTO integer_parameter_value(parameter_type_definition_id, lower, upper) VALUES ((select id from parameter_type_definition where parameter_id=(select id from parameter where name='max_depth' and model_id=(select id from model where name='hist_gradient_boosting_classifier') and parameter_type_id=(select id from parameter_type where name='integer'))), 3, 17);
INSERT INTO integer_parameter(parameter_type_definition_id, default_value) VALUES ((select id from parameter_type_definition where parameter_id=(select id from parameter where name='max_iter' and model_id=(select id from model where name='hist_gradient_boosting_classifier') and parameter_type_id=(select id from parameter_type where name='integer'))), 100);
INSERT INTO integer_parameter_value(parameter_type_definition_id, lower, upper) VALUES ((select id from parameter_type_definition where parameter_id=(select id from parameter where name='max_iter' and model_id=(select id from model where name='hist_gradient_boosting_classifier') and parameter_type_id=(select id from parameter_type where name='integer'))), 0, 201);
INSERT INTO integer_parameter(parameter_type_definition_id, default_value) VALUES ((select id from parameter_type_definition where parameter_id=(select id from parameter where name='max_leaf_nodes' and model_id=(select id from model where name='hist_gradient_boosting_classifier') and parameter_type_id=(select id from parameter_type where name='integer'))), 31);
INSERT INTO integer_parameter_value(parameter_type_definition_id, lower, upper) VALUES ((select id from parameter_type_definition where parameter_id=(select id from parameter where name='max_leaf_nodes' and model_id=(select id from model where name='hist_gradient_boosting_classifier') and parameter_type_id=(select id from parameter_type where name='integer'))), 2, 101);
INSERT INTO integer_parameter(parameter_type_definition_id, default_value) VALUES ((select id from parameter_type_definition where parameter_id=(select id from parameter where name='min_samples_leaf' and model_id=(select id from model where name='hist_gradient_boosting_classifier') and parameter_type_id=(select id from parameter_type where name='integer'))), 20);
INSERT INTO integer_parameter_value(parameter_type_definition_id, lower, upper) VALUES ((select id from parameter_type_definition where parameter_id=(select id from parameter where name='min_samples_leaf' and model_id=(select id from model where name='hist_gradient_boosting_classifier') and parameter_type_id=(select id from parameter_type where name='integer'))), 0, 51);
INSERT INTO integer_parameter(parameter_type_definition_id, default_value) VALUES ((select id from parameter_type_definition where parameter_id=(select id from parameter where name='n_iter_no_change' and model_id=(select id from model where name='hist_gradient_boosting_classifier') and parameter_type_id=(select id from parameter_type where name='integer'))), 10);
INSERT INTO integer_parameter_value(parameter_type_definition_id, lower, upper) VALUES ((select id from parameter_type_definition where parameter_id=(select id from parameter where name='n_iter_no_change' and model_id=(select id from model where name='hist_gradient_boosting_classifier') and parameter_type_id=(select id from parameter_type where name='integer'))), 1, 11);
INSERT INTO float_parameter(parameter_type_definition_id, default_value) VALUES ((select id from parameter_type_definition where parameter_id=(select id from parameter where name='tol' and model_id=(select id from model where name='hist_gradient_boosting_classifier') and parameter_type_id=(select id from parameter_type where name='float'))), 0.000000);
INSERT INTO float_parameter_range(parameter_type_definition_id, is_left_open, is_right_open, lower, upper) VALUES ((select id from parameter_type_definition where parameter_id=(select id from parameter where name='tol' and model_id=(select id from model where name='hist_gradient_boosting_classifier') and parameter_type_id=(select id from parameter_type where name='float'))), true, true, 0.000000, 1.000000);
INSERT INTO float_parameter(parameter_type_definition_id, default_value) VALUES ((select id from parameter_type_definition where parameter_id=(select id from parameter where name='validation_fraction' and model_id=(select id from model where name='hist_gradient_boosting_classifier') and parameter_type_id=(select id from parameter_type where name='float'))), 0.100000);
INSERT INTO float_parameter_range(parameter_type_definition_id, is_left_open, is_right_open, lower, upper) VALUES ((select id from parameter_type_definition where parameter_id=(select id from parameter where name='validation_fraction' and model_id=(select id from model where name='hist_gradient_boosting_classifier') and parameter_type_id=(select id from parameter_type where name='float'))), true, true, 0.000000, 0.999900);
INSERT INTO model(name, ml_task_id, description, display_name, structure_id, advantages, disadvantages, enabled, ensemble_type_id, family_type_id, decision_tree, model_type_id) VALUES ('gaussian_naivebayes_classifier', (select id from ml_task_type where name='classification'),'Gaussian Naive Bayes Classifier implements the Gaussian Naive Bayes training and classification algorithm for classification. The likelihood of the features is assumed to be Gaussian. It can perform online updates to model parameters via partial_fit.', 'Gaussian Naive Bayes Classifier', (select id from model_structure_type where name='base'), '{It is computational efficient,It performs well on small amounts of data,It can handle irrelevant features nicely}', '{It has a strong assumption based on the shape of data,It is not stable}', true, (select id from model_ensemble_type where name='none'),(select id from model_family_type where name='other'), false, (select id from model_type where name='Bayesian Model'));
INSERT INTO parameter(name, label, description, enabled, fixed_value, ordering, model_id) VALUES ('var_smoothing', 'Var smoothing', 'Portion of the largest variance of all features that is added to variances for calculation stability.', true, false, 1, (select id from Model where name='gaussian_naivebayes_classifier'));
INSERT INTO parameter_type_definition(parameter_id, parameter_type_id, parameter_distribution_type_id, ordering) VALUES ((select id from parameter where name='var_smoothing' and model_id=(select id from model where name='gaussian_naivebayes_classifier')), (select id from parameter_type where name='float'), (select id from parameter_distribution_type where name='uniform'), 0);
INSERT INTO float_parameter(parameter_type_definition_id, default_value) VALUES ((select id from parameter_type_definition where parameter_id=(select id from parameter where name='var_smoothing' and model_id=(select id from model where name='gaussian_naivebayes_classifier') and parameter_type_id=(select id from parameter_type where name='float'))), 0.000000);
INSERT INTO float_parameter_range(parameter_type_definition_id, is_left_open, is_right_open, lower, upper) VALUES ((select id from parameter_type_definition where parameter_id=(select id from parameter where name='var_smoothing' and model_id=(select id from model where name='gaussian_naivebayes_classifier') and parameter_type_id=(select id from parameter_type where name='float'))), true, true, 0.000000, 1.000000);
INSERT INTO model(name, ml_task_id, description, display_name, structure_id, advantages, disadvantages, enabled, ensemble_type_id, family_type_id, decision_tree, model_type_id) VALUES ('decision_tree_classifier', (select id from ml_task_type where name='classification'),'Decision Trees Regressor predicts the value of a target variable by learning simple decision rules inferred from the data features.', 'Decision Tree Classifier', (select id from model_structure_type where name='base'), '{It requires no pre-processing of data like the normalization and the scaling of data  Missing values in the data also do not affect}', '{A small change in the data can cause a large change,It is computational expensive}', true, (select id from model_ensemble_type where name='none'),(select id from model_family_type where name='tree'), true, (select id from model_type where name='Tree-Based Model'));
INSERT INTO rel_model__groups(model_id, group_id) VALUES ((select id from Model where name='decision_tree_classifier'),(select id from model_group_type where name='fast'));
INSERT INTO rel_model__groups(model_id, group_id) VALUES ((select id from Model where name='decision_tree_classifier'),(select id from model_group_type where name='explainable'));
INSERT INTO parameter(name, label, description, enabled, fixed_value, ordering, model_id) VALUES ('ccp_alpha', 'Cost-Complexity Pruning alpha', 'Complexity parameter used for Minimal Cost-Complexity Pruning. The subtree with the largest cost complexity that is smaller than ccp_alpha will be chosen. By default, no pruning is performed.', true, false, 1, (select id from Model where name='decision_tree_classifier'));
INSERT INTO parameter(name, label, description, enabled, fixed_value, ordering, model_id) VALUES ('class_weight', 'Class weight', 'Sets the weights for all classes. If None, all classes are supposed to have weight one. The “balanced” mode uses the values of y to automatically adjust weights inversely proportional to class frequencies in the input data as n_samples / (n_classes * np.bincount(y)).', false, false, 2, (select id from Model where name='decision_tree_classifier'));
INSERT INTO parameter(name, label, description, enabled, fixed_value, ordering, model_id) VALUES ('criterion', 'Criterion', 'The function to measure the quality of a split.', false, false, 3, (select id from Model where name='decision_tree_classifier'));
INSERT INTO parameter(name, label, description, enabled, fixed_value, ordering, model_id) VALUES ('max_depth', 'Maximum depth', 'The maximum depth of the tree. If None, then nodes are expanded until all leaves are pure or until all leaves contain less than min_samples_split samples.', true, false, 4, (select id from Model where name='decision_tree_classifier'));
INSERT INTO parameter(name, label, description, enabled, fixed_value, ordering, model_id) VALUES ('max_features', 'Maximum features', 'The number of features to draw from X to train each base estimator.', true, false, 5, (select id from Model where name='decision_tree_classifier'));
INSERT INTO parameter(name, label, description, enabled, fixed_value, ordering, model_id) VALUES ('max_leaf_nodes', 'Maximum number of nodes', 'Grow a tree with max_leaf_nodes in best-first fashion. Best nodes are defined as relative reduction in impurity.', true, false, 6, (select id from Model where name='decision_tree_classifier'));
INSERT INTO parameter(name, label, description, enabled, fixed_value, ordering, model_id) VALUES ('min_impurity_decrease', 'Minimum impurity decrease', 'A node will be split if this split induces a decrease of the impurity greater than or equal to this value.', false, false, 7, (select id from Model where name='decision_tree_classifier'));
INSERT INTO parameter(name, label, description, enabled, fixed_value, ordering, model_id) VALUES ('min_samples_leaf', 'Minimum samples per leaf', 'The minimum number of samples required to be at a leaf node.', false, false, 8, (select id from Model where name='decision_tree_classifier'));
INSERT INTO parameter(name, label, description, enabled, fixed_value, ordering, model_id) VALUES ('min_samples_split', 'Minimum sample split', 'The minimum number of samples required to split an internal node expressed as a fraction of all training samples.', true, false, 9, (select id from Model where name='decision_tree_classifier'));
INSERT INTO parameter(name, label, description, enabled, fixed_value, ordering, model_id) VALUES ('min_weight_fraction_leaf', 'Minimum weighted sum per leaf', 'The minimum weighted fraction of the sum total of weights (of all the input samples) required to be at a leaf node. Samples have equal weight when sample_weight is not provided.', false, false, 10, (select id from Model where name='decision_tree_classifier'));
INSERT INTO parameter(name, label, description, enabled, fixed_value, ordering, model_id) VALUES ('splitter', 'Splitter', 'The strategy used to choose the split at each node.', false, false, 11, (select id from Model where name='decision_tree_classifier'));
INSERT INTO parameter_type_definition(parameter_id, parameter_type_id, parameter_distribution_type_id, ordering) VALUES ((select id from parameter where name='ccp_alpha' and model_id=(select id from model where name='decision_tree_classifier')), (select id from parameter_type where name='float'), (select id from parameter_distribution_type where name='uniform'), 0);
INSERT INTO parameter_type_definition(parameter_id, parameter_type_id, parameter_distribution_type_id, ordering) VALUES ((select id from parameter where name='class_weight' and model_id=(select id from model where name='decision_tree_classifier')), (select id from parameter_type where name='categorical'), (select id from parameter_distribution_type where name='uniform'), 0);
INSERT INTO parameter_type_definition(parameter_id, parameter_type_id, parameter_distribution_type_id, ordering) VALUES ((select id from parameter where name='criterion' and model_id=(select id from model where name='decision_tree_classifier')), (select id from parameter_type where name='categorical'), (select id from parameter_distribution_type where name='uniform'), 0);
INSERT INTO parameter_type_definition(parameter_id, parameter_type_id, parameter_distribution_type_id, ordering) VALUES ((select id from parameter where name='max_depth' and model_id=(select id from model where name='decision_tree_classifier')), (select id from parameter_type where name='integer'), (select id from parameter_distribution_type where name='uniform'), 0);
INSERT INTO parameter_type_definition(parameter_id, parameter_type_id, parameter_distribution_type_id, ordering) VALUES ((select id from parameter where name='max_features' and model_id=(select id from model where name='decision_tree_classifier')), (select id from parameter_type where name='categorical'), (select id from parameter_distribution_type where name='uniform'), 0);
INSERT INTO parameter_type_definition(parameter_id, parameter_type_id, parameter_distribution_type_id, ordering) VALUES ((select id from parameter where name='max_features' and model_id=(select id from model where name='decision_tree_classifier')), (select id from parameter_type where name='float'), (select id from parameter_distribution_type where name='uniform'), 1);
INSERT INTO parameter_type_definition(parameter_id, parameter_type_id, parameter_distribution_type_id, ordering) VALUES ((select id from parameter where name='max_leaf_nodes' and model_id=(select id from model where name='decision_tree_classifier')), (select id from parameter_type where name='integer'), (select id from parameter_distribution_type where name='uniform'), 0);
INSERT INTO parameter_type_definition(parameter_id, parameter_type_id, parameter_distribution_type_id, ordering) VALUES ((select id from parameter where name='min_impurity_decrease' and model_id=(select id from model where name='decision_tree_classifier')), (select id from parameter_type where name='float'), (select id from parameter_distribution_type where name='uniform'), 0);
INSERT INTO parameter_type_definition(parameter_id, parameter_type_id, parameter_distribution_type_id, ordering) VALUES ((select id from parameter where name='min_samples_leaf' and model_id=(select id from model where name='decision_tree_classifier')), (select id from parameter_type where name='integer'), (select id from parameter_distribution_type where name='uniform'), 0);
INSERT INTO parameter_type_definition(parameter_id, parameter_type_id, parameter_distribution_type_id, ordering) VALUES ((select id from parameter where name='min_samples_split' and model_id=(select id from model where name='decision_tree_classifier')), (select id from parameter_type where name='float'), (select id from parameter_distribution_type where name='uniform'), 0);
INSERT INTO parameter_type_definition(parameter_id, parameter_type_id, parameter_distribution_type_id, ordering) VALUES ((select id from parameter where name='min_weight_fraction_leaf' and model_id=(select id from model where name='decision_tree_classifier')), (select id from parameter_type where name='float'), (select id from parameter_distribution_type where name='uniform'), 0);
INSERT INTO parameter_type_definition(parameter_id, parameter_type_id, parameter_distribution_type_id, ordering) VALUES ((select id from parameter where name='splitter' and model_id=(select id from model where name='decision_tree_classifier')), (select id from parameter_type where name='categorical'), (select id from parameter_distribution_type where name='uniform'), 0);
INSERT INTO float_parameter(parameter_type_definition_id, default_value) VALUES ((select id from parameter_type_definition where parameter_id=(select id from parameter where name='ccp_alpha' and model_id=(select id from model where name='decision_tree_classifier') and parameter_type_id=(select id from parameter_type where name='float'))), 0.000000);
INSERT INTO float_parameter_range(parameter_type_definition_id, is_left_open, is_right_open, lower, upper) VALUES ((select id from parameter_type_definition where parameter_id=(select id from parameter where name='ccp_alpha' and model_id=(select id from model where name='decision_tree_classifier') and parameter_type_id=(select id from parameter_type where name='float'))), true, true, 0.000000, 1.000000);
INSERT INTO categorical_parameter(parameter_type_definition_id, default_value) VALUES ((select id from parameter_type_definition where parameter_id=(select id from parameter where name='class_weight' and model_id=(select id from model where name='decision_tree_classifier') and parameter_type_id=(select id from parameter_type where name='categorical'))), 'None');
INSERT INTO categorical_parameter_value(parameter_type_definition_id, value) VALUES ((select id from parameter_type_definition where parameter_id=(select id from parameter where name='class_weight' and model_id=(select id from model where name='decision_tree_classifier') and parameter_type_id=(select id from parameter_type where name='categorical'))), 'balanced');
INSERT INTO categorical_parameter_value(parameter_type_definition_id, value) VALUES ((select id from parameter_type_definition where parameter_id=(select id from parameter where name='class_weight' and model_id=(select id from model where name='decision_tree_classifier') and parameter_type_id=(select id from parameter_type where name='categorical'))), 'None');
INSERT INTO categorical_parameter(parameter_type_definition_id, default_value) VALUES ((select id from parameter_type_definition where parameter_id=(select id from parameter where name='criterion' and model_id=(select id from model where name='decision_tree_classifier') and parameter_type_id=(select id from parameter_type where name='categorical'))), 'gini');
INSERT INTO categorical_parameter_value(parameter_type_definition_id, value) VALUES ((select id from parameter_type_definition where parameter_id=(select id from parameter where name='criterion' and model_id=(select id from model where name='decision_tree_classifier') and parameter_type_id=(select id from parameter_type where name='categorical'))), 'entropy');
INSERT INTO categorical_parameter_value(parameter_type_definition_id, value) VALUES ((select id from parameter_type_definition where parameter_id=(select id from parameter where name='criterion' and model_id=(select id from model where name='decision_tree_classifier') and parameter_type_id=(select id from parameter_type where name='categorical'))), 'gini');
INSERT INTO integer_parameter(parameter_type_definition_id, default_value) VALUES ((select id from parameter_type_definition where parameter_id=(select id from parameter where name='max_depth' and model_id=(select id from model where name='decision_tree_classifier') and parameter_type_id=(select id from parameter_type where name='integer'))), 10);
INSERT INTO integer_parameter_value(parameter_type_definition_id, lower, upper) VALUES ((select id from parameter_type_definition where parameter_id=(select id from parameter where name='max_depth' and model_id=(select id from model where name='decision_tree_classifier') and parameter_type_id=(select id from parameter_type where name='integer'))), 3, 17);
INSERT INTO categorical_parameter(parameter_type_definition_id, default_value) VALUES ((select id from parameter_type_definition where parameter_id=(select id from parameter where name='max_features' and model_id=(select id from model where name='decision_tree_classifier') and parameter_type_id=(select id from parameter_type where name='categorical'))), null);
INSERT INTO categorical_parameter_value(parameter_type_definition_id, value) VALUES ((select id from parameter_type_definition where parameter_id=(select id from parameter where name='max_features' and model_id=(select id from model where name='decision_tree_classifier') and parameter_type_id=(select id from parameter_type where name='categorical'))), 'sqrt');
INSERT INTO categorical_parameter_value(parameter_type_definition_id, value) VALUES ((select id from parameter_type_definition where parameter_id=(select id from parameter where name='max_features' and model_id=(select id from model where name='decision_tree_classifier') and parameter_type_id=(select id from parameter_type where name='categorical'))), 'log2');
INSERT INTO float_parameter(parameter_type_definition_id, default_value) VALUES ((select id from parameter_type_definition where parameter_id=(select id from parameter where name='max_features' and model_id=(select id from model where name='decision_tree_classifier') and parameter_type_id=(select id from parameter_type where name='float'))), 1.000000);
INSERT INTO float_parameter_range(parameter_type_definition_id, is_left_open, is_right_open, lower, upper) VALUES ((select id from parameter_type_definition where parameter_id=(select id from parameter where name='max_features' and model_id=(select id from model where name='decision_tree_classifier') and parameter_type_id=(select id from parameter_type where name='float'))), true, true, 0.100000, 1.000000);
INSERT INTO integer_parameter(parameter_type_definition_id, default_value) VALUES ((select id from parameter_type_definition where parameter_id=(select id from parameter where name='max_leaf_nodes' and model_id=(select id from model where name='decision_tree_classifier') and parameter_type_id=(select id from parameter_type where name='integer'))), 1024);
INSERT INTO integer_parameter_value(parameter_type_definition_id, lower, upper) VALUES ((select id from parameter_type_definition where parameter_id=(select id from parameter where name='max_leaf_nodes' and model_id=(select id from model where name='decision_tree_classifier') and parameter_type_id=(select id from parameter_type where name='integer'))), 2, 1025);
INSERT INTO float_parameter(parameter_type_definition_id, default_value) VALUES ((select id from parameter_type_definition where parameter_id=(select id from parameter where name='min_impurity_decrease' and model_id=(select id from model where name='decision_tree_classifier') and parameter_type_id=(select id from parameter_type where name='float'))), 0.000000);
INSERT INTO float_parameter_range(parameter_type_definition_id, is_left_open, is_right_open, lower, upper) VALUES ((select id from parameter_type_definition where parameter_id=(select id from parameter where name='min_impurity_decrease' and model_id=(select id from model where name='decision_tree_classifier') and parameter_type_id=(select id from parameter_type where name='float'))), true, true, 0.000000, 1.000000);
INSERT INTO integer_parameter(parameter_type_definition_id, default_value) VALUES ((select id from parameter_type_definition where parameter_id=(select id from parameter where name='min_samples_leaf' and model_id=(select id from model where name='decision_tree_classifier') and parameter_type_id=(select id from parameter_type where name='integer'))), 1);
INSERT INTO integer_parameter_value(parameter_type_definition_id, lower, upper) VALUES ((select id from parameter_type_definition where parameter_id=(select id from parameter where name='min_samples_leaf' and model_id=(select id from model where name='decision_tree_classifier') and parameter_type_id=(select id from parameter_type where name='integer'))), 1, 21);
INSERT INTO float_parameter(parameter_type_definition_id, default_value) VALUES ((select id from parameter_type_definition where parameter_id=(select id from parameter where name='min_samples_split' and model_id=(select id from model where name='decision_tree_classifier') and parameter_type_id=(select id from parameter_type where name='float'))), 0.000100);
INSERT INTO float_parameter_range(parameter_type_definition_id, is_left_open, is_right_open, lower, upper) VALUES ((select id from parameter_type_definition where parameter_id=(select id from parameter where name='min_samples_split' and model_id=(select id from model where name='decision_tree_classifier') and parameter_type_id=(select id from parameter_type where name='float'))), true, true, 0.000100, 0.150000);
INSERT INTO float_parameter(parameter_type_definition_id, default_value) VALUES ((select id from parameter_type_definition where parameter_id=(select id from parameter where name='min_weight_fraction_leaf' and model_id=(select id from model where name='decision_tree_classifier') and parameter_type_id=(select id from parameter_type where name='float'))), 0.000000);
INSERT INTO float_parameter_range(parameter_type_definition_id, is_left_open, is_right_open, lower, upper) VALUES ((select id from parameter_type_definition where parameter_id=(select id from parameter where name='min_weight_fraction_leaf' and model_id=(select id from model where name='decision_tree_classifier') and parameter_type_id=(select id from parameter_type where name='float'))), true, true, 0.000000, 0.500000);
INSERT INTO categorical_parameter(parameter_type_definition_id, default_value) VALUES ((select id from parameter_type_definition where parameter_id=(select id from parameter where name='splitter' and model_id=(select id from model where name='decision_tree_classifier') and parameter_type_id=(select id from parameter_type where name='categorical'))), 'best');
INSERT INTO categorical_parameter_value(parameter_type_definition_id, value) VALUES ((select id from parameter_type_definition where parameter_id=(select id from parameter where name='splitter' and model_id=(select id from model where name='decision_tree_classifier') and parameter_type_id=(select id from parameter_type where name='categorical'))), 'best');
INSERT INTO categorical_parameter_value(parameter_type_definition_id, value) VALUES ((select id from parameter_type_definition where parameter_id=(select id from parameter where name='splitter' and model_id=(select id from model where name='decision_tree_classifier') and parameter_type_id=(select id from parameter_type where name='categorical'))), 'random');
INSERT INTO model(name, ml_task_id, description, display_name, structure_id, advantages, disadvantages, enabled, ensemble_type_id, family_type_id, decision_tree, model_type_id) VALUES ('prior_dummy_classifier', (select id from ml_task_type where name='classification'),'The prior dummy classifier always returns the most frequent class label from the training data. It''s prediction probabilities match the class distribution of the training data.', 'Prior Dummy Classifier', (select id from model_structure_type where name='base'), '{Easily explainable.,Fast to train.,Provides a reference with which to compare other models.}', '{Ignores all feature information.,Poor performance.}', true, (select id from model_ensemble_type where name='none'),(select id from model_family_type where name='other'), false, (select id from model_type where name='Baseline Model'));
INSERT INTO model(name, ml_task_id, description, display_name, structure_id, advantages, disadvantages, enabled, ensemble_type_id, family_type_id, decision_tree, model_type_id) VALUES ('extra_trees_classifier', (select id from ml_task_type where name='classification'),'The Extremely Randomized Trees (Extra-Trees) Classifier is an ensemble model that builds multiple randomized decision trees and averages their predictions. This approach aims to improve accuracy and reduce overfitting.', 'Extremely Randomized Tree Ensemble Classifier', (select id from model_structure_type where name='base'), '{Robust to overfitting,Highly parallelizable,Provides feature importance,Quick to train,Versatile}', '{Low interpretability,High memory usage,Predictive variability,Less accurate than some boosting methods,Requires hyperparameter tuning}', true, (select id from model_ensemble_type where name='forest'),(select id from model_family_type where name='tree'), false, (select id from model_type where name='Tree-Based Model'));
INSERT INTO parameter(name, label, description, enabled, fixed_value, ordering, model_id) VALUES ('bootstrap', 'Bootstrap', 'Whether bootstrap samples are used when building trees. If False, the whole dataset is used to build each tree.', false, false, 1, (select id from Model where name='extra_trees_classifier'));
INSERT INTO parameter(name, label, description, enabled, fixed_value, ordering, model_id) VALUES ('ccp_alpha', 'Cost-Complexity Pruning alpha', 'Complexity parameter used for Minimal Cost-Complexity Pruning. The subtree with the largest cost complexity that is smaller than ccp_alpha will be chosen. By default, no pruning is performed.', false, false, 2, (select id from Model where name='extra_trees_classifier'));
INSERT INTO parameter(name, label, description, enabled, fixed_value, ordering, model_id) VALUES ('class_weight', 'Class weight', 'Sets the weights for all classes. If None, all classes are supposed to have weight one. The “balanced” mode uses the values of y to automatically adjust weights inversely proportional to class frequencies in the input data as n_samples / (n_classes * np.bincount(y)). The “balanced_subsample” mode is the same as “balanced” except that weights are computed based on the bootstrap sample for every tree grown.', false, false, 3, (select id from Model where name='extra_trees_classifier'));
INSERT INTO parameter(name, label, description, enabled, fixed_value, ordering, model_id) VALUES ('criterion', 'Criterion', 'The function to measure the quality of a split.', false, false, 4, (select id from Model where name='extra_trees_classifier'));
INSERT INTO parameter(name, label, description, enabled, fixed_value, ordering, model_id) VALUES ('max_depth', 'Maximum depth', 'The maximum depth of the tree. If None, then nodes are expanded until all leaves are pure or until all leaves contain less than min_samples_split samples.', true, false, 5, (select id from Model where name='extra_trees_classifier'));
INSERT INTO parameter(name, label, description, enabled, fixed_value, ordering, model_id) VALUES ('max_features', 'Maximum features', 'The number of features to draw from X to train each base estimator.', false, false, 6, (select id from Model where name='extra_trees_classifier'));
INSERT INTO parameter(name, label, description, enabled, fixed_value, ordering, model_id) VALUES ('max_leaf_nodes', 'Maximum number of nodes', 'Grow a tree with max_leaf_nodes in best-first fashion. Best nodes are defined as relative reduction in impurity.', false, false, 7, (select id from Model where name='extra_trees_classifier'));
INSERT INTO parameter(name, label, description, enabled, fixed_value, ordering, model_id) VALUES ('max_samples', 'Maximum samples', 'The number of samples to draw from X to train each base estimator.', false, false, 8, (select id from Model where name='extra_trees_classifier'));
INSERT INTO parameter(name, label, description, enabled, fixed_value, ordering, model_id) VALUES ('min_impurity_decrease', 'Minimum impurity decrease', 'A node will be split if this split induces a decrease of the impurity greater than or equal to this value.', false, false, 9, (select id from Model where name='extra_trees_classifier'));
INSERT INTO parameter(name, label, description, enabled, fixed_value, ordering, model_id) VALUES ('min_samples_leaf', 'Minimum samples per leaf', 'The minimum number of samples required to be at a leaf node.', false, false, 10, (select id from Model where name='extra_trees_classifier'));
INSERT INTO parameter(name, label, description, enabled, fixed_value, ordering, model_id) VALUES ('min_samples_split', 'Minimum sample split', 'The minimum number of samples required to split an internal node.', false, false, 11, (select id from Model where name='extra_trees_classifier'));
INSERT INTO parameter(name, label, description, enabled, fixed_value, ordering, model_id) VALUES ('min_weight_fraction_leaf', 'Minimum weighted sum per leaf', 'The minimum weighted fraction of the sum total of weights (of all the input samples) required to be at a leaf node. Samples have equal weight when sample_weight is not provided.', false, false, 12, (select id from Model where name='extra_trees_classifier'));
INSERT INTO parameter(name, label, description, enabled, fixed_value, ordering, model_id) VALUES ('n_estimators', 'Number of estimators', 'The number of base estimators in the ensemble.', false, false, 13, (select id from Model where name='extra_trees_classifier'));
INSERT INTO parameter_type_definition(parameter_id, parameter_type_id, parameter_distribution_type_id, ordering) VALUES ((select id from parameter where name='bootstrap' and model_id=(select id from model where name='extra_trees_classifier')), (select id from parameter_type where name='boolean'), (select id from parameter_distribution_type where name='uniform'), 0);
INSERT INTO parameter_type_definition(parameter_id, parameter_type_id, parameter_distribution_type_id, ordering) VALUES ((select id from parameter where name='ccp_alpha' and model_id=(select id from model where name='extra_trees_classifier')), (select id from parameter_type where name='float'), (select id from parameter_distribution_type where name='uniform'), 0);
INSERT INTO parameter_type_definition(parameter_id, parameter_type_id, parameter_distribution_type_id, ordering) VALUES ((select id from parameter where name='class_weight' and model_id=(select id from model where name='extra_trees_classifier')), (select id from parameter_type where name='categorical'), (select id from parameter_distribution_type where name='uniform'), 0);
INSERT INTO parameter_type_definition(parameter_id, parameter_type_id, parameter_distribution_type_id, ordering) VALUES ((select id from parameter where name='criterion' and model_id=(select id from model where name='extra_trees_classifier')), (select id from parameter_type where name='categorical'), (select id from parameter_distribution_type where name='uniform'), 0);
INSERT INTO parameter_type_definition(parameter_id, parameter_type_id, parameter_distribution_type_id, ordering) VALUES ((select id from parameter where name='max_depth' and model_id=(select id from model where name='extra_trees_classifier')), (select id from parameter_type where name='integer'), (select id from parameter_distribution_type where name='uniform'), 0);
INSERT INTO parameter_type_definition(parameter_id, parameter_type_id, parameter_distribution_type_id, ordering) VALUES ((select id from parameter where name='max_features' and model_id=(select id from model where name='extra_trees_classifier')), (select id from parameter_type where name='categorical'), (select id from parameter_distribution_type where name='uniform'), 0);
INSERT INTO parameter_type_definition(parameter_id, parameter_type_id, parameter_distribution_type_id, ordering) VALUES ((select id from parameter where name='max_features' and model_id=(select id from model where name='extra_trees_classifier')), (select id from parameter_type where name='float'), (select id from parameter_distribution_type where name='uniform'), 1);
INSERT INTO parameter_type_definition(parameter_id, parameter_type_id, parameter_distribution_type_id, ordering) VALUES ((select id from parameter where name='max_leaf_nodes' and model_id=(select id from model where name='extra_trees_classifier')), (select id from parameter_type where name='integer'), (select id from parameter_distribution_type where name='uniform'), 0);
INSERT INTO parameter_type_definition(parameter_id, parameter_type_id, parameter_distribution_type_id, ordering) VALUES ((select id from parameter where name='max_samples' and model_id=(select id from model where name='extra_trees_classifier')), (select id from parameter_type where name='categorical'), (select id from parameter_distribution_type where name='uniform'), 0);
INSERT INTO parameter_type_definition(parameter_id, parameter_type_id, parameter_distribution_type_id, ordering) VALUES ((select id from parameter where name='max_samples' and model_id=(select id from model where name='extra_trees_classifier')), (select id from parameter_type where name='float'), (select id from parameter_distribution_type where name='uniform'), 1);
INSERT INTO parameter_type_definition(parameter_id, parameter_type_id, parameter_distribution_type_id, ordering) VALUES ((select id from parameter where name='min_impurity_decrease' and model_id=(select id from model where name='extra_trees_classifier')), (select id from parameter_type where name='float'), (select id from parameter_distribution_type where name='uniform'), 0);
INSERT INTO parameter_type_definition(parameter_id, parameter_type_id, parameter_distribution_type_id, ordering) VALUES ((select id from parameter where name='min_samples_leaf' and model_id=(select id from model where name='extra_trees_classifier')), (select id from parameter_type where name='float'), (select id from parameter_distribution_type where name='uniform'), 0);
INSERT INTO parameter_type_definition(parameter_id, parameter_type_id, parameter_distribution_type_id, ordering) VALUES ((select id from parameter where name='min_samples_split' and model_id=(select id from model where name='extra_trees_classifier')), (select id from parameter_type where name='float'), (select id from parameter_distribution_type where name='uniform'), 0);
INSERT INTO parameter_type_definition(parameter_id, parameter_type_id, parameter_distribution_type_id, ordering) VALUES ((select id from parameter where name='min_weight_fraction_leaf' and model_id=(select id from model where name='extra_trees_classifier')), (select id from parameter_type where name='float'), (select id from parameter_distribution_type where name='uniform'), 0);
INSERT INTO parameter_type_definition(parameter_id, parameter_type_id, parameter_distribution_type_id, ordering) VALUES ((select id from parameter where name='n_estimators' and model_id=(select id from model where name='extra_trees_classifier')), (select id from parameter_type where name='integer'), (select id from parameter_distribution_type where name='uniform'), 0);
INSERT INTO boolean_parameter(parameter_type_definition_id, default_value) VALUES ((select id from parameter_type_definition where parameter_id=(select id from parameter where name='bootstrap' and model_id=(select id from model where name='extra_trees_classifier') and parameter_type_id=(select id from parameter_type where name='boolean'))), true);
INSERT INTO float_parameter(parameter_type_definition_id, default_value) VALUES ((select id from parameter_type_definition where parameter_id=(select id from parameter where name='ccp_alpha' and model_id=(select id from model where name='extra_trees_classifier') and parameter_type_id=(select id from parameter_type where name='float'))), 0.000000);
INSERT INTO float_parameter_range(parameter_type_definition_id, is_left_open, is_right_open, lower, upper) VALUES ((select id from parameter_type_definition where parameter_id=(select id from parameter where name='ccp_alpha' and model_id=(select id from model where name='extra_trees_classifier') and parameter_type_id=(select id from parameter_type where name='float'))), true, true, 0.000000, 0.100000);
INSERT INTO categorical_parameter(parameter_type_definition_id, default_value) VALUES ((select id from parameter_type_definition where parameter_id=(select id from parameter where name='class_weight' and model_id=(select id from model where name='extra_trees_classifier') and parameter_type_id=(select id from parameter_type where name='categorical'))), 'None');
INSERT INTO categorical_parameter_value(parameter_type_definition_id, value) VALUES ((select id from parameter_type_definition where parameter_id=(select id from parameter where name='class_weight' and model_id=(select id from model where name='extra_trees_classifier') and parameter_type_id=(select id from parameter_type where name='categorical'))), 'balanced');
INSERT INTO categorical_parameter_value(parameter_type_definition_id, value) VALUES ((select id from parameter_type_definition where parameter_id=(select id from parameter where name='class_weight' and model_id=(select id from model where name='extra_trees_classifier') and parameter_type_id=(select id from parameter_type where name='categorical'))), 'balanced_subsample');
INSERT INTO categorical_parameter_value(parameter_type_definition_id, value) VALUES ((select id from parameter_type_definition where parameter_id=(select id from parameter where name='class_weight' and model_id=(select id from model where name='extra_trees_classifier') and parameter_type_id=(select id from parameter_type where name='categorical'))), 'None');
INSERT INTO categorical_parameter(parameter_type_definition_id, default_value) VALUES ((select id from parameter_type_definition where parameter_id=(select id from parameter where name='criterion' and model_id=(select id from model where name='extra_trees_classifier') and parameter_type_id=(select id from parameter_type where name='categorical'))), 'gini');
INSERT INTO categorical_parameter_value(parameter_type_definition_id, value) VALUES ((select id from parameter_type_definition where parameter_id=(select id from parameter where name='criterion' and model_id=(select id from model where name='extra_trees_classifier') and parameter_type_id=(select id from parameter_type where name='categorical'))), 'entropy');
INSERT INTO categorical_parameter_value(parameter_type_definition_id, value) VALUES ((select id from parameter_type_definition where parameter_id=(select id from parameter where name='criterion' and model_id=(select id from model where name='extra_trees_classifier') and parameter_type_id=(select id from parameter_type where name='categorical'))), 'gini');
INSERT INTO integer_parameter(parameter_type_definition_id, default_value) VALUES ((select id from parameter_type_definition where parameter_id=(select id from parameter where name='max_depth' and model_id=(select id from model where name='extra_trees_classifier') and parameter_type_id=(select id from parameter_type where name='integer'))), 10);
INSERT INTO integer_parameter_value(parameter_type_definition_id, lower, upper) VALUES ((select id from parameter_type_definition where parameter_id=(select id from parameter where name='max_depth' and model_id=(select id from model where name='extra_trees_classifier') and parameter_type_id=(select id from parameter_type where name='integer'))), 1, 17);
INSERT INTO categorical_parameter(parameter_type_definition_id, default_value) VALUES ((select id from parameter_type_definition where parameter_id=(select id from parameter where name='max_features' and model_id=(select id from model where name='extra_trees_classifier') and parameter_type_id=(select id from parameter_type where name='categorical'))), 'sqrt');
INSERT INTO categorical_parameter_value(parameter_type_definition_id, value) VALUES ((select id from parameter_type_definition where parameter_id=(select id from parameter where name='max_features' and model_id=(select id from model where name='extra_trees_classifier') and parameter_type_id=(select id from parameter_type where name='categorical'))), 'sqrt');
INSERT INTO categorical_parameter_value(parameter_type_definition_id, value) VALUES ((select id from parameter_type_definition where parameter_id=(select id from parameter where name='max_features' and model_id=(select id from model where name='extra_trees_classifier') and parameter_type_id=(select id from parameter_type where name='categorical'))), 'log2');
INSERT INTO float_parameter(parameter_type_definition_id, default_value) VALUES ((select id from parameter_type_definition where parameter_id=(select id from parameter where name='max_features' and model_id=(select id from model where name='extra_trees_classifier') and parameter_type_id=(select id from parameter_type where name='float'))), null);
INSERT INTO float_parameter_range(parameter_type_definition_id, is_left_open, is_right_open, lower, upper) VALUES ((select id from parameter_type_definition where parameter_id=(select id from parameter where name='max_features' and model_id=(select id from model where name='extra_trees_classifier') and parameter_type_id=(select id from parameter_type where name='float'))), true, true, 0.100000, 1.000000);
INSERT INTO integer_parameter(parameter_type_definition_id, default_value) VALUES ((select id from parameter_type_definition where parameter_id=(select id from parameter where name='max_leaf_nodes' and model_id=(select id from model where name='extra_trees_classifier') and parameter_type_id=(select id from parameter_type where name='integer'))), 1024);
INSERT INTO integer_parameter_value(parameter_type_definition_id, lower, upper) VALUES ((select id from parameter_type_definition where parameter_id=(select id from parameter where name='max_leaf_nodes' and model_id=(select id from model where name='extra_trees_classifier') and parameter_type_id=(select id from parameter_type where name='integer'))), 2, 1025);
INSERT INTO categorical_parameter(parameter_type_definition_id, default_value) VALUES ((select id from parameter_type_definition where parameter_id=(select id from parameter where name='max_samples' and model_id=(select id from model where name='extra_trees_classifier') and parameter_type_id=(select id from parameter_type where name='categorical'))), null);
INSERT INTO categorical_parameter_value(parameter_type_definition_id, value) VALUES ((select id from parameter_type_definition where parameter_id=(select id from parameter where name='max_samples' and model_id=(select id from model where name='extra_trees_classifier') and parameter_type_id=(select id from parameter_type where name='categorical'))), 'None');
INSERT INTO float_parameter(parameter_type_definition_id, default_value) VALUES ((select id from parameter_type_definition where parameter_id=(select id from parameter where name='max_samples' and model_id=(select id from model where name='extra_trees_classifier') and parameter_type_id=(select id from parameter_type where name='float'))), 0.999900);
INSERT INTO float_parameter_range(parameter_type_definition_id, is_left_open, is_right_open, lower, upper) VALUES ((select id from parameter_type_definition where parameter_id=(select id from parameter where name='max_samples' and model_id=(select id from model where name='extra_trees_classifier') and parameter_type_id=(select id from parameter_type where name='float'))), true, true, 0.000100, 1.000000);
INSERT INTO float_parameter(parameter_type_definition_id, default_value) VALUES ((select id from parameter_type_definition where parameter_id=(select id from parameter where name='min_impurity_decrease' and model_id=(select id from model where name='extra_trees_classifier') and parameter_type_id=(select id from parameter_type where name='float'))), 0.000000);
INSERT INTO float_parameter_range(parameter_type_definition_id, is_left_open, is_right_open, lower, upper) VALUES ((select id from parameter_type_definition where parameter_id=(select id from parameter where name='min_impurity_decrease' and model_id=(select id from model where name='extra_trees_classifier') and parameter_type_id=(select id from parameter_type where name='float'))), true, true, 0.000000, 0.100000);
INSERT INTO float_parameter(parameter_type_definition_id, default_value) VALUES ((select id from parameter_type_definition where parameter_id=(select id from parameter where name='min_samples_leaf' and model_id=(select id from model where name='extra_trees_classifier') and parameter_type_id=(select id from parameter_type where name='float'))), 0.000100);
INSERT INTO float_parameter_range(parameter_type_definition_id, is_left_open, is_right_open, lower, upper) VALUES ((select id from parameter_type_definition where parameter_id=(select id from parameter where name='min_samples_leaf' and model_id=(select id from model where name='extra_trees_classifier') and parameter_type_id=(select id from parameter_type where name='float'))), true, true, 0.000100, 0.100000);
INSERT INTO float_parameter(parameter_type_definition_id, default_value) VALUES ((select id from parameter_type_definition where parameter_id=(select id from parameter where name='min_samples_split' and model_id=(select id from model where name='extra_trees_classifier') and parameter_type_id=(select id from parameter_type where name='float'))), 0.000100);
INSERT INTO float_parameter_range(parameter_type_definition_id, is_left_open, is_right_open, lower, upper) VALUES ((select id from parameter_type_definition where parameter_id=(select id from parameter where name='min_samples_split' and model_id=(select id from model where name='extra_trees_classifier') and parameter_type_id=(select id from parameter_type where name='float'))), true, true, 0.000100, 0.100000);
INSERT INTO float_parameter(parameter_type_definition_id, default_value) VALUES ((select id from parameter_type_definition where parameter_id=(select id from parameter where name='min_weight_fraction_leaf' and model_id=(select id from model where name='extra_trees_classifier') and parameter_type_id=(select id from parameter_type where name='float'))), 0.000000);
INSERT INTO float_parameter_range(parameter_type_definition_id, is_left_open, is_right_open, lower, upper) VALUES ((select id from parameter_type_definition where parameter_id=(select id from parameter where name='min_weight_fraction_leaf' and model_id=(select id from model where name='extra_trees_classifier') and parameter_type_id=(select id from parameter_type where name='float'))), true, true, 0.000000, 0.100000);
INSERT INTO integer_parameter(parameter_type_definition_id, default_value) VALUES ((select id from parameter_type_definition where parameter_id=(select id from parameter where name='n_estimators' and model_id=(select id from model where name='extra_trees_classifier') and parameter_type_id=(select id from parameter_type where name='integer'))), 100);
INSERT INTO integer_parameter_value(parameter_type_definition_id, lower, upper) VALUES ((select id from parameter_type_definition where parameter_id=(select id from parameter where name='n_estimators' and model_id=(select id from model where name='extra_trees_classifier') and parameter_type_id=(select id from parameter_type where name='integer'))), 10, 101);
INSERT INTO model(name, ml_task_id, description, display_name, structure_id, advantages, disadvantages, enabled, ensemble_type_id, family_type_id, decision_tree, model_type_id) VALUES ('gaussian_process_classifier', (select id from ml_task_type where name='classification'),'Gaussian Process Classifier is a nonparametric, bayesian probabilistic classification using a Gaussian process as a prior over random functions and Laplace approximation as the non-Gaussian posterior.', 'Gaussian Process Classifier', (select id from model_structure_type where name='base'), '{It performs well on small datasets,It has the ability to provide uncertainty measurements on the predictions,It has the flexibility in using different kernels}', '{It loses efficiency in high dimensional spaces}', true, (select id from model_ensemble_type where name='none'),(select id from model_family_type where name='other'), false, (select id from model_type where name='Kernel Model'));
INSERT INTO rel_model__groups(model_id, group_id) VALUES ((select id from Model where name='gaussian_process_classifier'),(select id from model_group_type where name='advanced'));
INSERT INTO parameter(name, label, description, enabled, fixed_value, ordering, model_id) VALUES ('max_iter_predict', 'Maximum number of iterations', 'The maximum number of iterations in Newton''s method for approximating the posterior during predict. Smaller values will reduce computation time at the cost of worse results.', true, false, 1, (select id from Model where name='gaussian_process_classifier'));
INSERT INTO parameter(name, label, description, enabled, fixed_value, ordering, model_id) VALUES ('n_restarts_optimizer', 'Number of restarts', 'The number of restarts of the optimizer for finding the kernel''s parameters which maximize the log-marginal likelihood. The first run of the optimizer is performed from the kernel''s initial parameters, the remaining ones (if any) from thetas sampled log-uniform randomly from the space of allowed theta-values. If greater than 0, all bounds must be finite. Note that n_restarts_optimizer == 0 implies that one run is performed.', true, false, 2, (select id from Model where name='gaussian_process_classifier'));
INSERT INTO parameter_type_definition(parameter_id, parameter_type_id, parameter_distribution_type_id, ordering) VALUES ((select id from parameter where name='max_iter_predict' and model_id=(select id from model where name='gaussian_process_classifier')), (select id from parameter_type where name='integer'), (select id from parameter_distribution_type where name='uniform'), 0);
INSERT INTO parameter_type_definition(parameter_id, parameter_type_id, parameter_distribution_type_id, ordering) VALUES ((select id from parameter where name='n_restarts_optimizer' and model_id=(select id from model where name='gaussian_process_classifier')), (select id from parameter_type where name='integer'), (select id from parameter_distribution_type where name='uniform'), 0);
INSERT INTO integer_parameter(parameter_type_definition_id, default_value) VALUES ((select id from parameter_type_definition where parameter_id=(select id from parameter where name='max_iter_predict' and model_id=(select id from model where name='gaussian_process_classifier') and parameter_type_id=(select id from parameter_type where name='integer'))), 100);
INSERT INTO integer_parameter_value(parameter_type_definition_id, lower, upper) VALUES ((select id from parameter_type_definition where parameter_id=(select id from parameter where name='max_iter_predict' and model_id=(select id from model where name='gaussian_process_classifier') and parameter_type_id=(select id from parameter_type where name='integer'))), 0, 201);
INSERT INTO integer_parameter(parameter_type_definition_id, default_value) VALUES ((select id from parameter_type_definition where parameter_id=(select id from parameter where name='n_restarts_optimizer' and model_id=(select id from model where name='gaussian_process_classifier') and parameter_type_id=(select id from parameter_type where name='integer'))), 0);
INSERT INTO integer_parameter_value(parameter_type_definition_id, lower, upper) VALUES ((select id from parameter_type_definition where parameter_id=(select id from parameter where name='n_restarts_optimizer' and model_id=(select id from model where name='gaussian_process_classifier') and parameter_type_id=(select id from parameter_type where name='integer'))), 0, 11);
INSERT INTO model(name, ml_task_id, description, display_name, structure_id, advantages, disadvantages, enabled, ensemble_type_id, family_type_id, decision_tree, model_type_id) VALUES ('gradient_boosting_classifier', (select id from ml_task_type where name='classification'),'Gradient Boosting Classifier builds an additive model in a forward stage-wise fashion; it allows for the optimization of arbitrary differentiable loss functions. In each stage, n_classes_ classifier trees are fitted on the negative gradient of the binomial or multinomial deviance loss function.', 'Gradient Boosting Classifier', (select id from model_structure_type where name='base'), '{It requires no pre-processing of data like the normalization and the scaling of data}', '{It is sensitive to outliers,It has the problem of overfitting,It is computationally expensive}', true, (select id from model_ensemble_type where name='other'),(select id from model_family_type where name='tree'), false, (select id from model_type where name='Tree-Based Model'));
INSERT INTO rel_model__groups(model_id, group_id) VALUES ((select id from Model where name='gradient_boosting_classifier'),(select id from model_group_type where name='advanced'));
INSERT INTO parameter(name, label, description, enabled, fixed_value, ordering, model_id) VALUES ('ccp_alpha', 'Cost-Complexity Pruning alpha', 'Complexity parameter used for Minimal Cost-Complexity Pruning. The subtree with the largest cost complexity that is smaller than ccp_alpha will be chosen. By default, no pruning is performed.', true, false, 1, (select id from Model where name='gradient_boosting_classifier'));
INSERT INTO parameter(name, label, description, enabled, fixed_value, ordering, model_id) VALUES ('criterion', 'Criterion', 'The function to measure the quality of a split.', false, false, 2, (select id from Model where name='gradient_boosting_classifier'));
INSERT INTO parameter(name, label, description, enabled, fixed_value, ordering, model_id) VALUES ('learning_rate', 'Learning rate', 'Step size shrinkage used in update to prevents overfitting. After each boosting step, we can directly get the weights of new features, and eta shrinks the feature weights to make the boosting process more conservative.', false, false, 3, (select id from Model where name='gradient_boosting_classifier'));
INSERT INTO parameter(name, label, description, enabled, fixed_value, ordering, model_id) VALUES ('loss', 'Loss', 'Loss function to be optimized.', false, false, 4, (select id from Model where name='gradient_boosting_classifier'));
INSERT INTO parameter(name, label, description, enabled, fixed_value, ordering, model_id) VALUES ('max_depth', 'Maximum depth', 'The maximum depth of the tree. If None, then nodes are expanded until all leaves are pure or until all leaves contain less than min_samples_split samples.', true, false, 5, (select id from Model where name='gradient_boosting_classifier'));
INSERT INTO parameter(name, label, description, enabled, fixed_value, ordering, model_id) VALUES ('max_features', 'Maximum features', 'The number of features to draw from X to train each base estimator.', false, false, 6, (select id from Model where name='gradient_boosting_classifier'));
INSERT INTO parameter(name, label, description, enabled, fixed_value, ordering, model_id) VALUES ('max_leaf_nodes', 'Maximum number of nodes', 'Grow a tree with max_leaf_nodes in best-first fashion. Best nodes are defined as relative reduction in impurity. If None then unlimited number of leaf nodes.', true, false, 7, (select id from Model where name='gradient_boosting_classifier'));
INSERT INTO parameter(name, label, description, enabled, fixed_value, ordering, model_id) VALUES ('min_impurity_decrease', 'Minimum impurity decrease', 'A node will be split if this split induces a decrease of the impurity greater than or equal to this value.', true, false, 8, (select id from Model where name='gradient_boosting_classifier'));
INSERT INTO parameter(name, label, description, enabled, fixed_value, ordering, model_id) VALUES ('min_samples_leaf', 'Minimum samples per leaf', 'The minimum number of samples required to be at a leaf node expressed as a fraction of all training samples.', false, false, 9, (select id from Model where name='gradient_boosting_classifier'));
INSERT INTO parameter(name, label, description, enabled, fixed_value, ordering, model_id) VALUES ('min_samples_split', 'Minimum sample split', 'The minimum number of samples required to split an internal node expressed as a fraction of all training samples.', true, false, 10, (select id from Model where name='gradient_boosting_classifier'));
INSERT INTO parameter(name, label, description, enabled, fixed_value, ordering, model_id) VALUES ('min_weight_fraction_leaf', 'Minimum weighted sum per leaf', 'The minimum weighted fraction of the sum total of weights (of all the input samples) required to be at a leaf node. Samples have equal weight when sample_weight is not provided.', false, false, 11, (select id from Model where name='gradient_boosting_classifier'));
INSERT INTO parameter(name, label, description, enabled, fixed_value, ordering, model_id) VALUES ('n_estimators', 'Number of estimators', 'The number of base estimators in the ensemble.', false, false, 12, (select id from Model where name='gradient_boosting_classifier'));
INSERT INTO parameter(name, label, description, enabled, fixed_value, ordering, model_id) VALUES ('n_iter_no_change', 'Maximum number of iterations with no change', 'Maximum number of epochs to not meet tol improvement. Only effective when solver=''sgd'' or ''adam''.', false, false, 13, (select id from Model where name='gradient_boosting_classifier'));
INSERT INTO parameter(name, label, description, enabled, fixed_value, ordering, model_id) VALUES ('subsample', 'Subsample', 'Subsample ratio of the training instances. Setting it to 0.5 means that XGBoost would randomly sample half of the training data prior to growing trees. and this will prevent overfitting. Subsampling will occur once in every boosting iteration.', false, false, 14, (select id from Model where name='gradient_boosting_classifier'));
INSERT INTO parameter(name, label, description, enabled, fixed_value, ordering, model_id) VALUES ('tol', 'Tolerance', 'Maximum norm of the residual.', false, false, 15, (select id from Model where name='gradient_boosting_classifier'));
INSERT INTO parameter(name, label, description, enabled, fixed_value, ordering, model_id) VALUES ('validation_fraction', 'Validation fraction', 'The proportion of training data to set aside as validation set for early stopping.', false, false, 16, (select id from Model where name='gradient_boosting_classifier'));
INSERT INTO parameter_type_definition(parameter_id, parameter_type_id, parameter_distribution_type_id, ordering) VALUES ((select id from parameter where name='ccp_alpha' and model_id=(select id from model where name='gradient_boosting_classifier')), (select id from parameter_type where name='float'), (select id from parameter_distribution_type where name='uniform'), 0);
INSERT INTO parameter_type_definition(parameter_id, parameter_type_id, parameter_distribution_type_id, ordering) VALUES ((select id from parameter where name='criterion' and model_id=(select id from model where name='gradient_boosting_classifier')), (select id from parameter_type where name='categorical'), (select id from parameter_distribution_type where name='uniform'), 0);
INSERT INTO parameter_type_definition(parameter_id, parameter_type_id, parameter_distribution_type_id, ordering) VALUES ((select id from parameter where name='learning_rate' and model_id=(select id from model where name='gradient_boosting_classifier')), (select id from parameter_type where name='float'), (select id from parameter_distribution_type where name='uniform'), 0);
INSERT INTO parameter_type_definition(parameter_id, parameter_type_id, parameter_distribution_type_id, ordering) VALUES ((select id from parameter where name='loss' and model_id=(select id from model where name='gradient_boosting_classifier')), (select id from parameter_type where name='categorical'), (select id from parameter_distribution_type where name='uniform'), 0);
INSERT INTO parameter_type_definition(parameter_id, parameter_type_id, parameter_distribution_type_id, ordering) VALUES ((select id from parameter where name='max_depth' and model_id=(select id from model where name='gradient_boosting_classifier')), (select id from parameter_type where name='integer'), (select id from parameter_distribution_type where name='uniform'), 0);
INSERT INTO parameter_type_definition(parameter_id, parameter_type_id, parameter_distribution_type_id, ordering) VALUES ((select id from parameter where name='max_features' and model_id=(select id from model where name='gradient_boosting_classifier')), (select id from parameter_type where name='categorical'), (select id from parameter_distribution_type where name='uniform'), 0);
INSERT INTO parameter_type_definition(parameter_id, parameter_type_id, parameter_distribution_type_id, ordering) VALUES ((select id from parameter where name='max_features' and model_id=(select id from model where name='gradient_boosting_classifier')), (select id from parameter_type where name='float'), (select id from parameter_distribution_type where name='uniform'), 1);
INSERT INTO parameter_type_definition(parameter_id, parameter_type_id, parameter_distribution_type_id, ordering) VALUES ((select id from parameter where name='max_leaf_nodes' and model_id=(select id from model where name='gradient_boosting_classifier')), (select id from parameter_type where name='integer'), (select id from parameter_distribution_type where name='uniform'), 0);
INSERT INTO parameter_type_definition(parameter_id, parameter_type_id, parameter_distribution_type_id, ordering) VALUES ((select id from parameter where name='min_impurity_decrease' and model_id=(select id from model where name='gradient_boosting_classifier')), (select id from parameter_type where name='float'), (select id from parameter_distribution_type where name='uniform'), 0);
INSERT INTO parameter_type_definition(parameter_id, parameter_type_id, parameter_distribution_type_id, ordering) VALUES ((select id from parameter where name='min_samples_leaf' and model_id=(select id from model where name='gradient_boosting_classifier')), (select id from parameter_type where name='float'), (select id from parameter_distribution_type where name='uniform'), 0);
INSERT INTO parameter_type_definition(parameter_id, parameter_type_id, parameter_distribution_type_id, ordering) VALUES ((select id from parameter where name='min_samples_split' and model_id=(select id from model where name='gradient_boosting_classifier')), (select id from parameter_type where name='float'), (select id from parameter_distribution_type where name='uniform'), 0);
INSERT INTO parameter_type_definition(parameter_id, parameter_type_id, parameter_distribution_type_id, ordering) VALUES ((select id from parameter where name='min_weight_fraction_leaf' and model_id=(select id from model where name='gradient_boosting_classifier')), (select id from parameter_type where name='float'), (select id from parameter_distribution_type where name='uniform'), 0);
INSERT INTO parameter_type_definition(parameter_id, parameter_type_id, parameter_distribution_type_id, ordering) VALUES ((select id from parameter where name='n_estimators' and model_id=(select id from model where name='gradient_boosting_classifier')), (select id from parameter_type where name='integer'), (select id from parameter_distribution_type where name='uniform'), 0);
INSERT INTO parameter_type_definition(parameter_id, parameter_type_id, parameter_distribution_type_id, ordering) VALUES ((select id from parameter where name='n_iter_no_change' and model_id=(select id from model where name='gradient_boosting_classifier')), (select id from parameter_type where name='categorical'), (select id from parameter_distribution_type where name='uniform'), 0);
INSERT INTO parameter_type_definition(parameter_id, parameter_type_id, parameter_distribution_type_id, ordering) VALUES ((select id from parameter where name='n_iter_no_change' and model_id=(select id from model where name='gradient_boosting_classifier')), (select id from parameter_type where name='integer'), (select id from parameter_distribution_type where name='uniform'), 1);
INSERT INTO parameter_type_definition(parameter_id, parameter_type_id, parameter_distribution_type_id, ordering) VALUES ((select id from parameter where name='subsample' and model_id=(select id from model where name='gradient_boosting_classifier')), (select id from parameter_type where name='float'), (select id from parameter_distribution_type where name='uniform'), 0);
INSERT INTO parameter_type_definition(parameter_id, parameter_type_id, parameter_distribution_type_id, ordering) VALUES ((select id from parameter where name='tol' and model_id=(select id from model where name='gradient_boosting_classifier')), (select id from parameter_type where name='float'), (select id from parameter_distribution_type where name='uniform'), 0);
INSERT INTO parameter_type_definition(parameter_id, parameter_type_id, parameter_distribution_type_id, ordering) VALUES ((select id from parameter where name='validation_fraction' and model_id=(select id from model where name='gradient_boosting_classifier')), (select id from parameter_type where name='float'), (select id from parameter_distribution_type where name='uniform'), 0);
INSERT INTO float_parameter(parameter_type_definition_id, default_value) VALUES ((select id from parameter_type_definition where parameter_id=(select id from parameter where name='ccp_alpha' and model_id=(select id from model where name='gradient_boosting_classifier') and parameter_type_id=(select id from parameter_type where name='float'))), 0.000000);
INSERT INTO float_parameter_range(parameter_type_definition_id, is_left_open, is_right_open, lower, upper) VALUES ((select id from parameter_type_definition where parameter_id=(select id from parameter where name='ccp_alpha' and model_id=(select id from model where name='gradient_boosting_classifier') and parameter_type_id=(select id from parameter_type where name='float'))), true, true, 0.000000, 1.000000);
INSERT INTO categorical_parameter(parameter_type_definition_id, default_value) VALUES ((select id from parameter_type_definition where parameter_id=(select id from parameter where name='criterion' and model_id=(select id from model where name='gradient_boosting_classifier') and parameter_type_id=(select id from parameter_type where name='categorical'))), 'friedman_mse');
INSERT INTO categorical_parameter_value(parameter_type_definition_id, value) VALUES ((select id from parameter_type_definition where parameter_id=(select id from parameter where name='criterion' and model_id=(select id from model where name='gradient_boosting_classifier') and parameter_type_id=(select id from parameter_type where name='categorical'))), 'squared_error');
INSERT INTO categorical_parameter_value(parameter_type_definition_id, value) VALUES ((select id from parameter_type_definition where parameter_id=(select id from parameter where name='criterion' and model_id=(select id from model where name='gradient_boosting_classifier') and parameter_type_id=(select id from parameter_type where name='categorical'))), 'friedman_mse');
INSERT INTO float_parameter(parameter_type_definition_id, default_value) VALUES ((select id from parameter_type_definition where parameter_id=(select id from parameter where name='learning_rate' and model_id=(select id from model where name='gradient_boosting_classifier') and parameter_type_id=(select id from parameter_type where name='float'))), 0.100000);
INSERT INTO float_parameter_range(parameter_type_definition_id, is_left_open, is_right_open, lower, upper) VALUES ((select id from parameter_type_definition where parameter_id=(select id from parameter where name='learning_rate' and model_id=(select id from model where name='gradient_boosting_classifier') and parameter_type_id=(select id from parameter_type where name='float'))), true, true, 0.000100, 1.000000);
INSERT INTO categorical_parameter(parameter_type_definition_id, default_value) VALUES ((select id from parameter_type_definition where parameter_id=(select id from parameter where name='loss' and model_id=(select id from model where name='gradient_boosting_classifier') and parameter_type_id=(select id from parameter_type where name='categorical'))), 'deviance');
INSERT INTO categorical_parameter_value(parameter_type_definition_id, value) VALUES ((select id from parameter_type_definition where parameter_id=(select id from parameter where name='loss' and model_id=(select id from model where name='gradient_boosting_classifier') and parameter_type_id=(select id from parameter_type where name='categorical'))), 'deviance');
INSERT INTO categorical_parameter_value(parameter_type_definition_id, value) VALUES ((select id from parameter_type_definition where parameter_id=(select id from parameter where name='loss' and model_id=(select id from model where name='gradient_boosting_classifier') and parameter_type_id=(select id from parameter_type where name='categorical'))), 'exponential');
INSERT INTO integer_parameter(parameter_type_definition_id, default_value) VALUES ((select id from parameter_type_definition where parameter_id=(select id from parameter where name='max_depth' and model_id=(select id from model where name='gradient_boosting_classifier') and parameter_type_id=(select id from parameter_type where name='integer'))), 10);
INSERT INTO integer_parameter_value(parameter_type_definition_id, lower, upper) VALUES ((select id from parameter_type_definition where parameter_id=(select id from parameter where name='max_depth' and model_id=(select id from model where name='gradient_boosting_classifier') and parameter_type_id=(select id from parameter_type where name='integer'))), 3, 17);
INSERT INTO categorical_parameter(parameter_type_definition_id, default_value) VALUES ((select id from parameter_type_definition where parameter_id=(select id from parameter where name='max_features' and model_id=(select id from model where name='gradient_boosting_classifier') and parameter_type_id=(select id from parameter_type where name='categorical'))), null);
INSERT INTO categorical_parameter_value(parameter_type_definition_id, value) VALUES ((select id from parameter_type_definition where parameter_id=(select id from parameter where name='max_features' and model_id=(select id from model where name='gradient_boosting_classifier') and parameter_type_id=(select id from parameter_type where name='categorical'))), 'sqrt');
INSERT INTO categorical_parameter_value(parameter_type_definition_id, value) VALUES ((select id from parameter_type_definition where parameter_id=(select id from parameter where name='max_features' and model_id=(select id from model where name='gradient_boosting_classifier') and parameter_type_id=(select id from parameter_type where name='categorical'))), 'log2');
INSERT INTO float_parameter(parameter_type_definition_id, default_value) VALUES ((select id from parameter_type_definition where parameter_id=(select id from parameter where name='max_features' and model_id=(select id from model where name='gradient_boosting_classifier') and parameter_type_id=(select id from parameter_type where name='float'))), 1.000000);
INSERT INTO float_parameter_range(parameter_type_definition_id, is_left_open, is_right_open, lower, upper) VALUES ((select id from parameter_type_definition where parameter_id=(select id from parameter where name='max_features' and model_id=(select id from model where name='gradient_boosting_classifier') and parameter_type_id=(select id from parameter_type where name='float'))), true, true, 0.100000, 1.000000);
INSERT INTO integer_parameter(parameter_type_definition_id, default_value) VALUES ((select id from parameter_type_definition where parameter_id=(select id from parameter where name='max_leaf_nodes' and model_id=(select id from model where name='gradient_boosting_classifier') and parameter_type_id=(select id from parameter_type where name='integer'))), 1024);
INSERT INTO integer_parameter_value(parameter_type_definition_id, lower, upper) VALUES ((select id from parameter_type_definition where parameter_id=(select id from parameter where name='max_leaf_nodes' and model_id=(select id from model where name='gradient_boosting_classifier') and parameter_type_id=(select id from parameter_type where name='integer'))), 2, 1025);
INSERT INTO float_parameter(parameter_type_definition_id, default_value) VALUES ((select id from parameter_type_definition where parameter_id=(select id from parameter where name='min_impurity_decrease' and model_id=(select id from model where name='gradient_boosting_classifier') and parameter_type_id=(select id from parameter_type where name='float'))), 0.000000);
INSERT INTO float_parameter_range(parameter_type_definition_id, is_left_open, is_right_open, lower, upper) VALUES ((select id from parameter_type_definition where parameter_id=(select id from parameter where name='min_impurity_decrease' and model_id=(select id from model where name='gradient_boosting_classifier') and parameter_type_id=(select id from parameter_type where name='float'))), true, true, 0.000000, 1.000000);
INSERT INTO float_parameter(parameter_type_definition_id, default_value) VALUES ((select id from parameter_type_definition where parameter_id=(select id from parameter where name='min_samples_leaf' and model_id=(select id from model where name='gradient_boosting_classifier') and parameter_type_id=(select id from parameter_type where name='float'))), 0.000100);
INSERT INTO float_parameter_range(parameter_type_definition_id, is_left_open, is_right_open, lower, upper) VALUES ((select id from parameter_type_definition where parameter_id=(select id from parameter where name='min_samples_leaf' and model_id=(select id from model where name='gradient_boosting_classifier') and parameter_type_id=(select id from parameter_type where name='float'))), true, true, 0.000100, 0.500000);
INSERT INTO float_parameter(parameter_type_definition_id, default_value) VALUES ((select id from parameter_type_definition where parameter_id=(select id from parameter where name='min_samples_split' and model_id=(select id from model where name='gradient_boosting_classifier') and parameter_type_id=(select id from parameter_type where name='float'))), 0.000100);
INSERT INTO float_parameter_range(parameter_type_definition_id, is_left_open, is_right_open, lower, upper) VALUES ((select id from parameter_type_definition where parameter_id=(select id from parameter where name='min_samples_split' and model_id=(select id from model where name='gradient_boosting_classifier') and parameter_type_id=(select id from parameter_type where name='float'))), true, true, 0.000100, 0.500000);
INSERT INTO float_parameter(parameter_type_definition_id, default_value) VALUES ((select id from parameter_type_definition where parameter_id=(select id from parameter where name='min_weight_fraction_leaf' and model_id=(select id from model where name='gradient_boosting_classifier') and parameter_type_id=(select id from parameter_type where name='float'))), 0.000000);
INSERT INTO float_parameter_range(parameter_type_definition_id, is_left_open, is_right_open, lower, upper) VALUES ((select id from parameter_type_definition where parameter_id=(select id from parameter where name='min_weight_fraction_leaf' and model_id=(select id from model where name='gradient_boosting_classifier') and parameter_type_id=(select id from parameter_type where name='float'))), true, true, 0.000000, 0.500000);
INSERT INTO integer_parameter(parameter_type_definition_id, default_value) VALUES ((select id from parameter_type_definition where parameter_id=(select id from parameter where name='n_estimators' and model_id=(select id from model where name='gradient_boosting_classifier') and parameter_type_id=(select id from parameter_type where name='integer'))), 100);
INSERT INTO integer_parameter_value(parameter_type_definition_id, lower, upper) VALUES ((select id from parameter_type_definition where parameter_id=(select id from parameter where name='n_estimators' and model_id=(select id from model where name='gradient_boosting_classifier') and parameter_type_id=(select id from parameter_type where name='integer'))), 10, 201);
INSERT INTO categorical_parameter(parameter_type_definition_id, default_value) VALUES ((select id from parameter_type_definition where parameter_id=(select id from parameter where name='n_iter_no_change' and model_id=(select id from model where name='gradient_boosting_classifier') and parameter_type_id=(select id from parameter_type where name='categorical'))), 'None');
INSERT INTO categorical_parameter_value(parameter_type_definition_id, value) VALUES ((select id from parameter_type_definition where parameter_id=(select id from parameter where name='n_iter_no_change' and model_id=(select id from model where name='gradient_boosting_classifier') and parameter_type_id=(select id from parameter_type where name='categorical'))), 'None');
INSERT INTO integer_parameter(parameter_type_definition_id, default_value) VALUES ((select id from parameter_type_definition where parameter_id=(select id from parameter where name='n_iter_no_change' and model_id=(select id from model where name='gradient_boosting_classifier') and parameter_type_id=(select id from parameter_type where name='integer'))), null);
INSERT INTO integer_parameter_value(parameter_type_definition_id, lower, upper) VALUES ((select id from parameter_type_definition where parameter_id=(select id from parameter where name='n_iter_no_change' and model_id=(select id from model where name='gradient_boosting_classifier') and parameter_type_id=(select id from parameter_type where name='integer'))), 10, 21);
INSERT INTO float_parameter(parameter_type_definition_id, default_value) VALUES ((select id from parameter_type_definition where parameter_id=(select id from parameter where name='subsample' and model_id=(select id from model where name='gradient_boosting_classifier') and parameter_type_id=(select id from parameter_type where name='float'))), 1.000000);
INSERT INTO float_parameter_range(parameter_type_definition_id, is_left_open, is_right_open, lower, upper) VALUES ((select id from parameter_type_definition where parameter_id=(select id from parameter where name='subsample' and model_id=(select id from model where name='gradient_boosting_classifier') and parameter_type_id=(select id from parameter_type where name='float'))), true, true, 0.000000, 1.000000);
INSERT INTO float_parameter(parameter_type_definition_id, default_value) VALUES ((select id from parameter_type_definition where parameter_id=(select id from parameter where name='tol' and model_id=(select id from model where name='gradient_boosting_classifier') and parameter_type_id=(select id from parameter_type where name='float'))), 0.000100);
INSERT INTO float_parameter_range(parameter_type_definition_id, is_left_open, is_right_open, lower, upper) VALUES ((select id from parameter_type_definition where parameter_id=(select id from parameter where name='tol' and model_id=(select id from model where name='gradient_boosting_classifier') and parameter_type_id=(select id from parameter_type where name='float'))), true, true, 0.000100, 0.100000);
INSERT INTO float_parameter(parameter_type_definition_id, default_value) VALUES ((select id from parameter_type_definition where parameter_id=(select id from parameter where name='validation_fraction' and model_id=(select id from model where name='gradient_boosting_classifier') and parameter_type_id=(select id from parameter_type where name='float'))), 0.100000);
INSERT INTO float_parameter_range(parameter_type_definition_id, is_left_open, is_right_open, lower, upper) VALUES ((select id from parameter_type_definition where parameter_id=(select id from parameter where name='validation_fraction' and model_id=(select id from model where name='gradient_boosting_classifier') and parameter_type_id=(select id from parameter_type where name='float'))), true, true, 0.000000, 0.999900);
INSERT INTO model(name, ml_task_id, description, display_name, structure_id, advantages, disadvantages, enabled, ensemble_type_id, family_type_id, decision_tree, model_type_id) VALUES ('uniform_dummy_classifier', (select id from ml_task_type where name='classification'),'The uniform dummy classifier makes predictions by sampling from the distribution of the training class labels.', 'Uniform Dummy Classifier', (select id from model_structure_type where name='base'), '{Easily explainable.,Fast to train.,Provides a reference with which to compare other models.}', '{Ignores all feature information.,Poor performance.}', true, (select id from model_ensemble_type where name='none'),(select id from model_family_type where name='other'), false, (select id from model_type where name='Baseline Model'));
INSERT INTO model(name, ml_task_id, description, display_name, structure_id, advantages, disadvantages, enabled, ensemble_type_id, family_type_id, decision_tree, model_type_id) VALUES ('nearest_centroid_classifier', (select id from ml_task_type where name='classification'),'Nearest Centroid Classifier is a specialized type of neighbor classifier model which represents each class by the centroid of its members.', 'Nearest Centroid Classifier', (select id from model_structure_type where name='base'), '{It is easy to understand and implement,It works well when classes are compact and far from each other}', '{It has poor performance for complex classes,It can not handle outliers noisy data and missing data well}', true, (select id from model_ensemble_type where name='none'),(select id from model_family_type where name='other'), false, (select id from model_type where name='Nearest Neighbours Model'));
INSERT INTO parameter(name, label, description, enabled, fixed_value, ordering, model_id) VALUES ('metric', 'Metric', 'The metric to use.', true, false, 1, (select id from Model where name='nearest_centroid_classifier'));
INSERT INTO parameter(name, label, description, enabled, fixed_value, ordering, model_id) VALUES ('shrink_threshold', 'Shrink threshold', 'Threshold for shrinking centroids to remove features.', true, false, 2, (select id from Model where name='nearest_centroid_classifier'));
INSERT INTO rel_model__incompatible_metrics(model_id, metric_id) VALUES ((select id from model where name='nearest_centroid_classifier'), (select id from metric where name='classification-log-loss'));
INSERT INTO rel_model__incompatible_metrics(model_id, metric_id) VALUES ((select id from model where name='nearest_centroid_classifier'), (select id from metric where name='classification-roc'));
INSERT INTO parameter_type_definition(parameter_id, parameter_type_id, parameter_distribution_type_id, ordering) VALUES ((select id from parameter where name='metric' and model_id=(select id from model where name='nearest_centroid_classifier')), (select id from parameter_type where name='categorical'), (select id from parameter_distribution_type where name='uniform'), 0);
INSERT INTO parameter_type_definition(parameter_id, parameter_type_id, parameter_distribution_type_id, ordering) VALUES ((select id from parameter where name='shrink_threshold' and model_id=(select id from model where name='nearest_centroid_classifier')), (select id from parameter_type where name='categorical'), (select id from parameter_distribution_type where name='uniform'), 0);
INSERT INTO parameter_type_definition(parameter_id, parameter_type_id, parameter_distribution_type_id, ordering) VALUES ((select id from parameter where name='shrink_threshold' and model_id=(select id from model where name='nearest_centroid_classifier')), (select id from parameter_type where name='float'), (select id from parameter_distribution_type where name='uniform'), 1);
INSERT INTO categorical_parameter(parameter_type_definition_id, default_value) VALUES ((select id from parameter_type_definition where parameter_id=(select id from parameter where name='metric' and model_id=(select id from model where name='nearest_centroid_classifier') and parameter_type_id=(select id from parameter_type where name='categorical'))), 'euclidean');
INSERT INTO categorical_parameter_value(parameter_type_definition_id, value) VALUES ((select id from parameter_type_definition where parameter_id=(select id from parameter where name='metric' and model_id=(select id from model where name='nearest_centroid_classifier') and parameter_type_id=(select id from parameter_type where name='categorical'))), 'euclidean');
INSERT INTO categorical_parameter(parameter_type_definition_id, default_value) VALUES ((select id from parameter_type_definition where parameter_id=(select id from parameter where name='shrink_threshold' and model_id=(select id from model where name='nearest_centroid_classifier') and parameter_type_id=(select id from parameter_type where name='categorical'))), 'None');
INSERT INTO categorical_parameter_value(parameter_type_definition_id, value) VALUES ((select id from parameter_type_definition where parameter_id=(select id from parameter where name='shrink_threshold' and model_id=(select id from model where name='nearest_centroid_classifier') and parameter_type_id=(select id from parameter_type where name='categorical'))), 'None');
INSERT INTO float_parameter(parameter_type_definition_id, default_value) VALUES ((select id from parameter_type_definition where parameter_id=(select id from parameter where name='shrink_threshold' and model_id=(select id from model where name='nearest_centroid_classifier') and parameter_type_id=(select id from parameter_type where name='float'))), null);
INSERT INTO float_parameter_range(parameter_type_definition_id, is_left_open, is_right_open, lower, upper) VALUES ((select id from parameter_type_definition where parameter_id=(select id from parameter where name='shrink_threshold' and model_id=(select id from model where name='nearest_centroid_classifier') and parameter_type_id=(select id from parameter_type where name='float'))), true, true, 0.000000, 1.000000);
INSERT INTO model(name, ml_task_id, description, display_name, structure_id, advantages, disadvantages, enabled, ensemble_type_id, family_type_id, decision_tree, model_type_id) VALUES ('linearsvc_classifier', (select id from ml_task_type where name='classification'),'Linear Support Vector Machine Classifier is similar to Support Vector Machine Classifier with the linear kernel but has more flexibility in the choice of penalties and loss functions.', 'Linear Support Vector Machine Classifier', (select id from model_structure_type where name='base'), '{It performs well in higher dimension spaces,It is robust to outliers}', '{It is computationally expensive,It is tricky in selecting the appropriate kernel function}', true, (select id from model_ensemble_type where name='none'),(select id from model_family_type where name='other'), false, (select id from model_type where name='Kernel Model'));
INSERT INTO parameter(name, label, description, enabled, fixed_value, ordering, model_id) VALUES ('C', 'C', 'Inverse of regularization strength; must be a positive float. Like in support vector machines, smaller values specify stronger regularization.', true, false, 1, (select id from Model where name='linearsvc_classifier'));
INSERT INTO parameter(name, label, description, enabled, fixed_value, ordering, model_id) VALUES ('class_weight', 'Class weight', 'Weights associated with classes in the form {class_label: weight}. If not given, all classes are supposed to have weight one. The “balanced” mode uses the values of y to automatically adjust weights inversely proportional to class frequencies in the input data as n_samples / (n_classes * np.bincount(y)).', false, false, 2, (select id from Model where name='linearsvc_classifier'));
INSERT INTO parameter(name, label, description, enabled, fixed_value, ordering, model_id) VALUES ('dual', 'Dual', 'Select the algorithm to either solve the dual or primal optimization problem. Prefer dual=False when n_samples > n_features.', false, false, 3, (select id from Model where name='linearsvc_classifier'));
INSERT INTO parameter(name, label, description, enabled, fixed_value, ordering, model_id) VALUES ('fit_intercept', 'Calculate Intercept', 'Whether to calculate the intercept for this model. If set to False, no intercept will be used in calculations (i.e. data is expected to be centered).', false, false, 4, (select id from Model where name='linearsvc_classifier'));
INSERT INTO parameter(name, label, description, enabled, fixed_value, ordering, model_id) VALUES ('intercept_scaling', 'Intercept scaling', 'Useful only when the solver ''liblinear'' is used and self.fit_intercept is set to True. In this case, x becomes [x, self.intercept_scaling], i.e. a “synthetic” feature with constant value equal to intercept_scaling is appended to the instance vector. The intercept becomes intercept_scaling * synthetic_feature_weight.', false, false, 5, (select id from Model where name='linearsvc_classifier'));
INSERT INTO parameter(name, label, description, enabled, fixed_value, ordering, model_id) VALUES ('loss', 'Loss', 'Specifies the loss function. inge is the standard SVM loss while squared_hingeis the square of the hinge loss.', false, false, 6, (select id from Model where name='linearsvc_classifier'));
INSERT INTO parameter(name, label, description, enabled, fixed_value, ordering, model_id) VALUES ('max_iter', 'Maximum number of iterations', '    Maximum number of iterations taken for the solvers to converge.', true, false, 7, (select id from Model where name='linearsvc_classifier'));
INSERT INTO parameter(name, label, description, enabled, fixed_value, ordering, model_id) VALUES ('multi_class', 'Multi-class', 'Determines the multi-class strategy if y contains more than two classes.', false, false, 8, (select id from Model where name='linearsvc_classifier'));
INSERT INTO parameter(name, label, description, enabled, fixed_value, ordering, model_id) VALUES ('penalty', 'Penalty', 'Specifies the norm used in the penalization. The l2 penalty is the standard used in SVC. The l1 leads to coef_vectors that are sparse.', false, false, 9, (select id from Model where name='linearsvc_classifier'));
INSERT INTO parameter(name, label, description, enabled, fixed_value, ordering, model_id) VALUES ('tol', 'Tolerance', 'Maximum norm of the residual.', true, false, 10, (select id from Model where name='linearsvc_classifier'));
INSERT INTO rel_model__incompatible_metrics(model_id, metric_id) VALUES ((select id from model where name='linearsvc_classifier'), (select id from metric where name='classification-log-loss'));
INSERT INTO rel_model__incompatible_metrics(model_id, metric_id) VALUES ((select id from model where name='linearsvc_classifier'), (select id from metric where name='classification-roc'));
INSERT INTO parameter_type_definition(parameter_id, parameter_type_id, parameter_distribution_type_id, ordering) VALUES ((select id from parameter where name='C' and model_id=(select id from model where name='linearsvc_classifier')), (select id from parameter_type where name='float'), (select id from parameter_distribution_type where name='uniform'), 0);
INSERT INTO parameter_type_definition(parameter_id, parameter_type_id, parameter_distribution_type_id, ordering) VALUES ((select id from parameter where name='class_weight' and model_id=(select id from model where name='linearsvc_classifier')), (select id from parameter_type where name='categorical'), (select id from parameter_distribution_type where name='uniform'), 0);
INSERT INTO parameter_type_definition(parameter_id, parameter_type_id, parameter_distribution_type_id, ordering) VALUES ((select id from parameter where name='dual' and model_id=(select id from model where name='linearsvc_classifier')), (select id from parameter_type where name='boolean'), (select id from parameter_distribution_type where name='uniform'), 0);
INSERT INTO parameter_type_definition(parameter_id, parameter_type_id, parameter_distribution_type_id, ordering) VALUES ((select id from parameter where name='fit_intercept' and model_id=(select id from model where name='linearsvc_classifier')), (select id from parameter_type where name='boolean'), (select id from parameter_distribution_type where name='uniform'), 0);
INSERT INTO parameter_type_definition(parameter_id, parameter_type_id, parameter_distribution_type_id, ordering) VALUES ((select id from parameter where name='intercept_scaling' and model_id=(select id from model where name='linearsvc_classifier')), (select id from parameter_type where name='float'), (select id from parameter_distribution_type where name='uniform'), 0);
INSERT INTO parameter_type_definition(parameter_id, parameter_type_id, parameter_distribution_type_id, ordering) VALUES ((select id from parameter where name='loss' and model_id=(select id from model where name='linearsvc_classifier')), (select id from parameter_type where name='categorical'), (select id from parameter_distribution_type where name='uniform'), 0);
INSERT INTO parameter_type_definition(parameter_id, parameter_type_id, parameter_distribution_type_id, ordering) VALUES ((select id from parameter where name='max_iter' and model_id=(select id from model where name='linearsvc_classifier')), (select id from parameter_type where name='integer'), (select id from parameter_distribution_type where name='uniform'), 0);
INSERT INTO parameter_type_definition(parameter_id, parameter_type_id, parameter_distribution_type_id, ordering) VALUES ((select id from parameter where name='multi_class' and model_id=(select id from model where name='linearsvc_classifier')), (select id from parameter_type where name='categorical'), (select id from parameter_distribution_type where name='uniform'), 0);
INSERT INTO parameter_type_definition(parameter_id, parameter_type_id, parameter_distribution_type_id, ordering) VALUES ((select id from parameter where name='penalty' and model_id=(select id from model where name='linearsvc_classifier')), (select id from parameter_type where name='categorical'), (select id from parameter_distribution_type where name='uniform'), 0);
INSERT INTO parameter_type_definition(parameter_id, parameter_type_id, parameter_distribution_type_id, ordering) VALUES ((select id from parameter where name='tol' and model_id=(select id from model where name='linearsvc_classifier')), (select id from parameter_type where name='float'), (select id from parameter_distribution_type where name='uniform'), 0);
INSERT INTO float_parameter(parameter_type_definition_id, default_value) VALUES ((select id from parameter_type_definition where parameter_id=(select id from parameter where name='C' and model_id=(select id from model where name='linearsvc_classifier') and parameter_type_id=(select id from parameter_type where name='float'))), 1.000000);
INSERT INTO float_parameter_range(parameter_type_definition_id, is_left_open, is_right_open, lower, upper) VALUES ((select id from parameter_type_definition where parameter_id=(select id from parameter where name='C' and model_id=(select id from model where name='linearsvc_classifier') and parameter_type_id=(select id from parameter_type where name='float'))), true, true, 0.100000, 25.000000);
INSERT INTO categorical_parameter(parameter_type_definition_id, default_value) VALUES ((select id from parameter_type_definition where parameter_id=(select id from parameter where name='class_weight' and model_id=(select id from model where name='linearsvc_classifier') and parameter_type_id=(select id from parameter_type where name='categorical'))), 'None');
INSERT INTO categorical_parameter_value(parameter_type_definition_id, value) VALUES ((select id from parameter_type_definition where parameter_id=(select id from parameter where name='class_weight' and model_id=(select id from model where name='linearsvc_classifier') and parameter_type_id=(select id from parameter_type where name='categorical'))), 'balanced');
INSERT INTO categorical_parameter_value(parameter_type_definition_id, value) VALUES ((select id from parameter_type_definition where parameter_id=(select id from parameter where name='class_weight' and model_id=(select id from model where name='linearsvc_classifier') and parameter_type_id=(select id from parameter_type where name='categorical'))), 'None');
INSERT INTO boolean_parameter(parameter_type_definition_id, default_value) VALUES ((select id from parameter_type_definition where parameter_id=(select id from parameter where name='dual' and model_id=(select id from model where name='linearsvc_classifier') and parameter_type_id=(select id from parameter_type where name='boolean'))), true);
INSERT INTO boolean_parameter(parameter_type_definition_id, default_value) VALUES ((select id from parameter_type_definition where parameter_id=(select id from parameter where name='fit_intercept' and model_id=(select id from model where name='linearsvc_classifier') and parameter_type_id=(select id from parameter_type where name='boolean'))), true);
INSERT INTO float_parameter(parameter_type_definition_id, default_value) VALUES ((select id from parameter_type_definition where parameter_id=(select id from parameter where name='intercept_scaling' and model_id=(select id from model where name='linearsvc_classifier') and parameter_type_id=(select id from parameter_type where name='float'))), 1.000000);
INSERT INTO float_parameter_range(parameter_type_definition_id, is_left_open, is_right_open, lower, upper) VALUES ((select id from parameter_type_definition where parameter_id=(select id from parameter where name='intercept_scaling' and model_id=(select id from model where name='linearsvc_classifier') and parameter_type_id=(select id from parameter_type where name='float'))), true, true, 0.000000, 1.000000);
INSERT INTO categorical_parameter(parameter_type_definition_id, default_value) VALUES ((select id from parameter_type_definition where parameter_id=(select id from parameter where name='loss' and model_id=(select id from model where name='linearsvc_classifier') and parameter_type_id=(select id from parameter_type where name='categorical'))), 'squared_hinge');
INSERT INTO categorical_parameter_value(parameter_type_definition_id, value) VALUES ((select id from parameter_type_definition where parameter_id=(select id from parameter where name='loss' and model_id=(select id from model where name='linearsvc_classifier') and parameter_type_id=(select id from parameter_type where name='categorical'))), 'hinge');
INSERT INTO categorical_parameter_value(parameter_type_definition_id, value) VALUES ((select id from parameter_type_definition where parameter_id=(select id from parameter where name='loss' and model_id=(select id from model where name='linearsvc_classifier') and parameter_type_id=(select id from parameter_type where name='categorical'))), 'squared_hinge');
INSERT INTO integer_parameter(parameter_type_definition_id, default_value) VALUES ((select id from parameter_type_definition where parameter_id=(select id from parameter where name='max_iter' and model_id=(select id from model where name='linearsvc_classifier') and parameter_type_id=(select id from parameter_type where name='integer'))), 1000);
INSERT INTO integer_parameter_value(parameter_type_definition_id, lower, upper) VALUES ((select id from parameter_type_definition where parameter_id=(select id from parameter where name='max_iter' and model_id=(select id from model where name='linearsvc_classifier') and parameter_type_id=(select id from parameter_type where name='integer'))), 500, 2001);
INSERT INTO categorical_parameter(parameter_type_definition_id, default_value) VALUES ((select id from parameter_type_definition where parameter_id=(select id from parameter where name='multi_class' and model_id=(select id from model where name='linearsvc_classifier') and parameter_type_id=(select id from parameter_type where name='categorical'))), 'ovr');
INSERT INTO categorical_parameter_value(parameter_type_definition_id, value) VALUES ((select id from parameter_type_definition where parameter_id=(select id from parameter where name='multi_class' and model_id=(select id from model where name='linearsvc_classifier') and parameter_type_id=(select id from parameter_type where name='categorical'))), 'ovr');
INSERT INTO categorical_parameter_value(parameter_type_definition_id, value) VALUES ((select id from parameter_type_definition where parameter_id=(select id from parameter where name='multi_class' and model_id=(select id from model where name='linearsvc_classifier') and parameter_type_id=(select id from parameter_type where name='categorical'))), 'crammer_singer');
INSERT INTO categorical_parameter(parameter_type_definition_id, default_value) VALUES ((select id from parameter_type_definition where parameter_id=(select id from parameter where name='penalty' and model_id=(select id from model where name='linearsvc_classifier') and parameter_type_id=(select id from parameter_type where name='categorical'))), 'l2');
INSERT INTO categorical_parameter_value(parameter_type_definition_id, value) VALUES ((select id from parameter_type_definition where parameter_id=(select id from parameter where name='penalty' and model_id=(select id from model where name='linearsvc_classifier') and parameter_type_id=(select id from parameter_type where name='categorical'))), 'l1');
INSERT INTO categorical_parameter_value(parameter_type_definition_id, value) VALUES ((select id from parameter_type_definition where parameter_id=(select id from parameter where name='penalty' and model_id=(select id from model where name='linearsvc_classifier') and parameter_type_id=(select id from parameter_type where name='categorical'))), 'l2');
INSERT INTO float_parameter(parameter_type_definition_id, default_value) VALUES ((select id from parameter_type_definition where parameter_id=(select id from parameter where name='tol' and model_id=(select id from model where name='linearsvc_classifier') and parameter_type_id=(select id from parameter_type where name='float'))), 0.000100);
INSERT INTO float_parameter_range(parameter_type_definition_id, is_left_open, is_right_open, lower, upper) VALUES ((select id from parameter_type_definition where parameter_id=(select id from parameter where name='tol' and model_id=(select id from model where name='linearsvc_classifier') and parameter_type_id=(select id from parameter_type where name='float'))), true, true, 0.000100, 1.000000);
INSERT INTO model(name, ml_task_id, description, display_name, structure_id, advantages, disadvantages, enabled, ensemble_type_id, family_type_id, decision_tree, model_type_id) VALUES ('svm_classifier', (select id from ml_task_type where name='classification'),'Support Vector Machine Classifier builds a hyperplane with support vectors to separate marked example points.', 'Support Vector Machine Classifier', (select id from model_structure_type where name='base'), '{It performs well in higher dimension spaces,It is robust to outliers,It is memory efficient}', '{It is computationally expensive,It is tricky in selecting the appropriate kernel function}', true, (select id from model_ensemble_type where name='none'),(select id from model_family_type where name='other'), false, (select id from model_type where name='Kernel Model'));
INSERT INTO parameter(name, label, description, enabled, fixed_value, ordering, model_id) VALUES ('C', 'C', 'Inverse of regularization strength; must be a positive float. Like in support vector machines, smaller values specify stronger regularization.', true, false, 1, (select id from Model where name='svm_classifier'));
INSERT INTO parameter(name, label, description, enabled, fixed_value, ordering, model_id) VALUES ('break_ties', 'Break ties', 'f true, decision_function_shape=''ovr'', and number of classes > 2, predict will break ties according to the confidence values of decision_function; otherwise the first class among the tied classes is returned.', false, false, 2, (select id from Model where name='svm_classifier'));
INSERT INTO parameter(name, label, description, enabled, fixed_value, ordering, model_id) VALUES ('class_weight', 'Class weight', 'Sets the weights for all classes. If None, all classes are supposed to have weight one. The “balanced” mode uses the values of y to automatically adjust weights inversely proportional to class frequencies in the input data as n_samples / (n_classes * np.bincount(y)).', false, false, 3, (select id from Model where name='svm_classifier'));
INSERT INTO parameter(name, label, description, enabled, fixed_value, ordering, model_id) VALUES ('coef0', 'Coefficient 0', 'Independent term in kernel function. It is only significant in ''poly'' and ''sigmoid''.', false, false, 4, (select id from Model where name='svm_classifier'));
INSERT INTO parameter(name, label, description, enabled, fixed_value, ordering, model_id) VALUES ('decision_function_shape', 'Decision function shape', 'Whether to return a one-vs-rest (ovr) decision function of shape (n_samples, n_classes) as all other classifiers, or the original one-vs-one (ovo) decision function of libsvm.', false, false, 5, (select id from Model where name='svm_classifier'));
INSERT INTO parameter(name, label, description, enabled, fixed_value, ordering, model_id) VALUES ('degree', 'Degree', 'Degree of the polynomial kernel function (''poly''). Ignored by all other kernels.', false, false, 6, (select id from Model where name='svm_classifier'));
INSERT INTO parameter(name, label, description, enabled, fixed_value, ordering, model_id) VALUES ('gamma', 'Gamma', 'Kernel coefficient for ''rbf'', ''poly'' and ''sigmoid''.', false, false, 7, (select id from Model where name='svm_classifier'));
INSERT INTO parameter(name, label, description, enabled, fixed_value, ordering, model_id) VALUES ('kernel', 'Kernel', 'Specifies the kernel type to be used in the algorithm. It must be one of, ''poly'', ''rbf'', ''sigmoid'', ''precomputed'' or a callable. If none is given, ''rbf'' will be used. If a callable is given it is used to precompute the kernel matrix.', true, false, 8, (select id from Model where name='svm_classifier'));
INSERT INTO parameter(name, label, description, enabled, fixed_value, ordering, model_id) VALUES ('max_iter', 'Maximum number of iterations', '    Maximum number of iterations taken for the solvers to converge.', true, false, 9, (select id from Model where name='svm_classifier'));
INSERT INTO parameter(name, label, description, enabled, fixed_value, ordering, model_id) VALUES ('shrinking', 'Shrinking', 'Whether to use the shrinking heuristic.', false, false, 10, (select id from Model where name='svm_classifier'));
INSERT INTO parameter(name, label, description, enabled, fixed_value, ordering, model_id) VALUES ('tol', 'Tolerance', 'Maximum norm of the residual.', true, false, 11, (select id from Model where name='svm_classifier'));
INSERT INTO parameter_type_definition(parameter_id, parameter_type_id, parameter_distribution_type_id, ordering) VALUES ((select id from parameter where name='C' and model_id=(select id from model where name='svm_classifier')), (select id from parameter_type where name='float'), (select id from parameter_distribution_type where name='uniform'), 0);
INSERT INTO parameter_type_definition(parameter_id, parameter_type_id, parameter_distribution_type_id, ordering) VALUES ((select id from parameter where name='break_ties' and model_id=(select id from model where name='svm_classifier')), (select id from parameter_type where name='boolean'), (select id from parameter_distribution_type where name='uniform'), 0);
INSERT INTO parameter_type_definition(parameter_id, parameter_type_id, parameter_distribution_type_id, ordering) VALUES ((select id from parameter where name='class_weight' and model_id=(select id from model where name='svm_classifier')), (select id from parameter_type where name='categorical'), (select id from parameter_distribution_type where name='uniform'), 0);
INSERT INTO parameter_type_definition(parameter_id, parameter_type_id, parameter_distribution_type_id, ordering) VALUES ((select id from parameter where name='coef0' and model_id=(select id from model where name='svm_classifier')), (select id from parameter_type where name='float'), (select id from parameter_distribution_type where name='uniform'), 0);
INSERT INTO parameter_type_definition(parameter_id, parameter_type_id, parameter_distribution_type_id, ordering) VALUES ((select id from parameter where name='decision_function_shape' and model_id=(select id from model where name='svm_classifier')), (select id from parameter_type where name='categorical'), (select id from parameter_distribution_type where name='uniform'), 0);
INSERT INTO parameter_type_definition(parameter_id, parameter_type_id, parameter_distribution_type_id, ordering) VALUES ((select id from parameter where name='degree' and model_id=(select id from model where name='svm_classifier')), (select id from parameter_type where name='integer'), (select id from parameter_distribution_type where name='uniform'), 0);
INSERT INTO parameter_type_definition(parameter_id, parameter_type_id, parameter_distribution_type_id, ordering) VALUES ((select id from parameter where name='gamma' and model_id=(select id from model where name='svm_classifier')), (select id from parameter_type where name='categorical'), (select id from parameter_distribution_type where name='uniform'), 0);
INSERT INTO parameter_type_definition(parameter_id, parameter_type_id, parameter_distribution_type_id, ordering) VALUES ((select id from parameter where name='kernel' and model_id=(select id from model where name='svm_classifier')), (select id from parameter_type where name='categorical'), (select id from parameter_distribution_type where name='uniform'), 0);
INSERT INTO parameter_type_definition(parameter_id, parameter_type_id, parameter_distribution_type_id, ordering) VALUES ((select id from parameter where name='max_iter' and model_id=(select id from model where name='svm_classifier')), (select id from parameter_type where name='integer'), (select id from parameter_distribution_type where name='uniform'), 0);
INSERT INTO parameter_type_definition(parameter_id, parameter_type_id, parameter_distribution_type_id, ordering) VALUES ((select id from parameter where name='shrinking' and model_id=(select id from model where name='svm_classifier')), (select id from parameter_type where name='boolean'), (select id from parameter_distribution_type where name='uniform'), 0);
INSERT INTO parameter_type_definition(parameter_id, parameter_type_id, parameter_distribution_type_id, ordering) VALUES ((select id from parameter where name='tol' and model_id=(select id from model where name='svm_classifier')), (select id from parameter_type where name='float'), (select id from parameter_distribution_type where name='uniform'), 0);
INSERT INTO float_parameter(parameter_type_definition_id, default_value) VALUES ((select id from parameter_type_definition where parameter_id=(select id from parameter where name='C' and model_id=(select id from model where name='svm_classifier') and parameter_type_id=(select id from parameter_type where name='float'))), 1.000000);
INSERT INTO float_parameter_range(parameter_type_definition_id, is_left_open, is_right_open, lower, upper) VALUES ((select id from parameter_type_definition where parameter_id=(select id from parameter where name='C' and model_id=(select id from model where name='svm_classifier') and parameter_type_id=(select id from parameter_type where name='float'))), true, true, 0.001000, 10.000000);
INSERT INTO boolean_parameter(parameter_type_definition_id, default_value) VALUES ((select id from parameter_type_definition where parameter_id=(select id from parameter where name='break_ties' and model_id=(select id from model where name='svm_classifier') and parameter_type_id=(select id from parameter_type where name='boolean'))), false);
INSERT INTO categorical_parameter(parameter_type_definition_id, default_value) VALUES ((select id from parameter_type_definition where parameter_id=(select id from parameter where name='class_weight' and model_id=(select id from model where name='svm_classifier') and parameter_type_id=(select id from parameter_type where name='categorical'))), 'None');
INSERT INTO categorical_parameter_value(parameter_type_definition_id, value) VALUES ((select id from parameter_type_definition where parameter_id=(select id from parameter where name='class_weight' and model_id=(select id from model where name='svm_classifier') and parameter_type_id=(select id from parameter_type where name='categorical'))), 'balanced');
INSERT INTO categorical_parameter_value(parameter_type_definition_id, value) VALUES ((select id from parameter_type_definition where parameter_id=(select id from parameter where name='class_weight' and model_id=(select id from model where name='svm_classifier') and parameter_type_id=(select id from parameter_type where name='categorical'))), 'None');
INSERT INTO float_parameter(parameter_type_definition_id, default_value) VALUES ((select id from parameter_type_definition where parameter_id=(select id from parameter where name='coef0' and model_id=(select id from model where name='svm_classifier') and parameter_type_id=(select id from parameter_type where name='float'))), 0.000000);
INSERT INTO float_parameter_range(parameter_type_definition_id, is_left_open, is_right_open, lower, upper) VALUES ((select id from parameter_type_definition where parameter_id=(select id from parameter where name='coef0' and model_id=(select id from model where name='svm_classifier') and parameter_type_id=(select id from parameter_type where name='float'))), true, true, 0.000000, 1.000000);
INSERT INTO categorical_parameter(parameter_type_definition_id, default_value) VALUES ((select id from parameter_type_definition where parameter_id=(select id from parameter where name='decision_function_shape' and model_id=(select id from model where name='svm_classifier') and parameter_type_id=(select id from parameter_type where name='categorical'))), 'ovr');
INSERT INTO categorical_parameter_value(parameter_type_definition_id, value) VALUES ((select id from parameter_type_definition where parameter_id=(select id from parameter where name='decision_function_shape' and model_id=(select id from model where name='svm_classifier') and parameter_type_id=(select id from parameter_type where name='categorical'))), 'ovr');
INSERT INTO categorical_parameter_value(parameter_type_definition_id, value) VALUES ((select id from parameter_type_definition where parameter_id=(select id from parameter where name='decision_function_shape' and model_id=(select id from model where name='svm_classifier') and parameter_type_id=(select id from parameter_type where name='categorical'))), 'ovo');
INSERT INTO integer_parameter(parameter_type_definition_id, default_value) VALUES ((select id from parameter_type_definition where parameter_id=(select id from parameter where name='degree' and model_id=(select id from model where name='svm_classifier') and parameter_type_id=(select id from parameter_type where name='integer'))), 3);
INSERT INTO integer_parameter_value(parameter_type_definition_id, lower, upper) VALUES ((select id from parameter_type_definition where parameter_id=(select id from parameter where name='degree' and model_id=(select id from model where name='svm_classifier') and parameter_type_id=(select id from parameter_type where name='integer'))), 0, 11);
INSERT INTO categorical_parameter(parameter_type_definition_id, default_value) VALUES ((select id from parameter_type_definition where parameter_id=(select id from parameter where name='gamma' and model_id=(select id from model where name='svm_classifier') and parameter_type_id=(select id from parameter_type where name='categorical'))), 'scale');
INSERT INTO categorical_parameter_value(parameter_type_definition_id, value) VALUES ((select id from parameter_type_definition where parameter_id=(select id from parameter where name='gamma' and model_id=(select id from model where name='svm_classifier') and parameter_type_id=(select id from parameter_type where name='categorical'))), 'scale');
INSERT INTO categorical_parameter_value(parameter_type_definition_id, value) VALUES ((select id from parameter_type_definition where parameter_id=(select id from parameter where name='gamma' and model_id=(select id from model where name='svm_classifier') and parameter_type_id=(select id from parameter_type where name='categorical'))), 'auto');
INSERT INTO categorical_parameter(parameter_type_definition_id, default_value) VALUES ((select id from parameter_type_definition where parameter_id=(select id from parameter where name='kernel' and model_id=(select id from model where name='svm_classifier') and parameter_type_id=(select id from parameter_type where name='categorical'))), 'rbf');
INSERT INTO categorical_parameter_value(parameter_type_definition_id, value) VALUES ((select id from parameter_type_definition where parameter_id=(select id from parameter where name='kernel' and model_id=(select id from model where name='svm_classifier') and parameter_type_id=(select id from parameter_type where name='categorical'))), 'sigmoid');
INSERT INTO categorical_parameter_value(parameter_type_definition_id, value) VALUES ((select id from parameter_type_definition where parameter_id=(select id from parameter where name='kernel' and model_id=(select id from model where name='svm_classifier') and parameter_type_id=(select id from parameter_type where name='categorical'))), 'rbf');
INSERT INTO categorical_parameter_value(parameter_type_definition_id, value) VALUES ((select id from parameter_type_definition where parameter_id=(select id from parameter where name='kernel' and model_id=(select id from model where name='svm_classifier') and parameter_type_id=(select id from parameter_type where name='categorical'))), 'poly');
INSERT INTO integer_parameter(parameter_type_definition_id, default_value) VALUES ((select id from parameter_type_definition where parameter_id=(select id from parameter where name='max_iter' and model_id=(select id from model where name='svm_classifier') and parameter_type_id=(select id from parameter_type where name='integer'))), 2000);
INSERT INTO integer_parameter_value(parameter_type_definition_id, lower, upper) VALUES ((select id from parameter_type_definition where parameter_id=(select id from parameter where name='max_iter' and model_id=(select id from model where name='svm_classifier') and parameter_type_id=(select id from parameter_type where name='integer'))), 1, 2001);
INSERT INTO boolean_parameter(parameter_type_definition_id, default_value) VALUES ((select id from parameter_type_definition where parameter_id=(select id from parameter where name='shrinking' and model_id=(select id from model where name='svm_classifier') and parameter_type_id=(select id from parameter_type where name='boolean'))), true);
INSERT INTO float_parameter(parameter_type_definition_id, default_value) VALUES ((select id from parameter_type_definition where parameter_id=(select id from parameter where name='tol' and model_id=(select id from model where name='svm_classifier') and parameter_type_id=(select id from parameter_type where name='float'))), 0.001000);
INSERT INTO float_parameter_range(parameter_type_definition_id, is_left_open, is_right_open, lower, upper) VALUES ((select id from parameter_type_definition where parameter_id=(select id from parameter where name='tol' and model_id=(select id from model where name='svm_classifier') and parameter_type_id=(select id from parameter_type where name='float'))), true, true, 0.000100, 0.100000);
INSERT INTO model(name, ml_task_id, description, display_name, structure_id, advantages, disadvantages, enabled, ensemble_type_id, family_type_id, decision_tree, model_type_id) VALUES ('logistic_regression_classifier', (select id from ml_task_type where name='classification'),'The logistic regression classifier is a linear model for classification, implemented in the scikit-learn library. It estimates the probability of an instance belonging to a specific class by fitting a logistic function to the input data. The model supports various regularization techniques, solvers, and multi-class strategies.', 'Logistic Regression Classifier', (select id from model_structure_type where name='base'), '{Ease of implementation and effectiveness,Computational efficiency,Low likelihood of overfitting}', '{Struggles with non-linear data,Impaired performance due to irrelevant or highly correlated features}', true, (select id from model_ensemble_type where name='none'),(select id from model_family_type where name='linear'), false, (select id from model_type where name='Linear Model'));
INSERT INTO rel_model__groups(model_id, group_id) VALUES ((select id from Model where name='logistic_regression_classifier'),(select id from model_group_type where name='fast'));
INSERT INTO rel_model__groups(model_id, group_id) VALUES ((select id from Model where name='logistic_regression_classifier'),(select id from model_group_type where name='explainable'));
INSERT INTO rel_model__groups(model_id, group_id) VALUES ((select id from Model where name='logistic_regression_classifier'),(select id from model_group_type where name='advanced'));
INSERT INTO parameter(name, label, description, enabled, fixed_value, ordering, model_id) VALUES ('C', 'C', 'Inverse of regularization strength (positive float); smaller values indicate stronger regularization, which helps prevent overfitting.', false, false, 1, (select id from Model where name='logistic_regression_classifier'));
INSERT INTO parameter(name, label, description, enabled, fixed_value, ordering, model_id) VALUES ('class_weight', 'Class weight', 'Enables control over the weight of different the classes in your training dataset, which can be beneficial when working with imbalanced data. If set to None, all classes are given equal weight. If set to balanced, the class weights are adjusted proportionally to their frequencies in the input data.', false, false, 2, (select id from Model where name='logistic_regression_classifier'));
INSERT INTO parameter(name, label, description, enabled, fixed_value, ordering, model_id) VALUES ('dual', 'Dual', 'Boolean indicating whether to use the dual or primal formulation of the optimization problem.', false, false, 3, (select id from Model where name='logistic_regression_classifier'));
INSERT INTO parameter(name, label, description, enabled, fixed_value, ordering, model_id) VALUES ('fit_intercept', 'Calculate Intercept', 'Boolean indicating whether to calculate the model''s intercept; if False, data is expected to be centered and no intercept is used.', false, false, 4, (select id from Model where name='logistic_regression_classifier'));
INSERT INTO parameter(name, label, description, enabled, fixed_value, ordering, model_id) VALUES ('intercept_scaling', 'Intercept scaling', 'Applicable when using ''liblinear'' solver and ''fit_intercept'' is True; adds a synthetic feature with a constant value equal to intercept_scaling to the instance vector.', false, false, 5, (select id from Model where name='logistic_regression_classifier'));
INSERT INTO parameter(name, label, description, enabled, fixed_value, ordering, model_id) VALUES ('l1_ratio', 'L1 ratio', 'Elastic-Net mixing parameter (0 <= l1_ratio <= 1); controls the balance between L1 and L2 regularization.', true, false, 6, (select id from Model where name='logistic_regression_classifier'));
INSERT INTO parameter(name, label, description, enabled, fixed_value, ordering, model_id) VALUES ('max_iter', 'Maximum number of iterations', 'Maximum number of iterations for the solver to converge.', true, false, 7, (select id from Model where name='logistic_regression_classifier'));
INSERT INTO parameter(name, label, description, enabled, fixed_value, ordering, model_id) VALUES ('multi_class', 'Multi_class', 'Strategy for handling multi-class problems; ''ovr'' fits a binary problem for each label, while ''multinomial'' minimizes the multinomial loss across the entire probability distribution.', false, false, 8, (select id from Model where name='logistic_regression_classifier'));
INSERT INTO parameter(name, label, description, enabled, fixed_value, ordering, model_id) VALUES ('penalty', 'Penalty', 'Norm of the regularization penalty (e.g., ''l1'', ''l2'', ''elasticnet'').', true, false, 9, (select id from Model where name='logistic_regression_classifier'));
INSERT INTO parameter(name, label, description, enabled, fixed_value, ordering, model_id) VALUES ('solver', 'Solver', 'Algorithm used to solve the optimization problem (e.g., ''newton-cg'', ''lbfgs'', ''liblinear'', ''sag'', ''saga'').', true, false, 10, (select id from Model where name='logistic_regression_classifier'));
INSERT INTO parameter(name, label, description, enabled, fixed_value, ordering, model_id) VALUES ('tol', 'Tolerance', 'Tolerance for stopping criterion; solver converges when the residual''s maximum norm is below this value.', true, false, 11, (select id from Model where name='logistic_regression_classifier'));
INSERT INTO parameter_type_definition(parameter_id, parameter_type_id, parameter_distribution_type_id, ordering) VALUES ((select id from parameter where name='C' and model_id=(select id from model where name='logistic_regression_classifier')), (select id from parameter_type where name='float'), (select id from parameter_distribution_type where name='uniform'), 0);
INSERT INTO parameter_type_definition(parameter_id, parameter_type_id, parameter_distribution_type_id, ordering) VALUES ((select id from parameter where name='class_weight' and model_id=(select id from model where name='logistic_regression_classifier')), (select id from parameter_type where name='categorical'), (select id from parameter_distribution_type where name='uniform'), 0);
INSERT INTO parameter_type_definition(parameter_id, parameter_type_id, parameter_distribution_type_id, ordering) VALUES ((select id from parameter where name='dual' and model_id=(select id from model where name='logistic_regression_classifier')), (select id from parameter_type where name='boolean'), (select id from parameter_distribution_type where name='uniform'), 0);
INSERT INTO parameter_type_definition(parameter_id, parameter_type_id, parameter_distribution_type_id, ordering) VALUES ((select id from parameter where name='fit_intercept' and model_id=(select id from model where name='logistic_regression_classifier')), (select id from parameter_type where name='boolean'), (select id from parameter_distribution_type where name='uniform'), 0);
INSERT INTO parameter_type_definition(parameter_id, parameter_type_id, parameter_distribution_type_id, ordering) VALUES ((select id from parameter where name='intercept_scaling' and model_id=(select id from model where name='logistic_regression_classifier')), (select id from parameter_type where name='float'), (select id from parameter_distribution_type where name='uniform'), 0);
INSERT INTO parameter_type_definition(parameter_id, parameter_type_id, parameter_distribution_type_id, ordering) VALUES ((select id from parameter where name='l1_ratio' and model_id=(select id from model where name='logistic_regression_classifier')), (select id from parameter_type where name='categorical'), (select id from parameter_distribution_type where name='uniform'), 0);
INSERT INTO parameter_type_definition(parameter_id, parameter_type_id, parameter_distribution_type_id, ordering) VALUES ((select id from parameter where name='l1_ratio' and model_id=(select id from model where name='logistic_regression_classifier')), (select id from parameter_type where name='float'), (select id from parameter_distribution_type where name='uniform'), 1);
INSERT INTO parameter_type_definition(parameter_id, parameter_type_id, parameter_distribution_type_id, ordering) VALUES ((select id from parameter where name='max_iter' and model_id=(select id from model where name='logistic_regression_classifier')), (select id from parameter_type where name='integer'), (select id from parameter_distribution_type where name='uniform'), 0);
INSERT INTO parameter_type_definition(parameter_id, parameter_type_id, parameter_distribution_type_id, ordering) VALUES ((select id from parameter where name='multi_class' and model_id=(select id from model where name='logistic_regression_classifier')), (select id from parameter_type where name='categorical'), (select id from parameter_distribution_type where name='uniform'), 0);
INSERT INTO parameter_type_definition(parameter_id, parameter_type_id, parameter_distribution_type_id, ordering) VALUES ((select id from parameter where name='penalty' and model_id=(select id from model where name='logistic_regression_classifier')), (select id from parameter_type where name='categorical'), (select id from parameter_distribution_type where name='uniform'), 0);
INSERT INTO parameter_type_definition(parameter_id, parameter_type_id, parameter_distribution_type_id, ordering) VALUES ((select id from parameter where name='solver' and model_id=(select id from model where name='logistic_regression_classifier')), (select id from parameter_type where name='categorical'), (select id from parameter_distribution_type where name='uniform'), 0);
INSERT INTO parameter_type_definition(parameter_id, parameter_type_id, parameter_distribution_type_id, ordering) VALUES ((select id from parameter where name='tol' and model_id=(select id from model where name='logistic_regression_classifier')), (select id from parameter_type where name='float'), (select id from parameter_distribution_type where name='uniform'), 0);
INSERT INTO float_parameter(parameter_type_definition_id, default_value) VALUES ((select id from parameter_type_definition where parameter_id=(select id from parameter where name='C' and model_id=(select id from model where name='logistic_regression_classifier') and parameter_type_id=(select id from parameter_type where name='float'))), 1.000000);
INSERT INTO float_parameter_range(parameter_type_definition_id, is_left_open, is_right_open, lower, upper) VALUES ((select id from parameter_type_definition where parameter_id=(select id from parameter where name='C' and model_id=(select id from model where name='logistic_regression_classifier') and parameter_type_id=(select id from parameter_type where name='float'))), true, true, 0.000100, 1.000000);
INSERT INTO categorical_parameter(parameter_type_definition_id, default_value) VALUES ((select id from parameter_type_definition where parameter_id=(select id from parameter where name='class_weight' and model_id=(select id from model where name='logistic_regression_classifier') and parameter_type_id=(select id from parameter_type where name='categorical'))), 'None');
INSERT INTO categorical_parameter_value(parameter_type_definition_id, value) VALUES ((select id from parameter_type_definition where parameter_id=(select id from parameter where name='class_weight' and model_id=(select id from model where name='logistic_regression_classifier') and parameter_type_id=(select id from parameter_type where name='categorical'))), 'balanced');
INSERT INTO categorical_parameter_value(parameter_type_definition_id, value) VALUES ((select id from parameter_type_definition where parameter_id=(select id from parameter where name='class_weight' and model_id=(select id from model where name='logistic_regression_classifier') and parameter_type_id=(select id from parameter_type where name='categorical'))), 'None');
INSERT INTO boolean_parameter(parameter_type_definition_id, default_value) VALUES ((select id from parameter_type_definition where parameter_id=(select id from parameter where name='dual' and model_id=(select id from model where name='logistic_regression_classifier') and parameter_type_id=(select id from parameter_type where name='boolean'))), false);
INSERT INTO boolean_parameter(parameter_type_definition_id, default_value) VALUES ((select id from parameter_type_definition where parameter_id=(select id from parameter where name='fit_intercept' and model_id=(select id from model where name='logistic_regression_classifier') and parameter_type_id=(select id from parameter_type where name='boolean'))), true);
INSERT INTO float_parameter(parameter_type_definition_id, default_value) VALUES ((select id from parameter_type_definition where parameter_id=(select id from parameter where name='intercept_scaling' and model_id=(select id from model where name='logistic_regression_classifier') and parameter_type_id=(select id from parameter_type where name='float'))), 1.000000);
INSERT INTO float_parameter_range(parameter_type_definition_id, is_left_open, is_right_open, lower, upper) VALUES ((select id from parameter_type_definition where parameter_id=(select id from parameter where name='intercept_scaling' and model_id=(select id from model where name='logistic_regression_classifier') and parameter_type_id=(select id from parameter_type where name='float'))), true, true, 0.000100, 1.000000);
INSERT INTO categorical_parameter(parameter_type_definition_id, default_value) VALUES ((select id from parameter_type_definition where parameter_id=(select id from parameter where name='l1_ratio' and model_id=(select id from model where name='logistic_regression_classifier') and parameter_type_id=(select id from parameter_type where name='categorical'))), 'None');
INSERT INTO categorical_parameter_value(parameter_type_definition_id, value) VALUES ((select id from parameter_type_definition where parameter_id=(select id from parameter where name='l1_ratio' and model_id=(select id from model where name='logistic_regression_classifier') and parameter_type_id=(select id from parameter_type where name='categorical'))), 'None');
INSERT INTO float_parameter(parameter_type_definition_id, default_value) VALUES ((select id from parameter_type_definition where parameter_id=(select id from parameter where name='l1_ratio' and model_id=(select id from model where name='logistic_regression_classifier') and parameter_type_id=(select id from parameter_type where name='float'))), null);
INSERT INTO float_parameter_range(parameter_type_definition_id, is_left_open, is_right_open, lower, upper) VALUES ((select id from parameter_type_definition where parameter_id=(select id from parameter where name='l1_ratio' and model_id=(select id from model where name='logistic_regression_classifier') and parameter_type_id=(select id from parameter_type where name='float'))), true, true, 0.000000, 1.000000);
INSERT INTO integer_parameter(parameter_type_definition_id, default_value) VALUES ((select id from parameter_type_definition where parameter_id=(select id from parameter where name='max_iter' and model_id=(select id from model where name='logistic_regression_classifier') and parameter_type_id=(select id from parameter_type where name='integer'))), 100);
INSERT INTO integer_parameter_value(parameter_type_definition_id, lower, upper) VALUES ((select id from parameter_type_definition where parameter_id=(select id from parameter where name='max_iter' and model_id=(select id from model where name='logistic_regression_classifier') and parameter_type_id=(select id from parameter_type where name='integer'))), 50, 201);
INSERT INTO categorical_parameter(parameter_type_definition_id, default_value) VALUES ((select id from parameter_type_definition where parameter_id=(select id from parameter where name='multi_class' and model_id=(select id from model where name='logistic_regression_classifier') and parameter_type_id=(select id from parameter_type where name='categorical'))), 'auto');
INSERT INTO categorical_parameter_value(parameter_type_definition_id, value) VALUES ((select id from parameter_type_definition where parameter_id=(select id from parameter where name='multi_class' and model_id=(select id from model where name='logistic_regression_classifier') and parameter_type_id=(select id from parameter_type where name='categorical'))), 'ovr');
INSERT INTO categorical_parameter_value(parameter_type_definition_id, value) VALUES ((select id from parameter_type_definition where parameter_id=(select id from parameter where name='multi_class' and model_id=(select id from model where name='logistic_regression_classifier') and parameter_type_id=(select id from parameter_type where name='categorical'))), 'auto');
INSERT INTO categorical_parameter_value(parameter_type_definition_id, value) VALUES ((select id from parameter_type_definition where parameter_id=(select id from parameter where name='multi_class' and model_id=(select id from model where name='logistic_regression_classifier') and parameter_type_id=(select id from parameter_type where name='categorical'))), 'multinomial');
INSERT INTO categorical_parameter(parameter_type_definition_id, default_value) VALUES ((select id from parameter_type_definition where parameter_id=(select id from parameter where name='penalty' and model_id=(select id from model where name='logistic_regression_classifier') and parameter_type_id=(select id from parameter_type where name='categorical'))), 'l2');
INSERT INTO categorical_parameter_value(parameter_type_definition_id, value) VALUES ((select id from parameter_type_definition where parameter_id=(select id from parameter where name='penalty' and model_id=(select id from model where name='logistic_regression_classifier') and parameter_type_id=(select id from parameter_type where name='categorical'))), 'l1');
INSERT INTO categorical_parameter_value(parameter_type_definition_id, value) VALUES ((select id from parameter_type_definition where parameter_id=(select id from parameter where name='penalty' and model_id=(select id from model where name='logistic_regression_classifier') and parameter_type_id=(select id from parameter_type where name='categorical'))), 'l2');
INSERT INTO categorical_parameter_value(parameter_type_definition_id, value) VALUES ((select id from parameter_type_definition where parameter_id=(select id from parameter where name='penalty' and model_id=(select id from model where name='logistic_regression_classifier') and parameter_type_id=(select id from parameter_type where name='categorical'))), 'elasticnet');
INSERT INTO categorical_parameter_value(parameter_type_definition_id, value) VALUES ((select id from parameter_type_definition where parameter_id=(select id from parameter where name='penalty' and model_id=(select id from model where name='logistic_regression_classifier') and parameter_type_id=(select id from parameter_type where name='categorical'))), 'None');
INSERT INTO categorical_parameter(parameter_type_definition_id, default_value) VALUES ((select id from parameter_type_definition where parameter_id=(select id from parameter where name='solver' and model_id=(select id from model where name='logistic_regression_classifier') and parameter_type_id=(select id from parameter_type where name='categorical'))), 'lbfgs');
INSERT INTO categorical_parameter_value(parameter_type_definition_id, value) VALUES ((select id from parameter_type_definition where parameter_id=(select id from parameter where name='solver' and model_id=(select id from model where name='logistic_regression_classifier') and parameter_type_id=(select id from parameter_type where name='categorical'))), 'saga');
INSERT INTO categorical_parameter_value(parameter_type_definition_id, value) VALUES ((select id from parameter_type_definition where parameter_id=(select id from parameter where name='solver' and model_id=(select id from model where name='logistic_regression_classifier') and parameter_type_id=(select id from parameter_type where name='categorical'))), 'newton-cg');
INSERT INTO categorical_parameter_value(parameter_type_definition_id, value) VALUES ((select id from parameter_type_definition where parameter_id=(select id from parameter where name='solver' and model_id=(select id from model where name='logistic_regression_classifier') and parameter_type_id=(select id from parameter_type where name='categorical'))), 'sag');
INSERT INTO categorical_parameter_value(parameter_type_definition_id, value) VALUES ((select id from parameter_type_definition where parameter_id=(select id from parameter where name='solver' and model_id=(select id from model where name='logistic_regression_classifier') and parameter_type_id=(select id from parameter_type where name='categorical'))), 'lbfgs');
INSERT INTO categorical_parameter_value(parameter_type_definition_id, value) VALUES ((select id from parameter_type_definition where parameter_id=(select id from parameter where name='solver' and model_id=(select id from model where name='logistic_regression_classifier') and parameter_type_id=(select id from parameter_type where name='categorical'))), 'liblinear');
INSERT INTO float_parameter(parameter_type_definition_id, default_value) VALUES ((select id from parameter_type_definition where parameter_id=(select id from parameter where name='tol' and model_id=(select id from model where name='logistic_regression_classifier') and parameter_type_id=(select id from parameter_type where name='float'))), 0.000100);
INSERT INTO float_parameter_range(parameter_type_definition_id, is_left_open, is_right_open, lower, upper) VALUES ((select id from parameter_type_definition where parameter_id=(select id from parameter where name='tol' and model_id=(select id from model where name='logistic_regression_classifier') and parameter_type_id=(select id from parameter_type where name='float'))), true, true, 0.000100, 1.000000);
INSERT INTO model(name, ml_task_id, description, display_name, structure_id, advantages, disadvantages, enabled, ensemble_type_id, family_type_id, decision_tree, model_type_id) VALUES ('sgd_classifier', (select id from ml_task_type where name='classification'),'Stochastic Gradient Descent Classifier is a linear classifier with stochastic gradient descent (SGD) training. The gradient of the loss is estimated each sample at a time and the model is updated along the way with a decreasing strength schedule.', 'Stochastic Gradient Descent Classifier', (select id from model_structure_type where name='base'), '{It is computationally efficient,It has fast convergence for larger datasets}', '{It is not stable}', true, (select id from model_ensemble_type where name='none'),(select id from model_family_type where name='linear'), false, (select id from model_type where name='Linear Model'));
INSERT INTO parameter(name, label, description, enabled, fixed_value, ordering, model_id) VALUES ('alpha', 'Alpha', 'Constant that multiplies the penalty terms.', true, false, 1, (select id from Model where name='sgd_classifier'));
INSERT INTO parameter(name, label, description, enabled, fixed_value, ordering, model_id) VALUES ('average', 'Average', 'When set to True, computes the averaged SGD weights accross all updates and stores the result in the coef_ attribute.', false, false, 2, (select id from Model where name='sgd_classifier'));
INSERT INTO parameter(name, label, description, enabled, fixed_value, ordering, model_id) VALUES ('class_weight', 'Class weight', 'Weights associated with classes in the form {class_label: weight}. If not given, all classes are supposed to have weight one. The “balanced” mode uses the values of y to automatically adjust weights inversely proportional to class frequencies in the input data as n_samples / (n_classes * np.bincount(y)).', false, false, 3, (select id from Model where name='sgd_classifier'));
INSERT INTO parameter(name, label, description, enabled, fixed_value, ordering, model_id) VALUES ('early_stopping', 'Early stopping', 'Whether to use early stopping to terminate training when validation score is not improving.', false, false, 4, (select id from Model where name='sgd_classifier'));
INSERT INTO parameter(name, label, description, enabled, fixed_value, ordering, model_id) VALUES ('epsilon', 'Epsilon', 'Value for numerical stability in adam. Only used when solver=''adam''.', false, false, 5, (select id from Model where name='sgd_classifier'));
INSERT INTO parameter(name, label, description, enabled, fixed_value, ordering, model_id) VALUES ('eta0', 'Eta0', 'The initial learning rate for the ''constant'', ''invscaling'' or ''adaptive'' schedules.', false, false, 6, (select id from Model where name='sgd_classifier'));
INSERT INTO parameter(name, label, description, enabled, fixed_value, ordering, model_id) VALUES ('fit_intercept', 'Calculate Intercept', 'Whether to calculate the intercept for this model. If set to False, no intercept will be used in calculations (i.e. data is expected to be centered).', false, false, 7, (select id from Model where name='sgd_classifier'));
INSERT INTO parameter(name, label, description, enabled, fixed_value, ordering, model_id) VALUES ('l1_ratio', 'L1 ratio', 'The Elastic-Net mixing parameter, with 0 <= l1_ratio <= 1.', true, false, 8, (select id from Model where name='sgd_classifier'));
INSERT INTO parameter(name, label, description, enabled, fixed_value, ordering, model_id) VALUES ('learning_rate', 'Learning rate', 'Step size shrinkage used in update to prevents overfitting. After each boosting step, we can directly get the weights of new features, and eta shrinks the feature weights to make the boosting process more conservative.', false, false, 9, (select id from Model where name='sgd_classifier'));
INSERT INTO parameter(name, label, description, enabled, fixed_value, ordering, model_id) VALUES ('loss', 'Loss', 'Loss function to be optimized.', true, false, 10, (select id from Model where name='sgd_classifier'));
INSERT INTO parameter(name, label, description, enabled, fixed_value, ordering, model_id) VALUES ('max_iter', 'Maximum number of iterations', '    Maximum number of iterations taken for the solvers to converge.', false, false, 11, (select id from Model where name='sgd_classifier'));
INSERT INTO parameter(name, label, description, enabled, fixed_value, ordering, model_id) VALUES ('n_iter_no_change', 'Maximum number of iterations with no change', 'Maximum number of epochs to not meet tol improvement. Only effective when solver=''sgd'' or ''adam''.', false, false, 12, (select id from Model where name='sgd_classifier'));
INSERT INTO parameter(name, label, description, enabled, fixed_value, ordering, model_id) VALUES ('penalty', 'Penalty', 'The penalty (aka regularization term) to be used.', true, false, 13, (select id from Model where name='sgd_classifier'));
INSERT INTO parameter(name, label, description, enabled, fixed_value, ordering, model_id) VALUES ('power_t', 'Power t', 'The exponent for inverse scaling learning rate.', false, false, 14, (select id from Model where name='sgd_classifier'));
INSERT INTO parameter(name, label, description, enabled, fixed_value, ordering, model_id) VALUES ('shuffle', 'Shuffle', 'Whether to shuffle samples in each iteration.', false, false, 15, (select id from Model where name='sgd_classifier'));
INSERT INTO parameter(name, label, description, enabled, fixed_value, ordering, model_id) VALUES ('tol', 'Tolerance', 'Maximum norm of the residual.', true, false, 16, (select id from Model where name='sgd_classifier'));
INSERT INTO parameter(name, label, description, enabled, fixed_value, ordering, model_id) VALUES ('validation_fraction', 'Validation fraction', 'The proportion of training data to set aside as validation set for early stopping.', false, false, 17, (select id from Model where name='sgd_classifier'));
INSERT INTO rel_model__incompatible_metrics(model_id, metric_id) VALUES ((select id from model where name='sgd_classifier'), (select id from metric where name='classification-log-loss'));
INSERT INTO rel_model__incompatible_metrics(model_id, metric_id) VALUES ((select id from model where name='sgd_classifier'), (select id from metric where name='classification-roc'));
INSERT INTO parameter_type_definition(parameter_id, parameter_type_id, parameter_distribution_type_id, ordering) VALUES ((select id from parameter where name='alpha' and model_id=(select id from model where name='sgd_classifier')), (select id from parameter_type where name='float'), (select id from parameter_distribution_type where name='uniform'), 0);
INSERT INTO parameter_type_definition(parameter_id, parameter_type_id, parameter_distribution_type_id, ordering) VALUES ((select id from parameter where name='average' and model_id=(select id from model where name='sgd_classifier')), (select id from parameter_type where name='boolean'), (select id from parameter_distribution_type where name='uniform'), 0);
INSERT INTO parameter_type_definition(parameter_id, parameter_type_id, parameter_distribution_type_id, ordering) VALUES ((select id from parameter where name='class_weight' and model_id=(select id from model where name='sgd_classifier')), (select id from parameter_type where name='categorical'), (select id from parameter_distribution_type where name='uniform'), 0);
INSERT INTO parameter_type_definition(parameter_id, parameter_type_id, parameter_distribution_type_id, ordering) VALUES ((select id from parameter where name='early_stopping' and model_id=(select id from model where name='sgd_classifier')), (select id from parameter_type where name='boolean'), (select id from parameter_distribution_type where name='uniform'), 0);
INSERT INTO parameter_type_definition(parameter_id, parameter_type_id, parameter_distribution_type_id, ordering) VALUES ((select id from parameter where name='epsilon' and model_id=(select id from model where name='sgd_classifier')), (select id from parameter_type where name='float'), (select id from parameter_distribution_type where name='uniform'), 0);
INSERT INTO parameter_type_definition(parameter_id, parameter_type_id, parameter_distribution_type_id, ordering) VALUES ((select id from parameter where name='eta0' and model_id=(select id from model where name='sgd_classifier')), (select id from parameter_type where name='float'), (select id from parameter_distribution_type where name='uniform'), 0);
INSERT INTO parameter_type_definition(parameter_id, parameter_type_id, parameter_distribution_type_id, ordering) VALUES ((select id from parameter where name='fit_intercept' and model_id=(select id from model where name='sgd_classifier')), (select id from parameter_type where name='boolean'), (select id from parameter_distribution_type where name='uniform'), 0);
INSERT INTO parameter_type_definition(parameter_id, parameter_type_id, parameter_distribution_type_id, ordering) VALUES ((select id from parameter where name='l1_ratio' and model_id=(select id from model where name='sgd_classifier')), (select id from parameter_type where name='float'), (select id from parameter_distribution_type where name='uniform'), 0);
INSERT INTO parameter_type_definition(parameter_id, parameter_type_id, parameter_distribution_type_id, ordering) VALUES ((select id from parameter where name='learning_rate' and model_id=(select id from model where name='sgd_classifier')), (select id from parameter_type where name='categorical'), (select id from parameter_distribution_type where name='uniform'), 0);
INSERT INTO parameter_type_definition(parameter_id, parameter_type_id, parameter_distribution_type_id, ordering) VALUES ((select id from parameter where name='loss' and model_id=(select id from model where name='sgd_classifier')), (select id from parameter_type where name='categorical'), (select id from parameter_distribution_type where name='uniform'), 0);
INSERT INTO parameter_type_definition(parameter_id, parameter_type_id, parameter_distribution_type_id, ordering) VALUES ((select id from parameter where name='max_iter' and model_id=(select id from model where name='sgd_classifier')), (select id from parameter_type where name='integer'), (select id from parameter_distribution_type where name='uniform'), 0);
INSERT INTO parameter_type_definition(parameter_id, parameter_type_id, parameter_distribution_type_id, ordering) VALUES ((select id from parameter where name='n_iter_no_change' and model_id=(select id from model where name='sgd_classifier')), (select id from parameter_type where name='integer'), (select id from parameter_distribution_type where name='uniform'), 0);
INSERT INTO parameter_type_definition(parameter_id, parameter_type_id, parameter_distribution_type_id, ordering) VALUES ((select id from parameter where name='penalty' and model_id=(select id from model where name='sgd_classifier')), (select id from parameter_type where name='categorical'), (select id from parameter_distribution_type where name='uniform'), 0);
INSERT INTO parameter_type_definition(parameter_id, parameter_type_id, parameter_distribution_type_id, ordering) VALUES ((select id from parameter where name='power_t' and model_id=(select id from model where name='sgd_classifier')), (select id from parameter_type where name='float'), (select id from parameter_distribution_type where name='uniform'), 0);
INSERT INTO parameter_type_definition(parameter_id, parameter_type_id, parameter_distribution_type_id, ordering) VALUES ((select id from parameter where name='shuffle' and model_id=(select id from model where name='sgd_classifier')), (select id from parameter_type where name='boolean'), (select id from parameter_distribution_type where name='uniform'), 0);
INSERT INTO parameter_type_definition(parameter_id, parameter_type_id, parameter_distribution_type_id, ordering) VALUES ((select id from parameter where name='tol' and model_id=(select id from model where name='sgd_classifier')), (select id from parameter_type where name='float'), (select id from parameter_distribution_type where name='uniform'), 0);
INSERT INTO parameter_type_definition(parameter_id, parameter_type_id, parameter_distribution_type_id, ordering) VALUES ((select id from parameter where name='validation_fraction' and model_id=(select id from model where name='sgd_classifier')), (select id from parameter_type where name='float'), (select id from parameter_distribution_type where name='uniform'), 0);
INSERT INTO float_parameter(parameter_type_definition_id, default_value) VALUES ((select id from parameter_type_definition where parameter_id=(select id from parameter where name='alpha' and model_id=(select id from model where name='sgd_classifier') and parameter_type_id=(select id from parameter_type where name='float'))), 0.000100);
INSERT INTO float_parameter_range(parameter_type_definition_id, is_left_open, is_right_open, lower, upper) VALUES ((select id from parameter_type_definition where parameter_id=(select id from parameter where name='alpha' and model_id=(select id from model where name='sgd_classifier') and parameter_type_id=(select id from parameter_type where name='float'))), true, true, 0.000000, 0.100000);
INSERT INTO boolean_parameter(parameter_type_definition_id, default_value) VALUES ((select id from parameter_type_definition where parameter_id=(select id from parameter where name='average' and model_id=(select id from model where name='sgd_classifier') and parameter_type_id=(select id from parameter_type where name='boolean'))), false);
INSERT INTO categorical_parameter(parameter_type_definition_id, default_value) VALUES ((select id from parameter_type_definition where parameter_id=(select id from parameter where name='class_weight' and model_id=(select id from model where name='sgd_classifier') and parameter_type_id=(select id from parameter_type where name='categorical'))), 'None');
INSERT INTO categorical_parameter_value(parameter_type_definition_id, value) VALUES ((select id from parameter_type_definition where parameter_id=(select id from parameter where name='class_weight' and model_id=(select id from model where name='sgd_classifier') and parameter_type_id=(select id from parameter_type where name='categorical'))), 'balanced');
INSERT INTO categorical_parameter_value(parameter_type_definition_id, value) VALUES ((select id from parameter_type_definition where parameter_id=(select id from parameter where name='class_weight' and model_id=(select id from model where name='sgd_classifier') and parameter_type_id=(select id from parameter_type where name='categorical'))), 'None');
INSERT INTO boolean_parameter(parameter_type_definition_id, default_value) VALUES ((select id from parameter_type_definition where parameter_id=(select id from parameter where name='early_stopping' and model_id=(select id from model where name='sgd_classifier') and parameter_type_id=(select id from parameter_type where name='boolean'))), false);
INSERT INTO float_parameter(parameter_type_definition_id, default_value) VALUES ((select id from parameter_type_definition where parameter_id=(select id from parameter where name='epsilon' and model_id=(select id from model where name='sgd_classifier') and parameter_type_id=(select id from parameter_type where name='float'))), 0.100000);
INSERT INTO float_parameter_range(parameter_type_definition_id, is_left_open, is_right_open, lower, upper) VALUES ((select id from parameter_type_definition where parameter_id=(select id from parameter where name='epsilon' and model_id=(select id from model where name='sgd_classifier') and parameter_type_id=(select id from parameter_type where name='float'))), true, true, 0.000000, 1.000000);
INSERT INTO float_parameter(parameter_type_definition_id, default_value) VALUES ((select id from parameter_type_definition where parameter_id=(select id from parameter where name='eta0' and model_id=(select id from model where name='sgd_classifier') and parameter_type_id=(select id from parameter_type where name='float'))), 0.000000);
INSERT INTO float_parameter_range(parameter_type_definition_id, is_left_open, is_right_open, lower, upper) VALUES ((select id from parameter_type_definition where parameter_id=(select id from parameter where name='eta0' and model_id=(select id from model where name='sgd_classifier') and parameter_type_id=(select id from parameter_type where name='float'))), true, true, 0.000000, 1.000000);
INSERT INTO boolean_parameter(parameter_type_definition_id, default_value) VALUES ((select id from parameter_type_definition where parameter_id=(select id from parameter where name='fit_intercept' and model_id=(select id from model where name='sgd_classifier') and parameter_type_id=(select id from parameter_type where name='boolean'))), true);
INSERT INTO float_parameter(parameter_type_definition_id, default_value) VALUES ((select id from parameter_type_definition where parameter_id=(select id from parameter where name='l1_ratio' and model_id=(select id from model where name='sgd_classifier') and parameter_type_id=(select id from parameter_type where name='float'))), 0.150000);
INSERT INTO float_parameter_range(parameter_type_definition_id, is_left_open, is_right_open, lower, upper) VALUES ((select id from parameter_type_definition where parameter_id=(select id from parameter where name='l1_ratio' and model_id=(select id from model where name='sgd_classifier') and parameter_type_id=(select id from parameter_type where name='float'))), true, true, 0.000000, 1.000000);
INSERT INTO categorical_parameter(parameter_type_definition_id, default_value) VALUES ((select id from parameter_type_definition where parameter_id=(select id from parameter where name='learning_rate' and model_id=(select id from model where name='sgd_classifier') and parameter_type_id=(select id from parameter_type where name='categorical'))), 'optimal');
INSERT INTO categorical_parameter_value(parameter_type_definition_id, value) VALUES ((select id from parameter_type_definition where parameter_id=(select id from parameter where name='learning_rate' and model_id=(select id from model where name='sgd_classifier') and parameter_type_id=(select id from parameter_type where name='categorical'))), 'invscaling');
INSERT INTO categorical_parameter_value(parameter_type_definition_id, value) VALUES ((select id from parameter_type_definition where parameter_id=(select id from parameter where name='learning_rate' and model_id=(select id from model where name='sgd_classifier') and parameter_type_id=(select id from parameter_type where name='categorical'))), 'adaptive');
INSERT INTO categorical_parameter_value(parameter_type_definition_id, value) VALUES ((select id from parameter_type_definition where parameter_id=(select id from parameter where name='learning_rate' and model_id=(select id from model where name='sgd_classifier') and parameter_type_id=(select id from parameter_type where name='categorical'))), 'constant');
INSERT INTO categorical_parameter_value(parameter_type_definition_id, value) VALUES ((select id from parameter_type_definition where parameter_id=(select id from parameter where name='learning_rate' and model_id=(select id from model where name='sgd_classifier') and parameter_type_id=(select id from parameter_type where name='categorical'))), 'optimal');
INSERT INTO categorical_parameter(parameter_type_definition_id, default_value) VALUES ((select id from parameter_type_definition where parameter_id=(select id from parameter where name='loss' and model_id=(select id from model where name='sgd_classifier') and parameter_type_id=(select id from parameter_type where name='categorical'))), 'hinge');
INSERT INTO categorical_parameter_value(parameter_type_definition_id, value) VALUES ((select id from parameter_type_definition where parameter_id=(select id from parameter where name='loss' and model_id=(select id from model where name='sgd_classifier') and parameter_type_id=(select id from parameter_type where name='categorical'))), 'squared_hinge');
INSERT INTO categorical_parameter_value(parameter_type_definition_id, value) VALUES ((select id from parameter_type_definition where parameter_id=(select id from parameter where name='loss' and model_id=(select id from model where name='sgd_classifier') and parameter_type_id=(select id from parameter_type where name='categorical'))), 'squared_error');
INSERT INTO categorical_parameter_value(parameter_type_definition_id, value) VALUES ((select id from parameter_type_definition where parameter_id=(select id from parameter where name='loss' and model_id=(select id from model where name='sgd_classifier') and parameter_type_id=(select id from parameter_type where name='categorical'))), 'modified_huber');
INSERT INTO categorical_parameter_value(parameter_type_definition_id, value) VALUES ((select id from parameter_type_definition where parameter_id=(select id from parameter where name='loss' and model_id=(select id from model where name='sgd_classifier') and parameter_type_id=(select id from parameter_type where name='categorical'))), 'epsilon_insensitive');
INSERT INTO categorical_parameter_value(parameter_type_definition_id, value) VALUES ((select id from parameter_type_definition where parameter_id=(select id from parameter where name='loss' and model_id=(select id from model where name='sgd_classifier') and parameter_type_id=(select id from parameter_type where name='categorical'))), 'log');
INSERT INTO categorical_parameter_value(parameter_type_definition_id, value) VALUES ((select id from parameter_type_definition where parameter_id=(select id from parameter where name='loss' and model_id=(select id from model where name='sgd_classifier') and parameter_type_id=(select id from parameter_type where name='categorical'))), 'squared_epsilon_insensitive');
INSERT INTO categorical_parameter_value(parameter_type_definition_id, value) VALUES ((select id from parameter_type_definition where parameter_id=(select id from parameter where name='loss' and model_id=(select id from model where name='sgd_classifier') and parameter_type_id=(select id from parameter_type where name='categorical'))), 'hinge');
INSERT INTO categorical_parameter_value(parameter_type_definition_id, value) VALUES ((select id from parameter_type_definition where parameter_id=(select id from parameter where name='loss' and model_id=(select id from model where name='sgd_classifier') and parameter_type_id=(select id from parameter_type where name='categorical'))), 'perceptron');
INSERT INTO categorical_parameter_value(parameter_type_definition_id, value) VALUES ((select id from parameter_type_definition where parameter_id=(select id from parameter where name='loss' and model_id=(select id from model where name='sgd_classifier') and parameter_type_id=(select id from parameter_type where name='categorical'))), 'huber');
INSERT INTO integer_parameter(parameter_type_definition_id, default_value) VALUES ((select id from parameter_type_definition where parameter_id=(select id from parameter where name='max_iter' and model_id=(select id from model where name='sgd_classifier') and parameter_type_id=(select id from parameter_type where name='integer'))), 1000);
INSERT INTO integer_parameter_value(parameter_type_definition_id, lower, upper) VALUES ((select id from parameter_type_definition where parameter_id=(select id from parameter where name='max_iter' and model_id=(select id from model where name='sgd_classifier') and parameter_type_id=(select id from parameter_type where name='integer'))), 0, 2001);
INSERT INTO integer_parameter(parameter_type_definition_id, default_value) VALUES ((select id from parameter_type_definition where parameter_id=(select id from parameter where name='n_iter_no_change' and model_id=(select id from model where name='sgd_classifier') and parameter_type_id=(select id from parameter_type where name='integer'))), 5);
INSERT INTO integer_parameter_value(parameter_type_definition_id, lower, upper) VALUES ((select id from parameter_type_definition where parameter_id=(select id from parameter where name='n_iter_no_change' and model_id=(select id from model where name='sgd_classifier') and parameter_type_id=(select id from parameter_type where name='integer'))), 1, 11);
INSERT INTO categorical_parameter(parameter_type_definition_id, default_value) VALUES ((select id from parameter_type_definition where parameter_id=(select id from parameter where name='penalty' and model_id=(select id from model where name='sgd_classifier') and parameter_type_id=(select id from parameter_type where name='categorical'))), 'l2');
INSERT INTO categorical_parameter_value(parameter_type_definition_id, value) VALUES ((select id from parameter_type_definition where parameter_id=(select id from parameter where name='penalty' and model_id=(select id from model where name='sgd_classifier') and parameter_type_id=(select id from parameter_type where name='categorical'))), 'l1');
INSERT INTO categorical_parameter_value(parameter_type_definition_id, value) VALUES ((select id from parameter_type_definition where parameter_id=(select id from parameter where name='penalty' and model_id=(select id from model where name='sgd_classifier') and parameter_type_id=(select id from parameter_type where name='categorical'))), 'l2');
INSERT INTO categorical_parameter_value(parameter_type_definition_id, value) VALUES ((select id from parameter_type_definition where parameter_id=(select id from parameter where name='penalty' and model_id=(select id from model where name='sgd_classifier') and parameter_type_id=(select id from parameter_type where name='categorical'))), 'elasticnet');
INSERT INTO float_parameter(parameter_type_definition_id, default_value) VALUES ((select id from parameter_type_definition where parameter_id=(select id from parameter where name='power_t' and model_id=(select id from model where name='sgd_classifier') and parameter_type_id=(select id from parameter_type where name='float'))), 0.500000);
INSERT INTO float_parameter_range(parameter_type_definition_id, is_left_open, is_right_open, lower, upper) VALUES ((select id from parameter_type_definition where parameter_id=(select id from parameter where name='power_t' and model_id=(select id from model where name='sgd_classifier') and parameter_type_id=(select id from parameter_type where name='float'))), true, true, 0.000000, 50.000000);
INSERT INTO boolean_parameter(parameter_type_definition_id, default_value) VALUES ((select id from parameter_type_definition where parameter_id=(select id from parameter where name='shuffle' and model_id=(select id from model where name='sgd_classifier') and parameter_type_id=(select id from parameter_type where name='boolean'))), true);
INSERT INTO float_parameter(parameter_type_definition_id, default_value) VALUES ((select id from parameter_type_definition where parameter_id=(select id from parameter where name='tol' and model_id=(select id from model where name='sgd_classifier') and parameter_type_id=(select id from parameter_type where name='float'))), 0.001000);
INSERT INTO float_parameter_range(parameter_type_definition_id, is_left_open, is_right_open, lower, upper) VALUES ((select id from parameter_type_definition where parameter_id=(select id from parameter where name='tol' and model_id=(select id from model where name='sgd_classifier') and parameter_type_id=(select id from parameter_type where name='float'))), true, true, 0.000000, 0.100000);
INSERT INTO float_parameter(parameter_type_definition_id, default_value) VALUES ((select id from parameter_type_definition where parameter_id=(select id from parameter where name='validation_fraction' and model_id=(select id from model where name='sgd_classifier') and parameter_type_id=(select id from parameter_type where name='float'))), 0.100000);
INSERT INTO float_parameter_range(parameter_type_definition_id, is_left_open, is_right_open, lower, upper) VALUES ((select id from parameter_type_definition where parameter_id=(select id from parameter where name='validation_fraction' and model_id=(select id from model where name='sgd_classifier') and parameter_type_id=(select id from parameter_type where name='float'))), true, true, 0.000000, 0.999900);
INSERT INTO model(name, ml_task_id, description, display_name, structure_id, advantages, disadvantages, enabled, ensemble_type_id, family_type_id, decision_tree, model_type_id) VALUES ('passive_aggressive_classifier', (select id from ml_task_type where name='classification'),'Passive Aggressive Classifier is a family of algorithms for large-scale learning. It is similar to the Perceptron in that they do not require a learning rate but contrary to the Perceptron in that they include a regularization parameter.', 'Passive Aggressive Classifier', (select id from model_structure_type where name='base'), '{It is suitable for large-scale learning}', '{It has the problem of learning many simple functions}', true, (select id from model_ensemble_type where name='none'),(select id from model_family_type where name='linear'), false, (select id from model_type where name='Linear Model'));
INSERT INTO parameter(name, label, description, enabled, fixed_value, ordering, model_id) VALUES ('C', 'C', 'Inverse of regularization strength; must be a positive float. Like in support vector machines, smaller values specify stronger regularization.', true, false, 1, (select id from Model where name='passive_aggressive_classifier'));
INSERT INTO parameter(name, label, description, enabled, fixed_value, ordering, model_id) VALUES ('average', 'Average', 'When set to True, computes the averaged SGD weights accross all updates and stores the result in the coef_ attribute.', false, false, 2, (select id from Model where name='passive_aggressive_classifier'));
INSERT INTO parameter(name, label, description, enabled, fixed_value, ordering, model_id) VALUES ('class_weight', 'Class weight', 'Weights associated with classes in the form {class_label: weight}. If not given, all classes are supposed to have weight one. The “balanced” mode uses the values of y to automatically adjust weights inversely proportional to class frequencies in the input data as n_samples / (n_classes * np.bincount(y)).', false, false, 3, (select id from Model where name='passive_aggressive_classifier'));
INSERT INTO parameter(name, label, description, enabled, fixed_value, ordering, model_id) VALUES ('early_stopping', 'Early stopping', 'Whether to use early stopping to terminate training when validation score is not improving.', false, false, 4, (select id from Model where name='passive_aggressive_classifier'));
INSERT INTO parameter(name, label, description, enabled, fixed_value, ordering, model_id) VALUES ('fit_intercept', 'Calculate Intercept', 'Whether to calculate the intercept for this model. If set to False, no intercept will be used in calculations (i.e. data is expected to be centered).', false, false, 5, (select id from Model where name='passive_aggressive_classifier'));
INSERT INTO parameter(name, label, description, enabled, fixed_value, ordering, model_id) VALUES ('loss', 'Loss', 'Loss function to be optimized.', true, false, 6, (select id from Model where name='passive_aggressive_classifier'));
INSERT INTO parameter(name, label, description, enabled, fixed_value, ordering, model_id) VALUES ('max_iter', 'Maximum number of iterations', '    Maximum number of iterations taken for the solvers to converge.', true, false, 7, (select id from Model where name='passive_aggressive_classifier'));
INSERT INTO parameter(name, label, description, enabled, fixed_value, ordering, model_id) VALUES ('n_iter_no_change', 'Maximum number of iterations with no change', 'Maximum number of epochs to not meet tol improvement. Only effective when solver=''sgd'' or ''adam''.', false, false, 8, (select id from Model where name='passive_aggressive_classifier'));
INSERT INTO parameter(name, label, description, enabled, fixed_value, ordering, model_id) VALUES ('shuffle', 'Shuffle', 'Whether to shuffle samples in each iteration.', false, false, 9, (select id from Model where name='passive_aggressive_classifier'));
INSERT INTO parameter(name, label, description, enabled, fixed_value, ordering, model_id) VALUES ('tol', 'Tolerance', 'Maximum norm of the residual.', true, false, 10, (select id from Model where name='passive_aggressive_classifier'));
INSERT INTO parameter(name, label, description, enabled, fixed_value, ordering, model_id) VALUES ('validation_fraction', 'Validation fraction', 'The proportion of training data to set aside as validation set for early stopping.', false, false, 11, (select id from Model where name='passive_aggressive_classifier'));
INSERT INTO rel_model__incompatible_metrics(model_id, metric_id) VALUES ((select id from model where name='passive_aggressive_classifier'), (select id from metric where name='classification-log-loss'));
INSERT INTO rel_model__incompatible_metrics(model_id, metric_id) VALUES ((select id from model where name='passive_aggressive_classifier'), (select id from metric where name='classification-roc'));
INSERT INTO parameter_type_definition(parameter_id, parameter_type_id, parameter_distribution_type_id, ordering) VALUES ((select id from parameter where name='C' and model_id=(select id from model where name='passive_aggressive_classifier')), (select id from parameter_type where name='float'), (select id from parameter_distribution_type where name='uniform'), 0);
INSERT INTO parameter_type_definition(parameter_id, parameter_type_id, parameter_distribution_type_id, ordering) VALUES ((select id from parameter where name='average' and model_id=(select id from model where name='passive_aggressive_classifier')), (select id from parameter_type where name='boolean'), (select id from parameter_distribution_type where name='uniform'), 0);
INSERT INTO parameter_type_definition(parameter_id, parameter_type_id, parameter_distribution_type_id, ordering) VALUES ((select id from parameter where name='class_weight' and model_id=(select id from model where name='passive_aggressive_classifier')), (select id from parameter_type where name='categorical'), (select id from parameter_distribution_type where name='uniform'), 0);
INSERT INTO parameter_type_definition(parameter_id, parameter_type_id, parameter_distribution_type_id, ordering) VALUES ((select id from parameter where name='early_stopping' and model_id=(select id from model where name='passive_aggressive_classifier')), (select id from parameter_type where name='boolean'), (select id from parameter_distribution_type where name='uniform'), 0);
INSERT INTO parameter_type_definition(parameter_id, parameter_type_id, parameter_distribution_type_id, ordering) VALUES ((select id from parameter where name='fit_intercept' and model_id=(select id from model where name='passive_aggressive_classifier')), (select id from parameter_type where name='boolean'), (select id from parameter_distribution_type where name='uniform'), 0);
INSERT INTO parameter_type_definition(parameter_id, parameter_type_id, parameter_distribution_type_id, ordering) VALUES ((select id from parameter where name='loss' and model_id=(select id from model where name='passive_aggressive_classifier')), (select id from parameter_type where name='categorical'), (select id from parameter_distribution_type where name='uniform'), 0);
INSERT INTO parameter_type_definition(parameter_id, parameter_type_id, parameter_distribution_type_id, ordering) VALUES ((select id from parameter where name='max_iter' and model_id=(select id from model where name='passive_aggressive_classifier')), (select id from parameter_type where name='integer'), (select id from parameter_distribution_type where name='uniform'), 0);
INSERT INTO parameter_type_definition(parameter_id, parameter_type_id, parameter_distribution_type_id, ordering) VALUES ((select id from parameter where name='n_iter_no_change' and model_id=(select id from model where name='passive_aggressive_classifier')), (select id from parameter_type where name='integer'), (select id from parameter_distribution_type where name='uniform'), 0);
INSERT INTO parameter_type_definition(parameter_id, parameter_type_id, parameter_distribution_type_id, ordering) VALUES ((select id from parameter where name='shuffle' and model_id=(select id from model where name='passive_aggressive_classifier')), (select id from parameter_type where name='boolean'), (select id from parameter_distribution_type where name='uniform'), 0);
INSERT INTO parameter_type_definition(parameter_id, parameter_type_id, parameter_distribution_type_id, ordering) VALUES ((select id from parameter where name='tol' and model_id=(select id from model where name='passive_aggressive_classifier')), (select id from parameter_type where name='float'), (select id from parameter_distribution_type where name='uniform'), 0);
INSERT INTO parameter_type_definition(parameter_id, parameter_type_id, parameter_distribution_type_id, ordering) VALUES ((select id from parameter where name='validation_fraction' and model_id=(select id from model where name='passive_aggressive_classifier')), (select id from parameter_type where name='float'), (select id from parameter_distribution_type where name='uniform'), 0);
INSERT INTO float_parameter(parameter_type_definition_id, default_value) VALUES ((select id from parameter_type_definition where parameter_id=(select id from parameter where name='C' and model_id=(select id from model where name='passive_aggressive_classifier') and parameter_type_id=(select id from parameter_type where name='float'))), 1.000000);
INSERT INTO float_parameter_range(parameter_type_definition_id, is_left_open, is_right_open, lower, upper) VALUES ((select id from parameter_type_definition where parameter_id=(select id from parameter where name='C' and model_id=(select id from model where name='passive_aggressive_classifier') and parameter_type_id=(select id from parameter_type where name='float'))), true, true, 0.000000, 1.000000);
INSERT INTO boolean_parameter(parameter_type_definition_id, default_value) VALUES ((select id from parameter_type_definition where parameter_id=(select id from parameter where name='average' and model_id=(select id from model where name='passive_aggressive_classifier') and parameter_type_id=(select id from parameter_type where name='boolean'))), false);
INSERT INTO categorical_parameter(parameter_type_definition_id, default_value) VALUES ((select id from parameter_type_definition where parameter_id=(select id from parameter where name='class_weight' and model_id=(select id from model where name='passive_aggressive_classifier') and parameter_type_id=(select id from parameter_type where name='categorical'))), 'None');
INSERT INTO categorical_parameter_value(parameter_type_definition_id, value) VALUES ((select id from parameter_type_definition where parameter_id=(select id from parameter where name='class_weight' and model_id=(select id from model where name='passive_aggressive_classifier') and parameter_type_id=(select id from parameter_type where name='categorical'))), 'balanced');
INSERT INTO categorical_parameter_value(parameter_type_definition_id, value) VALUES ((select id from parameter_type_definition where parameter_id=(select id from parameter where name='class_weight' and model_id=(select id from model where name='passive_aggressive_classifier') and parameter_type_id=(select id from parameter_type where name='categorical'))), 'None');
INSERT INTO boolean_parameter(parameter_type_definition_id, default_value) VALUES ((select id from parameter_type_definition where parameter_id=(select id from parameter where name='early_stopping' and model_id=(select id from model where name='passive_aggressive_classifier') and parameter_type_id=(select id from parameter_type where name='boolean'))), false);
INSERT INTO boolean_parameter(parameter_type_definition_id, default_value) VALUES ((select id from parameter_type_definition where parameter_id=(select id from parameter where name='fit_intercept' and model_id=(select id from model where name='passive_aggressive_classifier') and parameter_type_id=(select id from parameter_type where name='boolean'))), true);
INSERT INTO categorical_parameter(parameter_type_definition_id, default_value) VALUES ((select id from parameter_type_definition where parameter_id=(select id from parameter where name='loss' and model_id=(select id from model where name='passive_aggressive_classifier') and parameter_type_id=(select id from parameter_type where name='categorical'))), 'hinge');
INSERT INTO categorical_parameter_value(parameter_type_definition_id, value) VALUES ((select id from parameter_type_definition where parameter_id=(select id from parameter where name='loss' and model_id=(select id from model where name='passive_aggressive_classifier') and parameter_type_id=(select id from parameter_type where name='categorical'))), 'hinge');
INSERT INTO categorical_parameter_value(parameter_type_definition_id, value) VALUES ((select id from parameter_type_definition where parameter_id=(select id from parameter where name='loss' and model_id=(select id from model where name='passive_aggressive_classifier') and parameter_type_id=(select id from parameter_type where name='categorical'))), 'squared_hinge');
INSERT INTO integer_parameter(parameter_type_definition_id, default_value) VALUES ((select id from parameter_type_definition where parameter_id=(select id from parameter where name='max_iter' and model_id=(select id from model where name='passive_aggressive_classifier') and parameter_type_id=(select id from parameter_type where name='integer'))), 1000);
INSERT INTO integer_parameter_value(parameter_type_definition_id, lower, upper) VALUES ((select id from parameter_type_definition where parameter_id=(select id from parameter where name='max_iter' and model_id=(select id from model where name='passive_aggressive_classifier') and parameter_type_id=(select id from parameter_type where name='integer'))), 0, 2001);
INSERT INTO integer_parameter(parameter_type_definition_id, default_value) VALUES ((select id from parameter_type_definition where parameter_id=(select id from parameter where name='n_iter_no_change' and model_id=(select id from model where name='passive_aggressive_classifier') and parameter_type_id=(select id from parameter_type where name='integer'))), 5);
INSERT INTO integer_parameter_value(parameter_type_definition_id, lower, upper) VALUES ((select id from parameter_type_definition where parameter_id=(select id from parameter where name='n_iter_no_change' and model_id=(select id from model where name='passive_aggressive_classifier') and parameter_type_id=(select id from parameter_type where name='integer'))), 2, 11);
INSERT INTO boolean_parameter(parameter_type_definition_id, default_value) VALUES ((select id from parameter_type_definition where parameter_id=(select id from parameter where name='shuffle' and model_id=(select id from model where name='passive_aggressive_classifier') and parameter_type_id=(select id from parameter_type where name='boolean'))), true);
INSERT INTO float_parameter(parameter_type_definition_id, default_value) VALUES ((select id from parameter_type_definition where parameter_id=(select id from parameter where name='tol' and model_id=(select id from model where name='passive_aggressive_classifier') and parameter_type_id=(select id from parameter_type where name='float'))), 0.001000);
INSERT INTO float_parameter_range(parameter_type_definition_id, is_left_open, is_right_open, lower, upper) VALUES ((select id from parameter_type_definition where parameter_id=(select id from parameter where name='tol' and model_id=(select id from model where name='passive_aggressive_classifier') and parameter_type_id=(select id from parameter_type where name='float'))), true, true, 0.000000, 1.000000);
INSERT INTO float_parameter(parameter_type_definition_id, default_value) VALUES ((select id from parameter_type_definition where parameter_id=(select id from parameter where name='validation_fraction' and model_id=(select id from model where name='passive_aggressive_classifier') and parameter_type_id=(select id from parameter_type where name='float'))), 0.100000);
INSERT INTO float_parameter_range(parameter_type_definition_id, is_left_open, is_right_open, lower, upper) VALUES ((select id from parameter_type_definition where parameter_id=(select id from parameter where name='validation_fraction' and model_id=(select id from model where name='passive_aggressive_classifier') and parameter_type_id=(select id from parameter_type where name='float'))), true, true, 0.000000, 0.999900);
INSERT INTO model(name, ml_task_id, description, display_name, structure_id, advantages, disadvantages, enabled, ensemble_type_id, family_type_id, decision_tree, model_type_id) VALUES ('stratified_dummy_classifier', (select id from ml_task_type where name='classification'),'The stratified dummy classifier makes predictions by sampling from the distribution of the training class labels.', 'Stratified Dummy Classifier', (select id from model_structure_type where name='base'), '{Easily explainable.,Fast to train.,Provides a reference with which to compare other models.}', '{Ignores all feature information.,Poor performance.}', true, (select id from model_ensemble_type where name='other'),(select id from model_family_type where name='other'), false, (select id from model_type where name='Baseline Model'));
INSERT INTO model(name, ml_task_id, description, display_name, structure_id, advantages, disadvantages, enabled, ensemble_type_id, family_type_id, decision_tree, model_type_id) VALUES ('quadratic_discriminant_analysis_classifier', (select id from ml_task_type where name='classification'),'Quadratic Discriminant Analysis Classifier generates a quadratic decision boundary via fitting class conditional densities to the data and applying Bayes rule. In this model, all classes are assumed to share the same covariance matrix and fitted by the Gaussian density.', 'Quadratic Discriminant Analysis Classifier', (select id from model_structure_type where name='base'), '{It has a closed-form solution,It is easy to implement,It has no hyperparameters to tune}', '{It requires normal distribution assumption on features}', true, (select id from model_ensemble_type where name='none'),(select id from model_family_type where name='other'), false, (select id from model_type where name='Bayesian Model'));
INSERT INTO parameter(name, label, description, enabled, fixed_value, ordering, model_id) VALUES ('reg_param', 'Regularise covariance estimates', 'Regularizes the per-class covariance estimates by transforming S2 as S2 = (1 - reg_param) * S2 + reg_param * np.eye(n_features), where S2 corresponds to the scaling_ attribute of a given class.', true, false, 1, (select id from Model where name='quadratic_discriminant_analysis_classifier'));
INSERT INTO parameter(name, label, description, enabled, fixed_value, ordering, model_id) VALUES ('tol', 'Tolerance', 'Maximum norm of the residual.', true, false, 2, (select id from Model where name='quadratic_discriminant_analysis_classifier'));
INSERT INTO parameter_type_definition(parameter_id, parameter_type_id, parameter_distribution_type_id, ordering) VALUES ((select id from parameter where name='reg_param' and model_id=(select id from model where name='quadratic_discriminant_analysis_classifier')), (select id from parameter_type where name='float'), (select id from parameter_distribution_type where name='uniform'), 0);
INSERT INTO parameter_type_definition(parameter_id, parameter_type_id, parameter_distribution_type_id, ordering) VALUES ((select id from parameter where name='tol' and model_id=(select id from model where name='quadratic_discriminant_analysis_classifier')), (select id from parameter_type where name='float'), (select id from parameter_distribution_type where name='uniform'), 0);
INSERT INTO float_parameter(parameter_type_definition_id, default_value) VALUES ((select id from parameter_type_definition where parameter_id=(select id from parameter where name='reg_param' and model_id=(select id from model where name='quadratic_discriminant_analysis_classifier') and parameter_type_id=(select id from parameter_type where name='float'))), 0.000000);
INSERT INTO float_parameter_range(parameter_type_definition_id, is_left_open, is_right_open, lower, upper) VALUES ((select id from parameter_type_definition where parameter_id=(select id from parameter where name='reg_param' and model_id=(select id from model where name='quadratic_discriminant_analysis_classifier') and parameter_type_id=(select id from parameter_type where name='float'))), true, true, 0.000000, 1.000000);
INSERT INTO float_parameter(parameter_type_definition_id, default_value) VALUES ((select id from parameter_type_definition where parameter_id=(select id from parameter where name='tol' and model_id=(select id from model where name='quadratic_discriminant_analysis_classifier') and parameter_type_id=(select id from parameter_type where name='float'))), 0.000100);
INSERT INTO float_parameter_range(parameter_type_definition_id, is_left_open, is_right_open, lower, upper) VALUES ((select id from parameter_type_definition where parameter_id=(select id from parameter where name='tol' and model_id=(select id from model where name='quadratic_discriminant_analysis_classifier') and parameter_type_id=(select id from parameter_type where name='float'))), true, true, 0.000000, 1.000000);
INSERT INTO model(name, ml_task_id, description, display_name, structure_id, advantages, disadvantages, enabled, ensemble_type_id, family_type_id, decision_tree, model_type_id) VALUES ('linear_discriminant_analysis_classifier', (select id from ml_task_type where name='classification'),'Linear Discriminant Analysis Classifier generates a linear decision boundary via fitting class conditional densities to the data and applying Bayes rule. In this model, all classes are assumed to share the same covariance matrix and fitted by the Gaussian density.', 'Linear Discriminant Analysis Classifier', (select id from model_structure_type where name='base'), '{It has a closed-form solution,It is easy to implement,It has no hyperparameters to tune}', '{It requires normal distribution assumption on features}', true, (select id from model_ensemble_type where name='none'),(select id from model_family_type where name='linear'), false, (select id from model_type where name='Bayesian Model'));
INSERT INTO parameter(name, label, description, enabled, fixed_value, ordering, model_id) VALUES ('shrinkage', 'Shrinkage', 'Shrinkage parameter.', false, false, 1, (select id from Model where name='linear_discriminant_analysis_classifier'));
INSERT INTO parameter(name, label, description, enabled, fixed_value, ordering, model_id) VALUES ('solver', 'Solver', 'Solver to use.', false, false, 2, (select id from Model where name='linear_discriminant_analysis_classifier'));
INSERT INTO parameter(name, label, description, enabled, fixed_value, ordering, model_id) VALUES ('tol', 'Tolerance', 'Maximum norm of the residual.', true, false, 3, (select id from Model where name='linear_discriminant_analysis_classifier'));
INSERT INTO parameter_type_definition(parameter_id, parameter_type_id, parameter_distribution_type_id, ordering) VALUES ((select id from parameter where name='shrinkage' and model_id=(select id from model where name='linear_discriminant_analysis_classifier')), (select id from parameter_type where name='categorical'), (select id from parameter_distribution_type where name='uniform'), 0);
INSERT INTO parameter_type_definition(parameter_id, parameter_type_id, parameter_distribution_type_id, ordering) VALUES ((select id from parameter where name='shrinkage' and model_id=(select id from model where name='linear_discriminant_analysis_classifier')), (select id from parameter_type where name='float'), (select id from parameter_distribution_type where name='uniform'), 1);
INSERT INTO parameter_type_definition(parameter_id, parameter_type_id, parameter_distribution_type_id, ordering) VALUES ((select id from parameter where name='solver' and model_id=(select id from model where name='linear_discriminant_analysis_classifier')), (select id from parameter_type where name='categorical'), (select id from parameter_distribution_type where name='uniform'), 0);
INSERT INTO parameter_type_definition(parameter_id, parameter_type_id, parameter_distribution_type_id, ordering) VALUES ((select id from parameter where name='tol' and model_id=(select id from model where name='linear_discriminant_analysis_classifier')), (select id from parameter_type where name='float'), (select id from parameter_distribution_type where name='uniform'), 0);
INSERT INTO categorical_parameter(parameter_type_definition_id, default_value) VALUES ((select id from parameter_type_definition where parameter_id=(select id from parameter where name='shrinkage' and model_id=(select id from model where name='linear_discriminant_analysis_classifier') and parameter_type_id=(select id from parameter_type where name='categorical'))), 'None');
INSERT INTO categorical_parameter_value(parameter_type_definition_id, value) VALUES ((select id from parameter_type_definition where parameter_id=(select id from parameter where name='shrinkage' and model_id=(select id from model where name='linear_discriminant_analysis_classifier') and parameter_type_id=(select id from parameter_type where name='categorical'))), 'None');
INSERT INTO float_parameter(parameter_type_definition_id, default_value) VALUES ((select id from parameter_type_definition where parameter_id=(select id from parameter where name='shrinkage' and model_id=(select id from model where name='linear_discriminant_analysis_classifier') and parameter_type_id=(select id from parameter_type where name='float'))), null);
INSERT INTO float_parameter_range(parameter_type_definition_id, is_left_open, is_right_open, lower, upper) VALUES ((select id from parameter_type_definition where parameter_id=(select id from parameter where name='shrinkage' and model_id=(select id from model where name='linear_discriminant_analysis_classifier') and parameter_type_id=(select id from parameter_type where name='float'))), true, true, 0.000000, 1.000000);
INSERT INTO categorical_parameter(parameter_type_definition_id, default_value) VALUES ((select id from parameter_type_definition where parameter_id=(select id from parameter where name='solver' and model_id=(select id from model where name='linear_discriminant_analysis_classifier') and parameter_type_id=(select id from parameter_type where name='categorical'))), 'svd');
INSERT INTO categorical_parameter_value(parameter_type_definition_id, value) VALUES ((select id from parameter_type_definition where parameter_id=(select id from parameter where name='solver' and model_id=(select id from model where name='linear_discriminant_analysis_classifier') and parameter_type_id=(select id from parameter_type where name='categorical'))), 'svd');
INSERT INTO categorical_parameter_value(parameter_type_definition_id, value) VALUES ((select id from parameter_type_definition where parameter_id=(select id from parameter where name='solver' and model_id=(select id from model where name='linear_discriminant_analysis_classifier') and parameter_type_id=(select id from parameter_type where name='categorical'))), 'eigen');
INSERT INTO categorical_parameter_value(parameter_type_definition_id, value) VALUES ((select id from parameter_type_definition where parameter_id=(select id from parameter where name='solver' and model_id=(select id from model where name='linear_discriminant_analysis_classifier') and parameter_type_id=(select id from parameter_type where name='categorical'))), 'lsqr');
INSERT INTO float_parameter(parameter_type_definition_id, default_value) VALUES ((select id from parameter_type_definition where parameter_id=(select id from parameter where name='tol' and model_id=(select id from model where name='linear_discriminant_analysis_classifier') and parameter_type_id=(select id from parameter_type where name='float'))), 0.000100);
INSERT INTO float_parameter_range(parameter_type_definition_id, is_left_open, is_right_open, lower, upper) VALUES ((select id from parameter_type_definition where parameter_id=(select id from parameter where name='tol' and model_id=(select id from model where name='linear_discriminant_analysis_classifier') and parameter_type_id=(select id from parameter_type where name='float'))), true, true, 0.000000, 1.000000);
INSERT INTO model(name, ml_task_id, description, display_name, structure_id, advantages, disadvantages, enabled, ensemble_type_id, family_type_id, decision_tree, model_type_id) VALUES ('nlp_sequence_classifier', (select id from ml_task_type where name='classification'),'The NLP Sequence Classifier is an interface to Hugging Face''s Transformers, designed to simplify and optimize text classification tasks. Leveraging pre-trained models from the Transformers library, this classifier aims to offer state-of-the-art performance in natural language understanding.', 'NLP Sequence Classifier', (select id from model_structure_type where name='base'), '{Leverages Pre-trained Models: By utilizing the pre-trained models from Hugging Face''s extensive library, the NLP Sequence Classifier offers a quick and powerful way to benefit from the latest advancements in NLP without the need for extensive data or computational resources.,Ease of Use: The wrapper simplifies the application of complex transformer-based models into text classification tasks, making it easier for developers to integrate advanced NLP functionalities into their applications.,Highly Versatile: Given the underlying architecture, the NLP Sequence Classifier can be adapted to various text classification problems ranging from sentiment analysis to topic classification, providing high-quality results across a wide array of use-cases.}', '{Computational Overhead: Utilizing transformer models generally comes with high computational costs in terms of memory and processing power, especially for large datasets or complex architectures.,Lack of Interpretability: Transformer models, being highly complex, do not offer straightforward ways to interpret their decisions, making them less ideal for applications where model interpretability is crucial.,Dependence on Pre-trained Models: While leveraging pre-trained models is an advantage in terms of performance and speed, it may limit customization and adaptation to highly specific or nuanced tasks that require training from scratch.}', true, (select id from model_ensemble_type where name='other'),(select id from model_family_type where name='other'), false, (select id from model_type where name='Deep Learning Model'));
INSERT INTO parameter(name, label, description, enabled, fixed_value, ordering, model_id) VALUES ('model', 'Transformer Model Name', 'Name of the transformer model.', false, false, 1, (select id from Model where name='nlp_sequence_classifier'));
INSERT INTO parameter(name, label, description, enabled, fixed_value, ordering, model_id) VALUES ('batch_size', 'Batch Size', 'The batch size parameter determines the number of training examples used to calculate the gradient update in each iteration of the optimization process, influencing both the training speed and the model''s generalization performance.', false, false, 2, (select id from Model where name='nlp_sequence_classifier'));
INSERT INTO parameter(name, label, description, enabled, fixed_value, ordering, model_id) VALUES ('epochs', 'Epochs', 'Number of epochs to train the model.', false, false, 3, (select id from Model where name='nlp_sequence_classifier'));
INSERT INTO parameter(name, label, description, enabled, fixed_value, ordering, model_id) VALUES ('learning_rate', 'Learning Rate', 'Learning rate for the optimizer.', false, false, 4, (select id from Model where name='nlp_sequence_classifier'));
INSERT INTO parameter(name, label, description, enabled, fixed_value, ordering, model_id) VALUES ('lr_scheduler_type', 'Learning Rate Scheduler', 'Specifies the type of learning rate scheduler used during training, controlling how the learning rate is adjusted over time to improve model convergence and performance.', false, false, 5, (select id from Model where name='nlp_sequence_classifier'));
INSERT INTO parameter(name, label, description, enabled, fixed_value, ordering, model_id) VALUES ('max_length', 'Max Length', 'Maximum length of the input sequence.', false, false, 6, (select id from Model where name='nlp_sequence_classifier'));
INSERT INTO parameter(name, label, description, enabled, fixed_value, ordering, model_id) VALUES ('warmup_ratio', 'Warmup Ratio', 'Determines the proportion of total training steps dedicated to the warm-up phase, during which the learning rate gradually increases to its initial value to ensure stable training.', false, false, 7, (select id from Model where name='nlp_sequence_classifier'));
INSERT INTO parameter_type_definition(parameter_id, parameter_type_id, parameter_distribution_type_id, ordering) VALUES ((select id from parameter where name='batch_size' and model_id=(select id from model where name='nlp_sequence_classifier')), (select id from parameter_type where name='integer'), (select id from parameter_distribution_type where name='uniform'), 0);
INSERT INTO parameter_type_definition(parameter_id, parameter_type_id, parameter_distribution_type_id, ordering) VALUES ((select id from parameter where name='epochs' and model_id=(select id from model where name='nlp_sequence_classifier')), (select id from parameter_type where name='integer'), (select id from parameter_distribution_type where name='uniform'), 0);
INSERT INTO parameter_type_definition(parameter_id, parameter_type_id, parameter_distribution_type_id, ordering) VALUES ((select id from parameter where name='learning_rate' and model_id=(select id from model where name='nlp_sequence_classifier')), (select id from parameter_type where name='float'), (select id from parameter_distribution_type where name='uniform'), 0);
INSERT INTO parameter_type_definition(parameter_id, parameter_type_id, parameter_distribution_type_id, ordering) VALUES ((select id from parameter where name='lr_scheduler_type' and model_id=(select id from model where name='nlp_sequence_classifier')), (select id from parameter_type where name='categorical'), (select id from parameter_distribution_type where name='uniform'), 0);
INSERT INTO parameter_type_definition(parameter_id, parameter_type_id, parameter_distribution_type_id, ordering) VALUES ((select id from parameter where name='max_length' and model_id=(select id from model where name='nlp_sequence_classifier')), (select id from parameter_type where name='integer'), (select id from parameter_distribution_type where name='uniform'), 0);
INSERT INTO parameter_type_definition(parameter_id, parameter_type_id, parameter_distribution_type_id, ordering) VALUES ((select id from parameter where name='model' and model_id=(select id from model where name='nlp_sequence_classifier')), (select id from parameter_type where name='categorical'), (select id from parameter_distribution_type where name='uniform'), 0);
INSERT INTO parameter_type_definition(parameter_id, parameter_type_id, parameter_distribution_type_id, ordering) VALUES ((select id from parameter where name='warmup_ratio' and model_id=(select id from model where name='nlp_sequence_classifier')), (select id from parameter_type where name='float'), (select id from parameter_distribution_type where name='uniform'), 0);
INSERT INTO integer_parameter(parameter_type_definition_id, default_value) VALUES ((select id from parameter_type_definition where parameter_id=(select id from parameter where name='batch_size' and model_id=(select id from model where name='nlp_sequence_classifier') and parameter_type_id=(select id from parameter_type where name='integer'))), 32);
INSERT INTO integer_parameter_value(parameter_type_definition_id, lower, upper) VALUES ((select id from parameter_type_definition where parameter_id=(select id from parameter where name='batch_size' and model_id=(select id from model where name='nlp_sequence_classifier') and parameter_type_id=(select id from parameter_type where name='integer'))), 1, 129);
INSERT INTO integer_parameter(parameter_type_definition_id, default_value) VALUES ((select id from parameter_type_definition where parameter_id=(select id from parameter where name='epochs' and model_id=(select id from model where name='nlp_sequence_classifier') and parameter_type_id=(select id from parameter_type where name='integer'))), 2);
INSERT INTO integer_parameter_value(parameter_type_definition_id, lower, upper) VALUES ((select id from parameter_type_definition where parameter_id=(select id from parameter where name='epochs' and model_id=(select id from model where name='nlp_sequence_classifier') and parameter_type_id=(select id from parameter_type where name='integer'))), 1, 11);
INSERT INTO float_parameter(parameter_type_definition_id, default_value) VALUES ((select id from parameter_type_definition where parameter_id=(select id from parameter where name='learning_rate' and model_id=(select id from model where name='nlp_sequence_classifier') and parameter_type_id=(select id from parameter_type where name='float'))), 0.000050);
INSERT INTO float_parameter_range(parameter_type_definition_id, is_left_open, is_right_open, lower, upper) VALUES ((select id from parameter_type_definition where parameter_id=(select id from parameter where name='learning_rate' and model_id=(select id from model where name='nlp_sequence_classifier') and parameter_type_id=(select id from parameter_type where name='float'))), true, true, 0.000001, 0.000100);
INSERT INTO categorical_parameter(parameter_type_definition_id, default_value) VALUES ((select id from parameter_type_definition where parameter_id=(select id from parameter where name='lr_scheduler_type' and model_id=(select id from model where name='nlp_sequence_classifier') and parameter_type_id=(select id from parameter_type where name='categorical'))), 'linear');
INSERT INTO categorical_parameter_value(parameter_type_definition_id, value) VALUES ((select id from parameter_type_definition where parameter_id=(select id from parameter where name='lr_scheduler_type' and model_id=(select id from model where name='nlp_sequence_classifier') and parameter_type_id=(select id from parameter_type where name='categorical'))), 'cosine_with_restarts');
INSERT INTO categorical_parameter_value(parameter_type_definition_id, value) VALUES ((select id from parameter_type_definition where parameter_id=(select id from parameter where name='lr_scheduler_type' and model_id=(select id from model where name='nlp_sequence_classifier') and parameter_type_id=(select id from parameter_type where name='categorical'))), 'polynomial');
INSERT INTO categorical_parameter_value(parameter_type_definition_id, value) VALUES ((select id from parameter_type_definition where parameter_id=(select id from parameter where name='lr_scheduler_type' and model_id=(select id from model where name='nlp_sequence_classifier') and parameter_type_id=(select id from parameter_type where name='categorical'))), 'constant');
INSERT INTO categorical_parameter_value(parameter_type_definition_id, value) VALUES ((select id from parameter_type_definition where parameter_id=(select id from parameter where name='lr_scheduler_type' and model_id=(select id from model where name='nlp_sequence_classifier') and parameter_type_id=(select id from parameter_type where name='categorical'))), 'cosine');
INSERT INTO categorical_parameter_value(parameter_type_definition_id, value) VALUES ((select id from parameter_type_definition where parameter_id=(select id from parameter where name='lr_scheduler_type' and model_id=(select id from model where name='nlp_sequence_classifier') and parameter_type_id=(select id from parameter_type where name='categorical'))), 'linear');
INSERT INTO categorical_parameter_value(parameter_type_definition_id, value) VALUES ((select id from parameter_type_definition where parameter_id=(select id from parameter where name='lr_scheduler_type' and model_id=(select id from model where name='nlp_sequence_classifier') and parameter_type_id=(select id from parameter_type where name='categorical'))), 'constant_with_warmup');
INSERT INTO integer_parameter(parameter_type_definition_id, default_value) VALUES ((select id from parameter_type_definition where parameter_id=(select id from parameter where name='max_length' and model_id=(select id from model where name='nlp_sequence_classifier') and parameter_type_id=(select id from parameter_type where name='integer'))), 64);
INSERT INTO integer_parameter_value(parameter_type_definition_id, lower, upper) VALUES ((select id from parameter_type_definition where parameter_id=(select id from parameter where name='max_length' and model_id=(select id from model where name='nlp_sequence_classifier') and parameter_type_id=(select id from parameter_type where name='integer'))), 32, 513);
INSERT INTO categorical_parameter(parameter_type_definition_id, default_value) VALUES ((select id from parameter_type_definition where parameter_id=(select id from parameter where name='model' and model_id=(select id from model where name='nlp_sequence_classifier') and parameter_type_id=(select id from parameter_type where name='categorical'))), 'bert-base-uncased');
INSERT INTO categorical_parameter_value(parameter_type_definition_id, value) VALUES ((select id from parameter_type_definition where parameter_id=(select id from parameter where name='model' and model_id=(select id from model where name='nlp_sequence_classifier') and parameter_type_id=(select id from parameter_type where name='categorical'))), 'roberta-base');
INSERT INTO categorical_parameter_value(parameter_type_definition_id, value) VALUES ((select id from parameter_type_definition where parameter_id=(select id from parameter where name='model' and model_id=(select id from model where name='nlp_sequence_classifier') and parameter_type_id=(select id from parameter_type where name='categorical'))), 'bert-base-uncased');
INSERT INTO categorical_parameter_value(parameter_type_definition_id, value) VALUES ((select id from parameter_type_definition where parameter_id=(select id from parameter where name='model' and model_id=(select id from model where name='nlp_sequence_classifier') and parameter_type_id=(select id from parameter_type where name='categorical'))), 'google/electra-base-discriminator');
INSERT INTO categorical_parameter_value(parameter_type_definition_id, value) VALUES ((select id from parameter_type_definition where parameter_id=(select id from parameter where name='model' and model_id=(select id from model where name='nlp_sequence_classifier') and parameter_type_id=(select id from parameter_type where name='categorical'))), 'distilbert-base-uncased');
INSERT INTO categorical_parameter_value(parameter_type_definition_id, value) VALUES ((select id from parameter_type_definition where parameter_id=(select id from parameter where name='model' and model_id=(select id from model where name='nlp_sequence_classifier') and parameter_type_id=(select id from parameter_type where name='categorical'))), 'gpt2');
INSERT INTO categorical_parameter_value(parameter_type_definition_id, value) VALUES ((select id from parameter_type_definition where parameter_id=(select id from parameter where name='model' and model_id=(select id from model where name='nlp_sequence_classifier') and parameter_type_id=(select id from parameter_type where name='categorical'))), 'facebook/bart-base');
INSERT INTO categorical_parameter_value(parameter_type_definition_id, value) VALUES ((select id from parameter_type_definition where parameter_id=(select id from parameter where name='model' and model_id=(select id from model where name='nlp_sequence_classifier') and parameter_type_id=(select id from parameter_type where name='categorical'))), 'albert-base-v2');
INSERT INTO categorical_parameter_value(parameter_type_definition_id, value) VALUES ((select id from parameter_type_definition where parameter_id=(select id from parameter where name='model' and model_id=(select id from model where name='nlp_sequence_classifier') and parameter_type_id=(select id from parameter_type where name='categorical'))), 'deepmind/language-perceiver');
INSERT INTO float_parameter(parameter_type_definition_id, default_value) VALUES ((select id from parameter_type_definition where parameter_id=(select id from parameter where name='warmup_ratio' and model_id=(select id from model where name='nlp_sequence_classifier') and parameter_type_id=(select id from parameter_type where name='float'))), 0.000000);
INSERT INTO float_parameter_range(parameter_type_definition_id, is_left_open, is_right_open, lower, upper) VALUES ((select id from parameter_type_definition where parameter_id=(select id from parameter where name='warmup_ratio' and model_id=(select id from model where name='nlp_sequence_classifier') and parameter_type_id=(select id from parameter_type where name='float'))), true, true, 0.000000, 1.000000);
INSERT INTO model(name, ml_task_id, description, display_name, structure_id, advantages, disadvantages, enabled, ensemble_type_id, family_type_id, decision_tree, model_type_id) VALUES ('intelex_logistic_regression_classifier', (select id from ml_task_type where name='classification'),'The logistic regression classifier is a linear model for classification, implemented using the scikit-learn library. It estimates the probability of an instance belonging to a specific class by fitting a logistic function to the input data. The model supports various regularization techniques, solvers, and multi-class strategies.', 'Intelex Logistic Regression Classifier', (select id from model_structure_type where name='base'), '{Logistic regression provides probabilities of each class label, which helps the user judge the confidence of predictions,It is simple to understand and explain, which supports interpretability.,It handles binary and multiclass classification problems, enhancing its applicability.}', '{Logistic regression assumes linearity of independent variables and log odds, limiting its use in complex nonlinear relationships.,It might be prone to overfitting, particularly in scenarios with many input features.,It''s not ideal for large number of features or variables, due to the risk of multicollinearity.}', true, (select id from model_ensemble_type where name='none'),(select id from model_family_type where name='linear'), false, (select id from model_type where name='Linear Model'));
INSERT INTO parameter(name, label, description, enabled, fixed_value, ordering, model_id) VALUES ('C', 'C', 'Inverse of regularization strength (positive float); smaller values indicate stronger regularization, which helps prevent overfitting.', false, false, 1, (select id from Model where name='intelex_logistic_regression_classifier'));
INSERT INTO parameter(name, label, description, enabled, fixed_value, ordering, model_id) VALUES ('class_weight', 'Class weight', 'Enables control over the weight of different the classes in your training dataset, which can be beneficial when working with imbalanced data. If set to None, all classes are given equal weight. If set to balanced, the class weights are adjusted proportionally to their frequencies in the input data.', false, false, 2, (select id from Model where name='intelex_logistic_regression_classifier'));
INSERT INTO parameter(name, label, description, enabled, fixed_value, ordering, model_id) VALUES ('dual', 'Dual', 'Boolean indicating whether to use the dual or primal formulation of the optimization problem.', false, false, 3, (select id from Model where name='intelex_logistic_regression_classifier'));
INSERT INTO parameter(name, label, description, enabled, fixed_value, ordering, model_id) VALUES ('fit_intercept', 'Calculate Intercept', 'Boolean indicating whether to calculate the model''s intercept; if False, data is expected to be centered and no intercept is used.', false, false, 4, (select id from Model where name='intelex_logistic_regression_classifier'));
INSERT INTO parameter(name, label, description, enabled, fixed_value, ordering, model_id) VALUES ('intercept_scaling', 'Intercept scaling', 'Applicable when using ''liblinear'' solver and ''fit_intercept'' is True; adds a synthetic feature with a constant value equal to intercept_scaling to the instance vector.', false, false, 5, (select id from Model where name='intelex_logistic_regression_classifier'));
INSERT INTO parameter(name, label, description, enabled, fixed_value, ordering, model_id) VALUES ('l1_ratio', 'L1 ratio', 'Elastic-Net mixing parameter (0 <= l1_ratio <= 1); controls the balance between L1 and L2 regularization.', true, false, 6, (select id from Model where name='intelex_logistic_regression_classifier'));
INSERT INTO parameter(name, label, description, enabled, fixed_value, ordering, model_id) VALUES ('max_iter', 'Maximum number of iterations', 'Maximum number of iterations for the solver to converge.', true, false, 7, (select id from Model where name='intelex_logistic_regression_classifier'));
INSERT INTO parameter(name, label, description, enabled, fixed_value, ordering, model_id) VALUES ('multi_class', 'Multi_class', 'Strategy for handling multi-class problems; ''ovr'' fits a binary problem for each label, while ''multinomial'' minimizes the multinomial loss across the entire probability distribution.', false, false, 8, (select id from Model where name='intelex_logistic_regression_classifier'));
INSERT INTO parameter(name, label, description, enabled, fixed_value, ordering, model_id) VALUES ('penalty', 'Penalty', 'Norm of the regularization penalty (e.g., ''l1'', ''l2'', ''elasticnet'').', true, false, 9, (select id from Model where name='intelex_logistic_regression_classifier'));
INSERT INTO parameter(name, label, description, enabled, fixed_value, ordering, model_id) VALUES ('solver', 'Solver', 'Algorithm used to solve the optimization problem (e.g., ''newton-cg'', ''lbfgs'', ''liblinear'', ''sag'', ''saga'').', true, false, 10, (select id from Model where name='intelex_logistic_regression_classifier'));
INSERT INTO parameter(name, label, description, enabled, fixed_value, ordering, model_id) VALUES ('tol', 'Tolerance', 'Tolerance for stopping criterion; solver converges when the residual''s maximum norm is below this value.', true, false, 11, (select id from Model where name='intelex_logistic_regression_classifier'));
INSERT INTO parameter_type_definition(parameter_id, parameter_type_id, parameter_distribution_type_id, ordering) VALUES ((select id from parameter where name='C' and model_id=(select id from model where name='intelex_logistic_regression_classifier')), (select id from parameter_type where name='float'), (select id from parameter_distribution_type where name='uniform'), 0);
INSERT INTO parameter_type_definition(parameter_id, parameter_type_id, parameter_distribution_type_id, ordering) VALUES ((select id from parameter where name='class_weight' and model_id=(select id from model where name='intelex_logistic_regression_classifier')), (select id from parameter_type where name='categorical'), (select id from parameter_distribution_type where name='uniform'), 0);
INSERT INTO parameter_type_definition(parameter_id, parameter_type_id, parameter_distribution_type_id, ordering) VALUES ((select id from parameter where name='dual' and model_id=(select id from model where name='intelex_logistic_regression_classifier')), (select id from parameter_type where name='boolean'), (select id from parameter_distribution_type where name='uniform'), 0);
INSERT INTO parameter_type_definition(parameter_id, parameter_type_id, parameter_distribution_type_id, ordering) VALUES ((select id from parameter where name='fit_intercept' and model_id=(select id from model where name='intelex_logistic_regression_classifier')), (select id from parameter_type where name='boolean'), (select id from parameter_distribution_type where name='uniform'), 0);
INSERT INTO parameter_type_definition(parameter_id, parameter_type_id, parameter_distribution_type_id, ordering) VALUES ((select id from parameter where name='intercept_scaling' and model_id=(select id from model where name='intelex_logistic_regression_classifier')), (select id from parameter_type where name='float'), (select id from parameter_distribution_type where name='uniform'), 0);
INSERT INTO parameter_type_definition(parameter_id, parameter_type_id, parameter_distribution_type_id, ordering) VALUES ((select id from parameter where name='l1_ratio' and model_id=(select id from model where name='intelex_logistic_regression_classifier')), (select id from parameter_type where name='categorical'), (select id from parameter_distribution_type where name='uniform'), 0);
INSERT INTO parameter_type_definition(parameter_id, parameter_type_id, parameter_distribution_type_id, ordering) VALUES ((select id from parameter where name='l1_ratio' and model_id=(select id from model where name='intelex_logistic_regression_classifier')), (select id from parameter_type where name='float'), (select id from parameter_distribution_type where name='uniform'), 1);
INSERT INTO parameter_type_definition(parameter_id, parameter_type_id, parameter_distribution_type_id, ordering) VALUES ((select id from parameter where name='max_iter' and model_id=(select id from model where name='intelex_logistic_regression_classifier')), (select id from parameter_type where name='integer'), (select id from parameter_distribution_type where name='uniform'), 0);
INSERT INTO parameter_type_definition(parameter_id, parameter_type_id, parameter_distribution_type_id, ordering) VALUES ((select id from parameter where name='multi_class' and model_id=(select id from model where name='intelex_logistic_regression_classifier')), (select id from parameter_type where name='categorical'), (select id from parameter_distribution_type where name='uniform'), 0);
INSERT INTO parameter_type_definition(parameter_id, parameter_type_id, parameter_distribution_type_id, ordering) VALUES ((select id from parameter where name='penalty' and model_id=(select id from model where name='intelex_logistic_regression_classifier')), (select id from parameter_type where name='categorical'), (select id from parameter_distribution_type where name='uniform'), 0);
INSERT INTO parameter_type_definition(parameter_id, parameter_type_id, parameter_distribution_type_id, ordering) VALUES ((select id from parameter where name='solver' and model_id=(select id from model where name='intelex_logistic_regression_classifier')), (select id from parameter_type where name='categorical'), (select id from parameter_distribution_type where name='uniform'), 0);
INSERT INTO parameter_type_definition(parameter_id, parameter_type_id, parameter_distribution_type_id, ordering) VALUES ((select id from parameter where name='tol' and model_id=(select id from model where name='intelex_logistic_regression_classifier')), (select id from parameter_type where name='float'), (select id from parameter_distribution_type where name='uniform'), 0);
INSERT INTO float_parameter(parameter_type_definition_id, default_value) VALUES ((select id from parameter_type_definition where parameter_id=(select id from parameter where name='C' and model_id=(select id from model where name='intelex_logistic_regression_classifier') and parameter_type_id=(select id from parameter_type where name='float'))), 1.000000);
INSERT INTO float_parameter_range(parameter_type_definition_id, is_left_open, is_right_open, lower, upper) VALUES ((select id from parameter_type_definition where parameter_id=(select id from parameter where name='C' and model_id=(select id from model where name='intelex_logistic_regression_classifier') and parameter_type_id=(select id from parameter_type where name='float'))), true, true, 0.000100, 1.000000);
INSERT INTO categorical_parameter(parameter_type_definition_id, default_value) VALUES ((select id from parameter_type_definition where parameter_id=(select id from parameter where name='class_weight' and model_id=(select id from model where name='intelex_logistic_regression_classifier') and parameter_type_id=(select id from parameter_type where name='categorical'))), 'None');
INSERT INTO categorical_parameter_value(parameter_type_definition_id, value) VALUES ((select id from parameter_type_definition where parameter_id=(select id from parameter where name='class_weight' and model_id=(select id from model where name='intelex_logistic_regression_classifier') and parameter_type_id=(select id from parameter_type where name='categorical'))), 'balanced');
INSERT INTO categorical_parameter_value(parameter_type_definition_id, value) VALUES ((select id from parameter_type_definition where parameter_id=(select id from parameter where name='class_weight' and model_id=(select id from model where name='intelex_logistic_regression_classifier') and parameter_type_id=(select id from parameter_type where name='categorical'))), 'None');
INSERT INTO boolean_parameter(parameter_type_definition_id, default_value) VALUES ((select id from parameter_type_definition where parameter_id=(select id from parameter where name='dual' and model_id=(select id from model where name='intelex_logistic_regression_classifier') and parameter_type_id=(select id from parameter_type where name='boolean'))), false);
INSERT INTO boolean_parameter(parameter_type_definition_id, default_value) VALUES ((select id from parameter_type_definition where parameter_id=(select id from parameter where name='fit_intercept' and model_id=(select id from model where name='intelex_logistic_regression_classifier') and parameter_type_id=(select id from parameter_type where name='boolean'))), true);
INSERT INTO float_parameter(parameter_type_definition_id, default_value) VALUES ((select id from parameter_type_definition where parameter_id=(select id from parameter where name='intercept_scaling' and model_id=(select id from model where name='intelex_logistic_regression_classifier') and parameter_type_id=(select id from parameter_type where name='float'))), 1.000000);
INSERT INTO float_parameter_range(parameter_type_definition_id, is_left_open, is_right_open, lower, upper) VALUES ((select id from parameter_type_definition where parameter_id=(select id from parameter where name='intercept_scaling' and model_id=(select id from model where name='intelex_logistic_regression_classifier') and parameter_type_id=(select id from parameter_type where name='float'))), true, true, 0.000100, 1.000000);
INSERT INTO categorical_parameter(parameter_type_definition_id, default_value) VALUES ((select id from parameter_type_definition where parameter_id=(select id from parameter where name='l1_ratio' and model_id=(select id from model where name='intelex_logistic_regression_classifier') and parameter_type_id=(select id from parameter_type where name='categorical'))), 'None');
INSERT INTO categorical_parameter_value(parameter_type_definition_id, value) VALUES ((select id from parameter_type_definition where parameter_id=(select id from parameter where name='l1_ratio' and model_id=(select id from model where name='intelex_logistic_regression_classifier') and parameter_type_id=(select id from parameter_type where name='categorical'))), 'None');
INSERT INTO float_parameter(parameter_type_definition_id, default_value) VALUES ((select id from parameter_type_definition where parameter_id=(select id from parameter where name='l1_ratio' and model_id=(select id from model where name='intelex_logistic_regression_classifier') and parameter_type_id=(select id from parameter_type where name='float'))), null);
INSERT INTO float_parameter_range(parameter_type_definition_id, is_left_open, is_right_open, lower, upper) VALUES ((select id from parameter_type_definition where parameter_id=(select id from parameter where name='l1_ratio' and model_id=(select id from model where name='intelex_logistic_regression_classifier') and parameter_type_id=(select id from parameter_type where name='float'))), true, true, 0.000000, 1.000000);
INSERT INTO integer_parameter(parameter_type_definition_id, default_value) VALUES ((select id from parameter_type_definition where parameter_id=(select id from parameter where name='max_iter' and model_id=(select id from model where name='intelex_logistic_regression_classifier') and parameter_type_id=(select id from parameter_type where name='integer'))), 100);
INSERT INTO integer_parameter_value(parameter_type_definition_id, lower, upper) VALUES ((select id from parameter_type_definition where parameter_id=(select id from parameter where name='max_iter' and model_id=(select id from model where name='intelex_logistic_regression_classifier') and parameter_type_id=(select id from parameter_type where name='integer'))), 50, 201);
INSERT INTO categorical_parameter(parameter_type_definition_id, default_value) VALUES ((select id from parameter_type_definition where parameter_id=(select id from parameter where name='multi_class' and model_id=(select id from model where name='intelex_logistic_regression_classifier') and parameter_type_id=(select id from parameter_type where name='categorical'))), 'auto');
INSERT INTO categorical_parameter_value(parameter_type_definition_id, value) VALUES ((select id from parameter_type_definition where parameter_id=(select id from parameter where name='multi_class' and model_id=(select id from model where name='intelex_logistic_regression_classifier') and parameter_type_id=(select id from parameter_type where name='categorical'))), 'ovr');
INSERT INTO categorical_parameter_value(parameter_type_definition_id, value) VALUES ((select id from parameter_type_definition where parameter_id=(select id from parameter where name='multi_class' and model_id=(select id from model where name='intelex_logistic_regression_classifier') and parameter_type_id=(select id from parameter_type where name='categorical'))), 'auto');
INSERT INTO categorical_parameter_value(parameter_type_definition_id, value) VALUES ((select id from parameter_type_definition where parameter_id=(select id from parameter where name='multi_class' and model_id=(select id from model where name='intelex_logistic_regression_classifier') and parameter_type_id=(select id from parameter_type where name='categorical'))), 'multinomial');
INSERT INTO categorical_parameter(parameter_type_definition_id, default_value) VALUES ((select id from parameter_type_definition where parameter_id=(select id from parameter where name='penalty' and model_id=(select id from model where name='intelex_logistic_regression_classifier') and parameter_type_id=(select id from parameter_type where name='categorical'))), 'l2');
INSERT INTO categorical_parameter_value(parameter_type_definition_id, value) VALUES ((select id from parameter_type_definition where parameter_id=(select id from parameter where name='penalty' and model_id=(select id from model where name='intelex_logistic_regression_classifier') and parameter_type_id=(select id from parameter_type where name='categorical'))), 'l1');
INSERT INTO categorical_parameter_value(parameter_type_definition_id, value) VALUES ((select id from parameter_type_definition where parameter_id=(select id from parameter where name='penalty' and model_id=(select id from model where name='intelex_logistic_regression_classifier') and parameter_type_id=(select id from parameter_type where name='categorical'))), 'l2');
INSERT INTO categorical_parameter_value(parameter_type_definition_id, value) VALUES ((select id from parameter_type_definition where parameter_id=(select id from parameter where name='penalty' and model_id=(select id from model where name='intelex_logistic_regression_classifier') and parameter_type_id=(select id from parameter_type where name='categorical'))), 'elasticnet');
INSERT INTO categorical_parameter_value(parameter_type_definition_id, value) VALUES ((select id from parameter_type_definition where parameter_id=(select id from parameter where name='penalty' and model_id=(select id from model where name='intelex_logistic_regression_classifier') and parameter_type_id=(select id from parameter_type where name='categorical'))), 'None');
INSERT INTO categorical_parameter(parameter_type_definition_id, default_value) VALUES ((select id from parameter_type_definition where parameter_id=(select id from parameter where name='solver' and model_id=(select id from model where name='intelex_logistic_regression_classifier') and parameter_type_id=(select id from parameter_type where name='categorical'))), 'lbfgs');
INSERT INTO categorical_parameter_value(parameter_type_definition_id, value) VALUES ((select id from parameter_type_definition where parameter_id=(select id from parameter where name='solver' and model_id=(select id from model where name='intelex_logistic_regression_classifier') and parameter_type_id=(select id from parameter_type where name='categorical'))), 'saga');
INSERT INTO categorical_parameter_value(parameter_type_definition_id, value) VALUES ((select id from parameter_type_definition where parameter_id=(select id from parameter where name='solver' and model_id=(select id from model where name='intelex_logistic_regression_classifier') and parameter_type_id=(select id from parameter_type where name='categorical'))), 'newton-cg');
INSERT INTO categorical_parameter_value(parameter_type_definition_id, value) VALUES ((select id from parameter_type_definition where parameter_id=(select id from parameter where name='solver' and model_id=(select id from model where name='intelex_logistic_regression_classifier') and parameter_type_id=(select id from parameter_type where name='categorical'))), 'sag');
INSERT INTO categorical_parameter_value(parameter_type_definition_id, value) VALUES ((select id from parameter_type_definition where parameter_id=(select id from parameter where name='solver' and model_id=(select id from model where name='intelex_logistic_regression_classifier') and parameter_type_id=(select id from parameter_type where name='categorical'))), 'lbfgs');
INSERT INTO categorical_parameter_value(parameter_type_definition_id, value) VALUES ((select id from parameter_type_definition where parameter_id=(select id from parameter where name='solver' and model_id=(select id from model where name='intelex_logistic_regression_classifier') and parameter_type_id=(select id from parameter_type where name='categorical'))), 'liblinear');
INSERT INTO float_parameter(parameter_type_definition_id, default_value) VALUES ((select id from parameter_type_definition where parameter_id=(select id from parameter where name='tol' and model_id=(select id from model where name='intelex_logistic_regression_classifier') and parameter_type_id=(select id from parameter_type where name='float'))), 0.000100);
INSERT INTO float_parameter_range(parameter_type_definition_id, is_left_open, is_right_open, lower, upper) VALUES ((select id from parameter_type_definition where parameter_id=(select id from parameter where name='tol' and model_id=(select id from model where name='intelex_logistic_regression_classifier') and parameter_type_id=(select id from parameter_type where name='float'))), true, true, 0.000100, 1.000000);
INSERT INTO model(name, ml_task_id, description, display_name, structure_id, advantages, disadvantages, enabled, ensemble_type_id, family_type_id, decision_tree, model_type_id) VALUES ('intelex_random_forest_classifier', (select id from ml_task_type where name='classification'),'Random Forest Classifier is a specialized type of tree-based model implementing meta estimator that fits a number of decision tree classifiers on various sub-samples of the dataset and uses averaging to improve the predictive accuracy and control over-fitting.', 'Intelex Random Forest Classifier', (select id from model_structure_type where name='base'), '{It performs well on imbalanced datasets,It is robust to outliers,There is more generalization and less overfitting,It is useful to extract feature importance}', '{It requires that features need to have some predictive power}', true, (select id from model_ensemble_type where name='forest'),(select id from model_family_type where name='tree'), false, (select id from model_type where name='Tree-Based Model'));
INSERT INTO parameter(name, label, description, enabled, fixed_value, ordering, model_id) VALUES ('bootstrap', 'Bootstrap', 'Whether bootstrap samples are used when building trees. If False, the whole dataset is used to build each tree.', false, false, 1, (select id from Model where name='intelex_random_forest_classifier'));
INSERT INTO parameter(name, label, description, enabled, fixed_value, ordering, model_id) VALUES ('ccp_alpha', 'Cost-Complexity Pruning alpha', 'Complexity parameter used for Minimal Cost-Complexity Pruning. The subtree with the largest cost complexity that is smaller than ccp_alpha will be chosen. By default, no pruning is performed.', false, false, 2, (select id from Model where name='intelex_random_forest_classifier'));
INSERT INTO parameter(name, label, description, enabled, fixed_value, ordering, model_id) VALUES ('class_weight', 'Class weight', 'Sets the weights for all classes. If None, all classes are supposed to have weight one. The “balanced” mode uses the values of y to automatically adjust weights inversely proportional to class frequencies in the input data as n_samples / (n_classes * np.bincount(y)). The “balanced_subsample” mode is the same as “balanced” except that weights are computed based on the bootstrap sample for every tree grown.', false, false, 3, (select id from Model where name='intelex_random_forest_classifier'));
INSERT INTO parameter(name, label, description, enabled, fixed_value, ordering, model_id) VALUES ('criterion', 'Criterion', 'The function to measure the quality of a split.', false, false, 4, (select id from Model where name='intelex_random_forest_classifier'));
INSERT INTO parameter(name, label, description, enabled, fixed_value, ordering, model_id) VALUES ('max_depth', 'Maximum depth', 'The maximum depth of the tree. If None, then nodes are expanded until all leaves are pure or until all leaves contain less than min_samples_split samples.', true, false, 5, (select id from Model where name='intelex_random_forest_classifier'));
INSERT INTO parameter(name, label, description, enabled, fixed_value, ordering, model_id) VALUES ('max_features', 'Maximum features', 'The number of features to draw from X to train each base estimator.', true, false, 6, (select id from Model where name='intelex_random_forest_classifier'));
INSERT INTO parameter(name, label, description, enabled, fixed_value, ordering, model_id) VALUES ('max_leaf_nodes', 'Maximum number of nodes', 'Grow a tree with max_leaf_nodes in best-first fashion. Best nodes are defined as relative reduction in impurity. If None then unlimited number of leaf nodes.', false, false, 7, (select id from Model where name='intelex_random_forest_classifier'));
INSERT INTO parameter(name, label, description, enabled, fixed_value, ordering, model_id) VALUES ('max_samples', 'Maximum samples', 'The number of samples to draw from X to train each base estimator.', false, false, 8, (select id from Model where name='intelex_random_forest_classifier'));
INSERT INTO parameter(name, label, description, enabled, fixed_value, ordering, model_id) VALUES ('min_impurity_decrease', 'Minimum impurity decrease', 'A node will be split if this split induces a decrease of the impurity greater than or equal to this value.', false, false, 9, (select id from Model where name='intelex_random_forest_classifier'));
INSERT INTO parameter(name, label, description, enabled, fixed_value, ordering, model_id) VALUES ('min_samples_leaf', 'Minimum samples per leaf', 'The minimum number of samples required to be at a leaf node.', false, false, 10, (select id from Model where name='intelex_random_forest_classifier'));
INSERT INTO parameter(name, label, description, enabled, fixed_value, ordering, model_id) VALUES ('min_samples_split', 'Minimum sample split', 'The minimum number of samples required to split an internal node.', false, false, 11, (select id from Model where name='intelex_random_forest_classifier'));
INSERT INTO parameter(name, label, description, enabled, fixed_value, ordering, model_id) VALUES ('min_weight_fraction_leaf', 'Minimum weighted sum per leaf', 'The minimum weighted fraction of the sum total of weights (of all the input samples) required to be at a leaf node. Samples have equal weight when sample_weight is not provided.', false, false, 12, (select id from Model where name='intelex_random_forest_classifier'));
INSERT INTO parameter(name, label, description, enabled, fixed_value, ordering, model_id) VALUES ('n_estimators', 'Number of estimators', 'The number of base estimators in the ensemble.', true, false, 13, (select id from Model where name='intelex_random_forest_classifier'));
INSERT INTO parameter_type_definition(parameter_id, parameter_type_id, parameter_distribution_type_id, ordering) VALUES ((select id from parameter where name='bootstrap' and model_id=(select id from model where name='intelex_random_forest_classifier')), (select id from parameter_type where name='boolean'), (select id from parameter_distribution_type where name='uniform'), 0);
INSERT INTO parameter_type_definition(parameter_id, parameter_type_id, parameter_distribution_type_id, ordering) VALUES ((select id from parameter where name='ccp_alpha' and model_id=(select id from model where name='intelex_random_forest_classifier')), (select id from parameter_type where name='float'), (select id from parameter_distribution_type where name='uniform'), 0);
INSERT INTO parameter_type_definition(parameter_id, parameter_type_id, parameter_distribution_type_id, ordering) VALUES ((select id from parameter where name='class_weight' and model_id=(select id from model where name='intelex_random_forest_classifier')), (select id from parameter_type where name='categorical'), (select id from parameter_distribution_type where name='uniform'), 0);
INSERT INTO parameter_type_definition(parameter_id, parameter_type_id, parameter_distribution_type_id, ordering) VALUES ((select id from parameter where name='criterion' and model_id=(select id from model where name='intelex_random_forest_classifier')), (select id from parameter_type where name='categorical'), (select id from parameter_distribution_type where name='uniform'), 0);
INSERT INTO parameter_type_definition(parameter_id, parameter_type_id, parameter_distribution_type_id, ordering) VALUES ((select id from parameter where name='max_depth' and model_id=(select id from model where name='intelex_random_forest_classifier')), (select id from parameter_type where name='integer'), (select id from parameter_distribution_type where name='uniform'), 0);
INSERT INTO parameter_type_definition(parameter_id, parameter_type_id, parameter_distribution_type_id, ordering) VALUES ((select id from parameter where name='max_features' and model_id=(select id from model where name='intelex_random_forest_classifier')), (select id from parameter_type where name='categorical'), (select id from parameter_distribution_type where name='uniform'), 0);
INSERT INTO parameter_type_definition(parameter_id, parameter_type_id, parameter_distribution_type_id, ordering) VALUES ((select id from parameter where name='max_features' and model_id=(select id from model where name='intelex_random_forest_classifier')), (select id from parameter_type where name='float'), (select id from parameter_distribution_type where name='uniform'), 1);
INSERT INTO parameter_type_definition(parameter_id, parameter_type_id, parameter_distribution_type_id, ordering) VALUES ((select id from parameter where name='max_leaf_nodes' and model_id=(select id from model where name='intelex_random_forest_classifier')), (select id from parameter_type where name='integer'), (select id from parameter_distribution_type where name='uniform'), 0);
INSERT INTO parameter_type_definition(parameter_id, parameter_type_id, parameter_distribution_type_id, ordering) VALUES ((select id from parameter where name='max_samples' and model_id=(select id from model where name='intelex_random_forest_classifier')), (select id from parameter_type where name='categorical'), (select id from parameter_distribution_type where name='uniform'), 0);
INSERT INTO parameter_type_definition(parameter_id, parameter_type_id, parameter_distribution_type_id, ordering) VALUES ((select id from parameter where name='max_samples' and model_id=(select id from model where name='intelex_random_forest_classifier')), (select id from parameter_type where name='float'), (select id from parameter_distribution_type where name='uniform'), 1);
INSERT INTO parameter_type_definition(parameter_id, parameter_type_id, parameter_distribution_type_id, ordering) VALUES ((select id from parameter where name='min_impurity_decrease' and model_id=(select id from model where name='intelex_random_forest_classifier')), (select id from parameter_type where name='float'), (select id from parameter_distribution_type where name='uniform'), 0);
INSERT INTO parameter_type_definition(parameter_id, parameter_type_id, parameter_distribution_type_id, ordering) VALUES ((select id from parameter where name='min_samples_leaf' and model_id=(select id from model where name='intelex_random_forest_classifier')), (select id from parameter_type where name='float'), (select id from parameter_distribution_type where name='uniform'), 0);
INSERT INTO parameter_type_definition(parameter_id, parameter_type_id, parameter_distribution_type_id, ordering) VALUES ((select id from parameter where name='min_samples_split' and model_id=(select id from model where name='intelex_random_forest_classifier')), (select id from parameter_type where name='integer'), (select id from parameter_distribution_type where name='uniform'), 0);
INSERT INTO parameter_type_definition(parameter_id, parameter_type_id, parameter_distribution_type_id, ordering) VALUES ((select id from parameter where name='min_weight_fraction_leaf' and model_id=(select id from model where name='intelex_random_forest_classifier')), (select id from parameter_type where name='float'), (select id from parameter_distribution_type where name='uniform'), 0);
INSERT INTO parameter_type_definition(parameter_id, parameter_type_id, parameter_distribution_type_id, ordering) VALUES ((select id from parameter where name='n_estimators' and model_id=(select id from model where name='intelex_random_forest_classifier')), (select id from parameter_type where name='integer'), (select id from parameter_distribution_type where name='uniform'), 0);
INSERT INTO boolean_parameter(parameter_type_definition_id, default_value) VALUES ((select id from parameter_type_definition where parameter_id=(select id from parameter where name='bootstrap' and model_id=(select id from model where name='intelex_random_forest_classifier') and parameter_type_id=(select id from parameter_type where name='boolean'))), true);
INSERT INTO float_parameter(parameter_type_definition_id, default_value) VALUES ((select id from parameter_type_definition where parameter_id=(select id from parameter where name='ccp_alpha' and model_id=(select id from model where name='intelex_random_forest_classifier') and parameter_type_id=(select id from parameter_type where name='float'))), 0.000000);
INSERT INTO float_parameter_range(parameter_type_definition_id, is_left_open, is_right_open, lower, upper) VALUES ((select id from parameter_type_definition where parameter_id=(select id from parameter where name='ccp_alpha' and model_id=(select id from model where name='intelex_random_forest_classifier') and parameter_type_id=(select id from parameter_type where name='float'))), true, true, 0.000000, 0.050000);
INSERT INTO categorical_parameter(parameter_type_definition_id, default_value) VALUES ((select id from parameter_type_definition where parameter_id=(select id from parameter where name='class_weight' and model_id=(select id from model where name='intelex_random_forest_classifier') and parameter_type_id=(select id from parameter_type where name='categorical'))), 'None');
INSERT INTO categorical_parameter_value(parameter_type_definition_id, value) VALUES ((select id from parameter_type_definition where parameter_id=(select id from parameter where name='class_weight' and model_id=(select id from model where name='intelex_random_forest_classifier') and parameter_type_id=(select id from parameter_type where name='categorical'))), 'balanced');
INSERT INTO categorical_parameter_value(parameter_type_definition_id, value) VALUES ((select id from parameter_type_definition where parameter_id=(select id from parameter where name='class_weight' and model_id=(select id from model where name='intelex_random_forest_classifier') and parameter_type_id=(select id from parameter_type where name='categorical'))), 'balanced_subsample');
INSERT INTO categorical_parameter_value(parameter_type_definition_id, value) VALUES ((select id from parameter_type_definition where parameter_id=(select id from parameter where name='class_weight' and model_id=(select id from model where name='intelex_random_forest_classifier') and parameter_type_id=(select id from parameter_type where name='categorical'))), 'None');
INSERT INTO categorical_parameter(parameter_type_definition_id, default_value) VALUES ((select id from parameter_type_definition where parameter_id=(select id from parameter where name='criterion' and model_id=(select id from model where name='intelex_random_forest_classifier') and parameter_type_id=(select id from parameter_type where name='categorical'))), 'gini');
INSERT INTO categorical_parameter_value(parameter_type_definition_id, value) VALUES ((select id from parameter_type_definition where parameter_id=(select id from parameter where name='criterion' and model_id=(select id from model where name='intelex_random_forest_classifier') and parameter_type_id=(select id from parameter_type where name='categorical'))), 'entropy');
INSERT INTO categorical_parameter_value(parameter_type_definition_id, value) VALUES ((select id from parameter_type_definition where parameter_id=(select id from parameter where name='criterion' and model_id=(select id from model where name='intelex_random_forest_classifier') and parameter_type_id=(select id from parameter_type where name='categorical'))), 'gini');
INSERT INTO integer_parameter(parameter_type_definition_id, default_value) VALUES ((select id from parameter_type_definition where parameter_id=(select id from parameter where name='max_depth' and model_id=(select id from model where name='intelex_random_forest_classifier') and parameter_type_id=(select id from parameter_type where name='integer'))), 10);
INSERT INTO integer_parameter_value(parameter_type_definition_id, lower, upper) VALUES ((select id from parameter_type_definition where parameter_id=(select id from parameter where name='max_depth' and model_id=(select id from model where name='intelex_random_forest_classifier') and parameter_type_id=(select id from parameter_type where name='integer'))), 3, 17);
INSERT INTO categorical_parameter(parameter_type_definition_id, default_value) VALUES ((select id from parameter_type_definition where parameter_id=(select id from parameter where name='max_features' and model_id=(select id from model where name='intelex_random_forest_classifier') and parameter_type_id=(select id from parameter_type where name='categorical'))), 'sqrt');
INSERT INTO categorical_parameter_value(parameter_type_definition_id, value) VALUES ((select id from parameter_type_definition where parameter_id=(select id from parameter where name='max_features' and model_id=(select id from model where name='intelex_random_forest_classifier') and parameter_type_id=(select id from parameter_type where name='categorical'))), 'sqrt');
INSERT INTO categorical_parameter_value(parameter_type_definition_id, value) VALUES ((select id from parameter_type_definition where parameter_id=(select id from parameter where name='max_features' and model_id=(select id from model where name='intelex_random_forest_classifier') and parameter_type_id=(select id from parameter_type where name='categorical'))), 'log2');
INSERT INTO float_parameter(parameter_type_definition_id, default_value) VALUES ((select id from parameter_type_definition where parameter_id=(select id from parameter where name='max_features' and model_id=(select id from model where name='intelex_random_forest_classifier') and parameter_type_id=(select id from parameter_type where name='float'))), null);
INSERT INTO float_parameter_range(parameter_type_definition_id, is_left_open, is_right_open, lower, upper) VALUES ((select id from parameter_type_definition where parameter_id=(select id from parameter where name='max_features' and model_id=(select id from model where name='intelex_random_forest_classifier') and parameter_type_id=(select id from parameter_type where name='float'))), true, true, 0.100000, 1.000000);
INSERT INTO integer_parameter(parameter_type_definition_id, default_value) VALUES ((select id from parameter_type_definition where parameter_id=(select id from parameter where name='max_leaf_nodes' and model_id=(select id from model where name='intelex_random_forest_classifier') and parameter_type_id=(select id from parameter_type where name='integer'))), 1024);
INSERT INTO integer_parameter_value(parameter_type_definition_id, lower, upper) VALUES ((select id from parameter_type_definition where parameter_id=(select id from parameter where name='max_leaf_nodes' and model_id=(select id from model where name='intelex_random_forest_classifier') and parameter_type_id=(select id from parameter_type where name='integer'))), 2, 1025);
INSERT INTO categorical_parameter(parameter_type_definition_id, default_value) VALUES ((select id from parameter_type_definition where parameter_id=(select id from parameter where name='max_samples' and model_id=(select id from model where name='intelex_random_forest_classifier') and parameter_type_id=(select id from parameter_type where name='categorical'))), null);
INSERT INTO categorical_parameter_value(parameter_type_definition_id, value) VALUES ((select id from parameter_type_definition where parameter_id=(select id from parameter where name='max_samples' and model_id=(select id from model where name='intelex_random_forest_classifier') and parameter_type_id=(select id from parameter_type where name='categorical'))), 'None');
INSERT INTO float_parameter(parameter_type_definition_id, default_value) VALUES ((select id from parameter_type_definition where parameter_id=(select id from parameter where name='max_samples' and model_id=(select id from model where name='intelex_random_forest_classifier') and parameter_type_id=(select id from parameter_type where name='float'))), 1.000000);
INSERT INTO float_parameter_range(parameter_type_definition_id, is_left_open, is_right_open, lower, upper) VALUES ((select id from parameter_type_definition where parameter_id=(select id from parameter where name='max_samples' and model_id=(select id from model where name='intelex_random_forest_classifier') and parameter_type_id=(select id from parameter_type where name='float'))), true, true, 0.100000, 1.000000);
INSERT INTO float_parameter(parameter_type_definition_id, default_value) VALUES ((select id from parameter_type_definition where parameter_id=(select id from parameter where name='min_impurity_decrease' and model_id=(select id from model where name='intelex_random_forest_classifier') and parameter_type_id=(select id from parameter_type where name='float'))), 0.000000);
INSERT INTO float_parameter_range(parameter_type_definition_id, is_left_open, is_right_open, lower, upper) VALUES ((select id from parameter_type_definition where parameter_id=(select id from parameter where name='min_impurity_decrease' and model_id=(select id from model where name='intelex_random_forest_classifier') and parameter_type_id=(select id from parameter_type where name='float'))), true, true, 0.000000, 0.100000);
INSERT INTO float_parameter(parameter_type_definition_id, default_value) VALUES ((select id from parameter_type_definition where parameter_id=(select id from parameter where name='min_samples_leaf' and model_id=(select id from model where name='intelex_random_forest_classifier') and parameter_type_id=(select id from parameter_type where name='float'))), 0.000100);
INSERT INTO float_parameter_range(parameter_type_definition_id, is_left_open, is_right_open, lower, upper) VALUES ((select id from parameter_type_definition where parameter_id=(select id from parameter where name='min_samples_leaf' and model_id=(select id from model where name='intelex_random_forest_classifier') and parameter_type_id=(select id from parameter_type where name='float'))), true, true, 0.000100, 0.050000);
INSERT INTO integer_parameter(parameter_type_definition_id, default_value) VALUES ((select id from parameter_type_definition where parameter_id=(select id from parameter where name='min_samples_split' and model_id=(select id from model where name='intelex_random_forest_classifier') and parameter_type_id=(select id from parameter_type where name='integer'))), 2);
INSERT INTO integer_parameter_value(parameter_type_definition_id, lower, upper) VALUES ((select id from parameter_type_definition where parameter_id=(select id from parameter where name='min_samples_split' and model_id=(select id from model where name='intelex_random_forest_classifier') and parameter_type_id=(select id from parameter_type where name='integer'))), 2, 21);
INSERT INTO float_parameter(parameter_type_definition_id, default_value) VALUES ((select id from parameter_type_definition where parameter_id=(select id from parameter where name='min_weight_fraction_leaf' and model_id=(select id from model where name='intelex_random_forest_classifier') and parameter_type_id=(select id from parameter_type where name='float'))), 0.000000);
INSERT INTO float_parameter_range(parameter_type_definition_id, is_left_open, is_right_open, lower, upper) VALUES ((select id from parameter_type_definition where parameter_id=(select id from parameter where name='min_weight_fraction_leaf' and model_id=(select id from model where name='intelex_random_forest_classifier') and parameter_type_id=(select id from parameter_type where name='float'))), true, true, 0.000000, 0.010000);
INSERT INTO integer_parameter(parameter_type_definition_id, default_value) VALUES ((select id from parameter_type_definition where parameter_id=(select id from parameter where name='n_estimators' and model_id=(select id from model where name='intelex_random_forest_classifier') and parameter_type_id=(select id from parameter_type where name='integer'))), 100);
INSERT INTO integer_parameter_value(parameter_type_definition_id, lower, upper) VALUES ((select id from parameter_type_definition where parameter_id=(select id from parameter where name='n_estimators' and model_id=(select id from model where name='intelex_random_forest_classifier') and parameter_type_id=(select id from parameter_type where name='integer'))), 10, 201);
INSERT INTO model(name, ml_task_id, description, display_name, structure_id, advantages, disadvantages, enabled, ensemble_type_id, family_type_id, decision_tree, model_type_id) VALUES ('intelex_svm_classifier', (select id from ml_task_type where name='classification'),'Support Vector Machine Classifier builds a hyperplane with support vectors to separate marked example points.', 'Intelex Support Vector Machine Classifier', (select id from model_structure_type where name='base'), '{Support Vector Machines (SVMs) perform well in high-dimensional spaces, making them suitable for datasets with many features.,They use a subset of training points in the decision function (support vectors), making them memory efficient.,They''re versatile, as different Kernel functions can be specified for the decision function.}', '{They are not efficient with large datasets because the training time can be cubic in the size of the dataset.,SVMs don''t provide probability estimates directly, which can be a disadvantage in certain use cases.,If the number of features greatly exceeds the number of samples, the SVM can perform poorly and overfitting can occur.}', true, (select id from model_ensemble_type where name='none'),(select id from model_family_type where name='other'), false, (select id from model_type where name='Kernel Model'));
INSERT INTO parameter(name, label, description, enabled, fixed_value, ordering, model_id) VALUES ('C', 'C', 'Inverse of regularization strength; must be a positive float. Like in support vector machines, smaller values specify stronger regularization.', true, false, 1, (select id from Model where name='intelex_svm_classifier'));
INSERT INTO parameter(name, label, description, enabled, fixed_value, ordering, model_id) VALUES ('break_ties', 'Break ties', 'f true, decision_function_shape=''ovr'', and number of classes > 2, predict will break ties according to the confidence values of decision_function; otherwise the first class among the tied classes is returned.', false, false, 2, (select id from Model where name='intelex_svm_classifier'));
INSERT INTO parameter(name, label, description, enabled, fixed_value, ordering, model_id) VALUES ('class_weight', 'Class weight', 'Sets the weights for all classes. If None, all classes are supposed to have weight one. The “balanced” mode uses the values of y to automatically adjust weights inversely proportional to class frequencies in the input data as n_samples / (n_classes * np.bincount(y)).', false, false, 3, (select id from Model where name='intelex_svm_classifier'));
INSERT INTO parameter(name, label, description, enabled, fixed_value, ordering, model_id) VALUES ('coef0', 'Coefficient 0', 'Independent term in kernel function. It is only significant in ''poly'' and ''sigmoid''.', false, false, 4, (select id from Model where name='intelex_svm_classifier'));
INSERT INTO parameter(name, label, description, enabled, fixed_value, ordering, model_id) VALUES ('decision_function_shape', 'Decision function shape', 'Whether to return a one-vs-rest (ovr) decision function of shape (n_samples, n_classes) as all other classifiers, or the original one-vs-one (ovo) decision function of libsvm.', false, false, 5, (select id from Model where name='intelex_svm_classifier'));
INSERT INTO parameter(name, label, description, enabled, fixed_value, ordering, model_id) VALUES ('degree', 'Degree', 'Degree of the polynomial kernel function (''poly''). Ignored by all other kernels.', false, false, 6, (select id from Model where name='intelex_svm_classifier'));
INSERT INTO parameter(name, label, description, enabled, fixed_value, ordering, model_id) VALUES ('gamma', 'Gamma', 'Kernel coefficient for ''rbf'', ''poly'' and ''sigmoid''.', false, false, 7, (select id from Model where name='intelex_svm_classifier'));
INSERT INTO parameter(name, label, description, enabled, fixed_value, ordering, model_id) VALUES ('kernel', 'Kernel', 'Specifies the kernel type to be used in the algorithm. It must be one of, ''poly'', ''rbf'', ''sigmoid'', ''precomputed'' or a callable. If none is given, ''rbf'' will be used. If a callable is given it is used to precompute the kernel matrix.', true, false, 8, (select id from Model where name='intelex_svm_classifier'));
INSERT INTO parameter(name, label, description, enabled, fixed_value, ordering, model_id) VALUES ('max_iter', 'Maximum number of iterations', '    Maximum number of iterations taken for the solvers to converge.', true, false, 9, (select id from Model where name='intelex_svm_classifier'));
INSERT INTO parameter(name, label, description, enabled, fixed_value, ordering, model_id) VALUES ('shrinking', 'Shrinking', 'Whether to use the shrinking heuristic.', false, false, 10, (select id from Model where name='intelex_svm_classifier'));
INSERT INTO parameter(name, label, description, enabled, fixed_value, ordering, model_id) VALUES ('tol', 'Tolerance', 'Maximum norm of the residual.', true, false, 11, (select id from Model where name='intelex_svm_classifier'));
INSERT INTO parameter_type_definition(parameter_id, parameter_type_id, parameter_distribution_type_id, ordering) VALUES ((select id from parameter where name='C' and model_id=(select id from model where name='intelex_svm_classifier')), (select id from parameter_type where name='float'), (select id from parameter_distribution_type where name='uniform'), 0);
INSERT INTO parameter_type_definition(parameter_id, parameter_type_id, parameter_distribution_type_id, ordering) VALUES ((select id from parameter where name='break_ties' and model_id=(select id from model where name='intelex_svm_classifier')), (select id from parameter_type where name='boolean'), (select id from parameter_distribution_type where name='uniform'), 0);
INSERT INTO parameter_type_definition(parameter_id, parameter_type_id, parameter_distribution_type_id, ordering) VALUES ((select id from parameter where name='class_weight' and model_id=(select id from model where name='intelex_svm_classifier')), (select id from parameter_type where name='categorical'), (select id from parameter_distribution_type where name='uniform'), 0);
INSERT INTO parameter_type_definition(parameter_id, parameter_type_id, parameter_distribution_type_id, ordering) VALUES ((select id from parameter where name='coef0' and model_id=(select id from model where name='intelex_svm_classifier')), (select id from parameter_type where name='float'), (select id from parameter_distribution_type where name='uniform'), 0);
INSERT INTO parameter_type_definition(parameter_id, parameter_type_id, parameter_distribution_type_id, ordering) VALUES ((select id from parameter where name='decision_function_shape' and model_id=(select id from model where name='intelex_svm_classifier')), (select id from parameter_type where name='categorical'), (select id from parameter_distribution_type where name='uniform'), 0);
INSERT INTO parameter_type_definition(parameter_id, parameter_type_id, parameter_distribution_type_id, ordering) VALUES ((select id from parameter where name='degree' and model_id=(select id from model where name='intelex_svm_classifier')), (select id from parameter_type where name='integer'), (select id from parameter_distribution_type where name='uniform'), 0);
INSERT INTO parameter_type_definition(parameter_id, parameter_type_id, parameter_distribution_type_id, ordering) VALUES ((select id from parameter where name='gamma' and model_id=(select id from model where name='intelex_svm_classifier')), (select id from parameter_type where name='categorical'), (select id from parameter_distribution_type where name='uniform'), 0);
INSERT INTO parameter_type_definition(parameter_id, parameter_type_id, parameter_distribution_type_id, ordering) VALUES ((select id from parameter where name='kernel' and model_id=(select id from model where name='intelex_svm_classifier')), (select id from parameter_type where name='categorical'), (select id from parameter_distribution_type where name='uniform'), 0);
INSERT INTO parameter_type_definition(parameter_id, parameter_type_id, parameter_distribution_type_id, ordering) VALUES ((select id from parameter where name='max_iter' and model_id=(select id from model where name='intelex_svm_classifier')), (select id from parameter_type where name='integer'), (select id from parameter_distribution_type where name='uniform'), 0);
INSERT INTO parameter_type_definition(parameter_id, parameter_type_id, parameter_distribution_type_id, ordering) VALUES ((select id from parameter where name='shrinking' and model_id=(select id from model where name='intelex_svm_classifier')), (select id from parameter_type where name='boolean'), (select id from parameter_distribution_type where name='uniform'), 0);
INSERT INTO parameter_type_definition(parameter_id, parameter_type_id, parameter_distribution_type_id, ordering) VALUES ((select id from parameter where name='tol' and model_id=(select id from model where name='intelex_svm_classifier')), (select id from parameter_type where name='float'), (select id from parameter_distribution_type where name='uniform'), 0);
INSERT INTO float_parameter(parameter_type_definition_id, default_value) VALUES ((select id from parameter_type_definition where parameter_id=(select id from parameter where name='C' and model_id=(select id from model where name='intelex_svm_classifier') and parameter_type_id=(select id from parameter_type where name='float'))), 1.000000);
INSERT INTO float_parameter_range(parameter_type_definition_id, is_left_open, is_right_open, lower, upper) VALUES ((select id from parameter_type_definition where parameter_id=(select id from parameter where name='C' and model_id=(select id from model where name='intelex_svm_classifier') and parameter_type_id=(select id from parameter_type where name='float'))), true, true, 0.001000, 10.000000);
INSERT INTO boolean_parameter(parameter_type_definition_id, default_value) VALUES ((select id from parameter_type_definition where parameter_id=(select id from parameter where name='break_ties' and model_id=(select id from model where name='intelex_svm_classifier') and parameter_type_id=(select id from parameter_type where name='boolean'))), false);
INSERT INTO categorical_parameter(parameter_type_definition_id, default_value) VALUES ((select id from parameter_type_definition where parameter_id=(select id from parameter where name='class_weight' and model_id=(select id from model where name='intelex_svm_classifier') and parameter_type_id=(select id from parameter_type where name='categorical'))), 'None');
INSERT INTO categorical_parameter_value(parameter_type_definition_id, value) VALUES ((select id from parameter_type_definition where parameter_id=(select id from parameter where name='class_weight' and model_id=(select id from model where name='intelex_svm_classifier') and parameter_type_id=(select id from parameter_type where name='categorical'))), 'balanced');
INSERT INTO categorical_parameter_value(parameter_type_definition_id, value) VALUES ((select id from parameter_type_definition where parameter_id=(select id from parameter where name='class_weight' and model_id=(select id from model where name='intelex_svm_classifier') and parameter_type_id=(select id from parameter_type where name='categorical'))), 'None');
INSERT INTO float_parameter(parameter_type_definition_id, default_value) VALUES ((select id from parameter_type_definition where parameter_id=(select id from parameter where name='coef0' and model_id=(select id from model where name='intelex_svm_classifier') and parameter_type_id=(select id from parameter_type where name='float'))), 0.000000);
INSERT INTO float_parameter_range(parameter_type_definition_id, is_left_open, is_right_open, lower, upper) VALUES ((select id from parameter_type_definition where parameter_id=(select id from parameter where name='coef0' and model_id=(select id from model where name='intelex_svm_classifier') and parameter_type_id=(select id from parameter_type where name='float'))), true, true, 0.000000, 1.000000);
INSERT INTO categorical_parameter(parameter_type_definition_id, default_value) VALUES ((select id from parameter_type_definition where parameter_id=(select id from parameter where name='decision_function_shape' and model_id=(select id from model where name='intelex_svm_classifier') and parameter_type_id=(select id from parameter_type where name='categorical'))), 'ovr');
INSERT INTO categorical_parameter_value(parameter_type_definition_id, value) VALUES ((select id from parameter_type_definition where parameter_id=(select id from parameter where name='decision_function_shape' and model_id=(select id from model where name='intelex_svm_classifier') and parameter_type_id=(select id from parameter_type where name='categorical'))), 'ovr');
INSERT INTO categorical_parameter_value(parameter_type_definition_id, value) VALUES ((select id from parameter_type_definition where parameter_id=(select id from parameter where name='decision_function_shape' and model_id=(select id from model where name='intelex_svm_classifier') and parameter_type_id=(select id from parameter_type where name='categorical'))), 'ovo');
INSERT INTO integer_parameter(parameter_type_definition_id, default_value) VALUES ((select id from parameter_type_definition where parameter_id=(select id from parameter where name='degree' and model_id=(select id from model where name='intelex_svm_classifier') and parameter_type_id=(select id from parameter_type where name='integer'))), 3);
INSERT INTO integer_parameter_value(parameter_type_definition_id, lower, upper) VALUES ((select id from parameter_type_definition where parameter_id=(select id from parameter where name='degree' and model_id=(select id from model where name='intelex_svm_classifier') and parameter_type_id=(select id from parameter_type where name='integer'))), 0, 11);
INSERT INTO categorical_parameter(parameter_type_definition_id, default_value) VALUES ((select id from parameter_type_definition where parameter_id=(select id from parameter where name='gamma' and model_id=(select id from model where name='intelex_svm_classifier') and parameter_type_id=(select id from parameter_type where name='categorical'))), 'scale');
INSERT INTO categorical_parameter_value(parameter_type_definition_id, value) VALUES ((select id from parameter_type_definition where parameter_id=(select id from parameter where name='gamma' and model_id=(select id from model where name='intelex_svm_classifier') and parameter_type_id=(select id from parameter_type where name='categorical'))), 'scale');
INSERT INTO categorical_parameter_value(parameter_type_definition_id, value) VALUES ((select id from parameter_type_definition where parameter_id=(select id from parameter where name='gamma' and model_id=(select id from model where name='intelex_svm_classifier') and parameter_type_id=(select id from parameter_type where name='categorical'))), 'auto');
INSERT INTO categorical_parameter(parameter_type_definition_id, default_value) VALUES ((select id from parameter_type_definition where parameter_id=(select id from parameter where name='kernel' and model_id=(select id from model where name='intelex_svm_classifier') and parameter_type_id=(select id from parameter_type where name='categorical'))), 'rbf');
INSERT INTO categorical_parameter_value(parameter_type_definition_id, value) VALUES ((select id from parameter_type_definition where parameter_id=(select id from parameter where name='kernel' and model_id=(select id from model where name='intelex_svm_classifier') and parameter_type_id=(select id from parameter_type where name='categorical'))), 'sigmoid');
INSERT INTO categorical_parameter_value(parameter_type_definition_id, value) VALUES ((select id from parameter_type_definition where parameter_id=(select id from parameter where name='kernel' and model_id=(select id from model where name='intelex_svm_classifier') and parameter_type_id=(select id from parameter_type where name='categorical'))), 'rbf');
INSERT INTO categorical_parameter_value(parameter_type_definition_id, value) VALUES ((select id from parameter_type_definition where parameter_id=(select id from parameter where name='kernel' and model_id=(select id from model where name='intelex_svm_classifier') and parameter_type_id=(select id from parameter_type where name='categorical'))), 'poly');
INSERT INTO integer_parameter(parameter_type_definition_id, default_value) VALUES ((select id from parameter_type_definition where parameter_id=(select id from parameter where name='max_iter' and model_id=(select id from model where name='intelex_svm_classifier') and parameter_type_id=(select id from parameter_type where name='integer'))), 2000);
INSERT INTO integer_parameter_value(parameter_type_definition_id, lower, upper) VALUES ((select id from parameter_type_definition where parameter_id=(select id from parameter where name='max_iter' and model_id=(select id from model where name='intelex_svm_classifier') and parameter_type_id=(select id from parameter_type where name='integer'))), 1, 2001);
INSERT INTO boolean_parameter(parameter_type_definition_id, default_value) VALUES ((select id from parameter_type_definition where parameter_id=(select id from parameter where name='shrinking' and model_id=(select id from model where name='intelex_svm_classifier') and parameter_type_id=(select id from parameter_type where name='boolean'))), true);
INSERT INTO float_parameter(parameter_type_definition_id, default_value) VALUES ((select id from parameter_type_definition where parameter_id=(select id from parameter where name='tol' and model_id=(select id from model where name='intelex_svm_classifier') and parameter_type_id=(select id from parameter_type where name='float'))), 0.001000);
INSERT INTO float_parameter_range(parameter_type_definition_id, is_left_open, is_right_open, lower, upper) VALUES ((select id from parameter_type_definition where parameter_id=(select id from parameter where name='tol' and model_id=(select id from model where name='intelex_svm_classifier') and parameter_type_id=(select id from parameter_type where name='float'))), true, true, 0.000100, 0.100000);
INSERT INTO model(name, ml_task_id, description, display_name, structure_id, advantages, disadvantages, enabled, ensemble_type_id, family_type_id, decision_tree, model_type_id) VALUES ('feature_reduction_stacking_classifier', (select id from ml_task_type where name='classification'),'A meta-classifier is fitted on the predictions of a number of base models, which may be reduced to a lower dimensional space. It is combined with the initial training data, which is reduced to a lower dimensional space.', 'Feature Reduction Stacking Classifier', (select id from model_structure_type where name='dynamic'), '{}', '{}', true, (select id from model_ensemble_type where name='other'),(select id from model_family_type where name='other'), false, (select id from model_type where name='Ensemble Model'));
INSERT INTO model(name, ml_task_id, description, display_name, structure_id, advantages, disadvantages, enabled, ensemble_type_id, family_type_id, decision_tree, model_type_id) VALUES ('stacking_classifier', (select id from ml_task_type where name='classification'),'A meta-classifier is fitted on the predictions of a number of base models, which may be combined with the initial training data.', 'Stacking Classifier', (select id from model_structure_type where name='dynamic'), '{}', '{}', true, (select id from model_ensemble_type where name='other'),(select id from model_family_type where name='other'), false, (select id from model_type where name='Ensemble Model'));
INSERT INTO model(name, ml_task_id, description, display_name, structure_id, advantages, disadvantages, enabled, ensemble_type_id, family_type_id, decision_tree, model_type_id) VALUES ('base_reduction_stacking_classifier', (select id from ml_task_type where name='classification'),'A meta-classifier is fitted on the predictions of a number of base models and the base predictions space is reduced to a lower dimensional space. It may be combined with the initial training data.', 'Base Reduction Stacking Classifier', (select id from model_structure_type where name='dynamic'), '{}', '{}', true, (select id from model_ensemble_type where name='other'),(select id from model_family_type where name='other'), false, (select id from model_type where name='Ensemble Model'));
INSERT INTO model(name, ml_task_id, description, display_name, structure_id, advantages, disadvantages, enabled, ensemble_type_id, family_type_id, decision_tree, model_type_id) VALUES ('lightgbm_classifier', (select id from ml_task_type where name='classification'),'LightGBM Classifier is a tree-based ensemble model. It buckets continuous feature values into discrete bins and uses a gradient-based one-side sampling to split values. In comparison with XGBoost and CatBoost, LightGBM performs poorly on categorical datasets but has a similar performance to XGBoost on numerical datasets with fewer training time.', 'LightGBM Classifier', (select id from model_structure_type where name='base'), '{It is computational efficient,It performs well on large sized datasets}', '{It has the problem of overfitting especially on small data}', true, (select id from model_ensemble_type where name='other'),(select id from model_family_type where name='tree'), false, (select id from model_type where name='Tree-Based Model'));
INSERT INTO rel_model__groups(model_id, group_id) VALUES ((select id from Model where name='lightgbm_classifier'),(select id from model_group_type where name='fast'));
INSERT INTO rel_model__groups(model_id, group_id) VALUES ((select id from Model where name='lightgbm_classifier'),(select id from model_group_type where name='explainable'));
INSERT INTO rel_model__groups(model_id, group_id) VALUES ((select id from Model where name='lightgbm_classifier'),(select id from model_group_type where name='advanced'));
INSERT INTO parameter(name, label, description, enabled, fixed_value, ordering, model_id) VALUES ('boosting_type', 'Boosting type', 'The type of boosting to use.', false, false, 1, (select id from Model where name='lightgbm_classifier'));
INSERT INTO parameter(name, label, description, enabled, fixed_value, ordering, model_id) VALUES ('class_weight', 'Class weight', 'Weights associated with classes in the form {class_label: weight}. If not given, all classes are supposed to have weight one. The “balanced” mode uses the values of y to automatically adjust weights inversely proportional to class frequencies in the input data as n_samples / (n_classes * np.bincount(y)).', false, false, 2, (select id from Model where name='lightgbm_classifier'));
INSERT INTO parameter(name, label, description, enabled, fixed_value, ordering, model_id) VALUES ('colsample_bytree', 'Column subsample ratio by tree', 'The subsample ratio of columns when constructing each tree. Subsampling occurs once for every tree constructed.', false, false, 3, (select id from Model where name='lightgbm_classifier'));
INSERT INTO parameter(name, label, description, enabled, fixed_value, ordering, model_id) VALUES ('learning_rate', 'Learning rate', 'Step size shrinkage used in update to prevents overfitting. After each boosting step, we can directly get the weights of new features, and eta shrinks the feature weights to make the boosting process more conservative.', false, false, 4, (select id from Model where name='lightgbm_classifier'));
INSERT INTO parameter(name, label, description, enabled, fixed_value, ordering, model_id) VALUES ('max_depth', 'Maximum depth', 'The maximum depth of the tree. If None, then nodes are expanded until all leaves are pure or until all leaves contain less than min_samples_split samples.', true, false, 5, (select id from Model where name='lightgbm_classifier'));
INSERT INTO parameter(name, label, description, enabled, fixed_value, ordering, model_id) VALUES ('min_child_samples', 'Minimum childs per sample', 'Minimal number of data in one leaf. Can be used to deal with over-fitting.', false, false, 6, (select id from Model where name='lightgbm_classifier'));
INSERT INTO parameter(name, label, description, enabled, fixed_value, ordering, model_id) VALUES ('min_child_weight', 'Minimum child weight', 'Minimum sum of instance weight (hessian) needed in a child.', false, false, 7, (select id from Model where name='lightgbm_classifier'));
INSERT INTO parameter(name, label, description, enabled, fixed_value, ordering, model_id) VALUES ('min_split_gain', 'Minimal gain to split', 'The minimal gain to perform split.', false, false, 8, (select id from Model where name='lightgbm_classifier'));
INSERT INTO parameter(name, label, description, enabled, fixed_value, ordering, model_id) VALUES ('n_estimators', 'Number of estimators', 'The number of base estimators in the ensemble.', true, false, 9, (select id from Model where name='lightgbm_classifier'));
INSERT INTO parameter(name, label, description, enabled, fixed_value, ordering, model_id) VALUES ('num_leaves', 'Number of leaves', 'The maximum number of leaves in one tree.', true, false, 10, (select id from Model where name='lightgbm_classifier'));
INSERT INTO parameter(name, label, description, enabled, fixed_value, ordering, model_id) VALUES ('reg_alpha', 'Regularization alpha', 'L1 regularization term on weights. Increasing this value will make model more conservative.', false, false, 11, (select id from Model where name='lightgbm_classifier'));
INSERT INTO parameter(name, label, description, enabled, fixed_value, ordering, model_id) VALUES ('reg_lambda', 'Regularization lambda', 'L2 regularization term on weights. Increasing this value will make model more conservative.', false, false, 12, (select id from Model where name='lightgbm_classifier'));
INSERT INTO parameter(name, label, description, enabled, fixed_value, ordering, model_id) VALUES ('subsample', 'Subsample', 'Subsample ratio of the training instances. Setting it to 0.5 means that LightGBM would randomly sample half of the training data prior to growing trees. and this will prevent overfitting. Subsampling will occur once in every boosting iteration.', false, false, 13, (select id from Model where name='lightgbm_classifier'));
INSERT INTO parameter(name, label, description, enabled, fixed_value, ordering, model_id) VALUES ('subsample_for_bin', 'Subsamples to construct bin', 'Number of data that sampled to construct feature discrete bins.', false, false, 14, (select id from Model where name='lightgbm_classifier'));
INSERT INTO parameter(name, label, description, enabled, fixed_value, ordering, model_id) VALUES ('subsample_freq', 'Subsample frequency', 'Frequency for bagging.', false, false, 15, (select id from Model where name='lightgbm_classifier'));
INSERT INTO parameter_type_definition(parameter_id, parameter_type_id, parameter_distribution_type_id, ordering) VALUES ((select id from parameter where name='boosting_type' and model_id=(select id from model where name='lightgbm_classifier')), (select id from parameter_type where name='categorical'), (select id from parameter_distribution_type where name='uniform'), 0);
INSERT INTO parameter_type_definition(parameter_id, parameter_type_id, parameter_distribution_type_id, ordering) VALUES ((select id from parameter where name='class_weight' and model_id=(select id from model where name='lightgbm_classifier')), (select id from parameter_type where name='categorical'), (select id from parameter_distribution_type where name='uniform'), 0);
INSERT INTO parameter_type_definition(parameter_id, parameter_type_id, parameter_distribution_type_id, ordering) VALUES ((select id from parameter where name='colsample_bytree' and model_id=(select id from model where name='lightgbm_classifier')), (select id from parameter_type where name='float'), (select id from parameter_distribution_type where name='uniform'), 0);
INSERT INTO parameter_type_definition(parameter_id, parameter_type_id, parameter_distribution_type_id, ordering) VALUES ((select id from parameter where name='learning_rate' and model_id=(select id from model where name='lightgbm_classifier')), (select id from parameter_type where name='float'), (select id from parameter_distribution_type where name='uniform'), 0);
INSERT INTO parameter_type_definition(parameter_id, parameter_type_id, parameter_distribution_type_id, ordering) VALUES ((select id from parameter where name='max_depth' and model_id=(select id from model where name='lightgbm_classifier')), (select id from parameter_type where name='integer'), (select id from parameter_distribution_type where name='uniform'), 0);
INSERT INTO parameter_type_definition(parameter_id, parameter_type_id, parameter_distribution_type_id, ordering) VALUES ((select id from parameter where name='min_child_samples' and model_id=(select id from model where name='lightgbm_classifier')), (select id from parameter_type where name='integer'), (select id from parameter_distribution_type where name='uniform'), 0);
INSERT INTO parameter_type_definition(parameter_id, parameter_type_id, parameter_distribution_type_id, ordering) VALUES ((select id from parameter where name='min_child_weight' and model_id=(select id from model where name='lightgbm_classifier')), (select id from parameter_type where name='float'), (select id from parameter_distribution_type where name='uniform'), 0);
INSERT INTO parameter_type_definition(parameter_id, parameter_type_id, parameter_distribution_type_id, ordering) VALUES ((select id from parameter where name='min_split_gain' and model_id=(select id from model where name='lightgbm_classifier')), (select id from parameter_type where name='float'), (select id from parameter_distribution_type where name='uniform'), 0);
INSERT INTO parameter_type_definition(parameter_id, parameter_type_id, parameter_distribution_type_id, ordering) VALUES ((select id from parameter where name='n_estimators' and model_id=(select id from model where name='lightgbm_classifier')), (select id from parameter_type where name='integer'), (select id from parameter_distribution_type where name='uniform'), 0);
INSERT INTO parameter_type_definition(parameter_id, parameter_type_id, parameter_distribution_type_id, ordering) VALUES ((select id from parameter where name='num_leaves' and model_id=(select id from model where name='lightgbm_classifier')), (select id from parameter_type where name='integer'), (select id from parameter_distribution_type where name='uniform'), 0);
INSERT INTO parameter_type_definition(parameter_id, parameter_type_id, parameter_distribution_type_id, ordering) VALUES ((select id from parameter where name='reg_alpha' and model_id=(select id from model where name='lightgbm_classifier')), (select id from parameter_type where name='float'), (select id from parameter_distribution_type where name='uniform'), 0);
INSERT INTO parameter_type_definition(parameter_id, parameter_type_id, parameter_distribution_type_id, ordering) VALUES ((select id from parameter where name='reg_lambda' and model_id=(select id from model where name='lightgbm_classifier')), (select id from parameter_type where name='float'), (select id from parameter_distribution_type where name='uniform'), 0);
INSERT INTO parameter_type_definition(parameter_id, parameter_type_id, parameter_distribution_type_id, ordering) VALUES ((select id from parameter where name='subsample' and model_id=(select id from model where name='lightgbm_classifier')), (select id from parameter_type where name='float'), (select id from parameter_distribution_type where name='uniform'), 0);
INSERT INTO parameter_type_definition(parameter_id, parameter_type_id, parameter_distribution_type_id, ordering) VALUES ((select id from parameter where name='subsample_for_bin' and model_id=(select id from model where name='lightgbm_classifier')), (select id from parameter_type where name='integer'), (select id from parameter_distribution_type where name='uniform'), 0);
INSERT INTO parameter_type_definition(parameter_id, parameter_type_id, parameter_distribution_type_id, ordering) VALUES ((select id from parameter where name='subsample_freq' and model_id=(select id from model where name='lightgbm_classifier')), (select id from parameter_type where name='integer'), (select id from parameter_distribution_type where name='uniform'), 0);
INSERT INTO categorical_parameter(parameter_type_definition_id, default_value) VALUES ((select id from parameter_type_definition where parameter_id=(select id from parameter where name='boosting_type' and model_id=(select id from model where name='lightgbm_classifier') and parameter_type_id=(select id from parameter_type where name='categorical'))), 'gbdt');
INSERT INTO categorical_parameter_value(parameter_type_definition_id, value) VALUES ((select id from parameter_type_definition where parameter_id=(select id from parameter where name='boosting_type' and model_id=(select id from model where name='lightgbm_classifier') and parameter_type_id=(select id from parameter_type where name='categorical'))), 'gbdt');
INSERT INTO categorical_parameter_value(parameter_type_definition_id, value) VALUES ((select id from parameter_type_definition where parameter_id=(select id from parameter where name='boosting_type' and model_id=(select id from model where name='lightgbm_classifier') and parameter_type_id=(select id from parameter_type where name='categorical'))), 'goss');
INSERT INTO categorical_parameter_value(parameter_type_definition_id, value) VALUES ((select id from parameter_type_definition where parameter_id=(select id from parameter where name='boosting_type' and model_id=(select id from model where name='lightgbm_classifier') and parameter_type_id=(select id from parameter_type where name='categorical'))), 'dart');
INSERT INTO categorical_parameter_value(parameter_type_definition_id, value) VALUES ((select id from parameter_type_definition where parameter_id=(select id from parameter where name='boosting_type' and model_id=(select id from model where name='lightgbm_classifier') and parameter_type_id=(select id from parameter_type where name='categorical'))), 'rf');
INSERT INTO categorical_parameter(parameter_type_definition_id, default_value) VALUES ((select id from parameter_type_definition where parameter_id=(select id from parameter where name='class_weight' and model_id=(select id from model where name='lightgbm_classifier') and parameter_type_id=(select id from parameter_type where name='categorical'))), 'None');
INSERT INTO categorical_parameter_value(parameter_type_definition_id, value) VALUES ((select id from parameter_type_definition where parameter_id=(select id from parameter where name='class_weight' and model_id=(select id from model where name='lightgbm_classifier') and parameter_type_id=(select id from parameter_type where name='categorical'))), 'balanced');
INSERT INTO categorical_parameter_value(parameter_type_definition_id, value) VALUES ((select id from parameter_type_definition where parameter_id=(select id from parameter where name='class_weight' and model_id=(select id from model where name='lightgbm_classifier') and parameter_type_id=(select id from parameter_type where name='categorical'))), 'None');
INSERT INTO float_parameter(parameter_type_definition_id, default_value) VALUES ((select id from parameter_type_definition where parameter_id=(select id from parameter where name='colsample_bytree' and model_id=(select id from model where name='lightgbm_classifier') and parameter_type_id=(select id from parameter_type where name='float'))), 1.000000);
INSERT INTO float_parameter_range(parameter_type_definition_id, is_left_open, is_right_open, lower, upper) VALUES ((select id from parameter_type_definition where parameter_id=(select id from parameter where name='colsample_bytree' and model_id=(select id from model where name='lightgbm_classifier') and parameter_type_id=(select id from parameter_type where name='float'))), true, true, 0.100000, 1.000000);
INSERT INTO float_parameter(parameter_type_definition_id, default_value) VALUES ((select id from parameter_type_definition where parameter_id=(select id from parameter where name='learning_rate' and model_id=(select id from model where name='lightgbm_classifier') and parameter_type_id=(select id from parameter_type where name='float'))), 0.100000);
INSERT INTO float_parameter_range(parameter_type_definition_id, is_left_open, is_right_open, lower, upper) VALUES ((select id from parameter_type_definition where parameter_id=(select id from parameter where name='learning_rate' and model_id=(select id from model where name='lightgbm_classifier') and parameter_type_id=(select id from parameter_type where name='float'))), true, true, 0.010000, 1.000000);
INSERT INTO integer_parameter(parameter_type_definition_id, default_value) VALUES ((select id from parameter_type_definition where parameter_id=(select id from parameter where name='max_depth' and model_id=(select id from model where name='lightgbm_classifier') and parameter_type_id=(select id from parameter_type where name='integer'))), 10);
INSERT INTO integer_parameter_value(parameter_type_definition_id, lower, upper) VALUES ((select id from parameter_type_definition where parameter_id=(select id from parameter where name='max_depth' and model_id=(select id from model where name='lightgbm_classifier') and parameter_type_id=(select id from parameter_type where name='integer'))), 3, 17);
INSERT INTO integer_parameter(parameter_type_definition_id, default_value) VALUES ((select id from parameter_type_definition where parameter_id=(select id from parameter where name='min_child_samples' and model_id=(select id from model where name='lightgbm_classifier') and parameter_type_id=(select id from parameter_type where name='integer'))), 20);
INSERT INTO integer_parameter_value(parameter_type_definition_id, lower, upper) VALUES ((select id from parameter_type_definition where parameter_id=(select id from parameter where name='min_child_samples' and model_id=(select id from model where name='lightgbm_classifier') and parameter_type_id=(select id from parameter_type where name='integer'))), 2, 51);
INSERT INTO float_parameter(parameter_type_definition_id, default_value) VALUES ((select id from parameter_type_definition where parameter_id=(select id from parameter where name='min_child_weight' and model_id=(select id from model where name='lightgbm_classifier') and parameter_type_id=(select id from parameter_type where name='float'))), 0.001000);
INSERT INTO float_parameter_range(parameter_type_definition_id, is_left_open, is_right_open, lower, upper) VALUES ((select id from parameter_type_definition where parameter_id=(select id from parameter where name='min_child_weight' and model_id=(select id from model where name='lightgbm_classifier') and parameter_type_id=(select id from parameter_type where name='float'))), true, true, 0.001000, 0.250000);
INSERT INTO float_parameter(parameter_type_definition_id, default_value) VALUES ((select id from parameter_type_definition where parameter_id=(select id from parameter where name='min_split_gain' and model_id=(select id from model where name='lightgbm_classifier') and parameter_type_id=(select id from parameter_type where name='float'))), 0.000000);
INSERT INTO float_parameter_range(parameter_type_definition_id, is_left_open, is_right_open, lower, upper) VALUES ((select id from parameter_type_definition where parameter_id=(select id from parameter where name='min_split_gain' and model_id=(select id from model where name='lightgbm_classifier') and parameter_type_id=(select id from parameter_type where name='float'))), true, true, 0.000000, 5.000000);
INSERT INTO integer_parameter(parameter_type_definition_id, default_value) VALUES ((select id from parameter_type_definition where parameter_id=(select id from parameter where name='n_estimators' and model_id=(select id from model where name='lightgbm_classifier') and parameter_type_id=(select id from parameter_type where name='integer'))), 100);
INSERT INTO integer_parameter_value(parameter_type_definition_id, lower, upper) VALUES ((select id from parameter_type_definition where parameter_id=(select id from parameter where name='n_estimators' and model_id=(select id from model where name='lightgbm_classifier') and parameter_type_id=(select id from parameter_type where name='integer'))), 10, 201);
INSERT INTO integer_parameter(parameter_type_definition_id, default_value) VALUES ((select id from parameter_type_definition where parameter_id=(select id from parameter where name='num_leaves' and model_id=(select id from model where name='lightgbm_classifier') and parameter_type_id=(select id from parameter_type where name='integer'))), 31);
INSERT INTO integer_parameter_value(parameter_type_definition_id, lower, upper) VALUES ((select id from parameter_type_definition where parameter_id=(select id from parameter where name='num_leaves' and model_id=(select id from model where name='lightgbm_classifier') and parameter_type_id=(select id from parameter_type where name='integer'))), 2, 101);
INSERT INTO float_parameter(parameter_type_definition_id, default_value) VALUES ((select id from parameter_type_definition where parameter_id=(select id from parameter where name='reg_alpha' and model_id=(select id from model where name='lightgbm_classifier') and parameter_type_id=(select id from parameter_type where name='float'))), 0.000000);
INSERT INTO float_parameter_range(parameter_type_definition_id, is_left_open, is_right_open, lower, upper) VALUES ((select id from parameter_type_definition where parameter_id=(select id from parameter where name='reg_alpha' and model_id=(select id from model where name='lightgbm_classifier') and parameter_type_id=(select id from parameter_type where name='float'))), true, true, 0.000000, 10000.000000);
INSERT INTO float_parameter(parameter_type_definition_id, default_value) VALUES ((select id from parameter_type_definition where parameter_id=(select id from parameter where name='reg_lambda' and model_id=(select id from model where name='lightgbm_classifier') and parameter_type_id=(select id from parameter_type where name='float'))), 0.000000);
INSERT INTO float_parameter_range(parameter_type_definition_id, is_left_open, is_right_open, lower, upper) VALUES ((select id from parameter_type_definition where parameter_id=(select id from parameter where name='reg_lambda' and model_id=(select id from model where name='lightgbm_classifier') and parameter_type_id=(select id from parameter_type where name='float'))), true, true, 0.000000, 10000.000000);
INSERT INTO float_parameter(parameter_type_definition_id, default_value) VALUES ((select id from parameter_type_definition where parameter_id=(select id from parameter where name='subsample' and model_id=(select id from model where name='lightgbm_classifier') and parameter_type_id=(select id from parameter_type where name='float'))), 1.000000);
INSERT INTO float_parameter_range(parameter_type_definition_id, is_left_open, is_right_open, lower, upper) VALUES ((select id from parameter_type_definition where parameter_id=(select id from parameter where name='subsample' and model_id=(select id from model where name='lightgbm_classifier') and parameter_type_id=(select id from parameter_type where name='float'))), true, true, 0.500000, 1.000000);
INSERT INTO integer_parameter(parameter_type_definition_id, default_value) VALUES ((select id from parameter_type_definition where parameter_id=(select id from parameter where name='subsample_for_bin' and model_id=(select id from model where name='lightgbm_classifier') and parameter_type_id=(select id from parameter_type where name='integer'))), 200000);
INSERT INTO integer_parameter_value(parameter_type_definition_id, lower, upper) VALUES ((select id from parameter_type_definition where parameter_id=(select id from parameter where name='subsample_for_bin' and model_id=(select id from model where name='lightgbm_classifier') and parameter_type_id=(select id from parameter_type where name='integer'))), 100, 1000001);
INSERT INTO integer_parameter(parameter_type_definition_id, default_value) VALUES ((select id from parameter_type_definition where parameter_id=(select id from parameter where name='subsample_freq' and model_id=(select id from model where name='lightgbm_classifier') and parameter_type_id=(select id from parameter_type where name='integer'))), 0);
INSERT INTO integer_parameter_value(parameter_type_definition_id, lower, upper) VALUES ((select id from parameter_type_definition where parameter_id=(select id from parameter where name='subsample_freq' and model_id=(select id from model where name='lightgbm_classifier') and parameter_type_id=(select id from parameter_type where name='integer'))), 0, 11);
INSERT INTO model(name, ml_task_id, description, display_name, structure_id, advantages, disadvantages, enabled, ensemble_type_id, family_type_id, decision_tree, model_type_id) VALUES ('fista_classifier', (select id from ml_task_type where name='classification'),'An estimator that employs the Fast Iterative Shrinkage-Thresholding Algorithm (FISTA) for training linear classifiers. Designed for fast convergence, FISTA is particularly well-suited for large-scale and high-dimensional problems. It encourages sparse solutions and is efficient in terms of memory usage. The algorithm is ideal for convex optimization problems and offers flexibility in regularization techniques.', 'Fast Iterative Shrinkage/Thresholding Classifier', (select id from model_structure_type where name='base'), '{Fast convergence, especially suitable for large datasets.,Encourages sparse solutions, advantageous in high-dimensional settings.,Resource-efficient, doesn''t require storing large intermediate matrices.}', '{Sensitive to the choice of hyperparameters, requiring careful tuning.,May suffer from numerical instabilities.}', true, (select id from model_ensemble_type where name='none'),(select id from model_family_type where name='linear'), false, (select id from model_type where name='Gradient Model'));
INSERT INTO parameter(name, label, description, enabled, fixed_value, ordering, model_id) VALUES ('C', 'C', 'Weight of the loss term.', true, false, 1, (select id from Model where name='fista_classifier'));
INSERT INTO parameter(name, label, description, enabled, fixed_value, ordering, model_id) VALUES ('alpha', 'Alpha', 'Weight of the penalty term.', true, false, 2, (select id from Model where name='fista_classifier'));
INSERT INTO parameter(name, label, description, enabled, fixed_value, ordering, model_id) VALUES ('eta', 'Eta', 'Decrease factor for line-search procedure.', false, false, 3, (select id from Model where name='fista_classifier'));
INSERT INTO parameter(name, label, description, enabled, fixed_value, ordering, model_id) VALUES ('loss', 'Loss', 'The loss function to be used.', false, false, 4, (select id from Model where name='fista_classifier'));
INSERT INTO parameter(name, label, description, enabled, fixed_value, ordering, model_id) VALUES ('max_iter', 'Maximum number of iterations', 'Maximum number of iterations to perform.', false, false, 5, (select id from Model where name='fista_classifier'));
INSERT INTO parameter(name, label, description, enabled, fixed_value, ordering, model_id) VALUES ('max_steps', 'Maximum number of steps', 'Maximum number of steps to use during the line search.', false, false, 6, (select id from Model where name='fista_classifier'));
INSERT INTO parameter(name, label, description, enabled, fixed_value, ordering, model_id) VALUES ('multiclass', 'Multiclass', 'Whether to use a direct multiclass formulation (True) or one-vs-rest (False).', false, false, 7, (select id from Model where name='fista_classifier'));
INSERT INTO parameter(name, label, description, enabled, fixed_value, ordering, model_id) VALUES ('penalty', 'Loss', 'The regularization function to be used.', true, false, 8, (select id from Model where name='fista_classifier'));
INSERT INTO parameter(name, label, description, enabled, fixed_value, ordering, model_id) VALUES ('sigma', 'Sigma', 'Constant used in the line search sufficient decrease condition.', false, false, 9, (select id from Model where name='fista_classifier'));
INSERT INTO rel_model__incompatible_metrics(model_id, metric_id) VALUES ((select id from model where name='fista_classifier'), (select id from metric where name='classification-log-loss'));
INSERT INTO rel_model__incompatible_metrics(model_id, metric_id) VALUES ((select id from model where name='fista_classifier'), (select id from metric where name='classification-roc'));
INSERT INTO parameter_type_definition(parameter_id, parameter_type_id, parameter_distribution_type_id, ordering) VALUES ((select id from parameter where name='C' and model_id=(select id from model where name='fista_classifier')), (select id from parameter_type where name='float'), (select id from parameter_distribution_type where name='uniform'), 0);
INSERT INTO parameter_type_definition(parameter_id, parameter_type_id, parameter_distribution_type_id, ordering) VALUES ((select id from parameter where name='alpha' and model_id=(select id from model where name='fista_classifier')), (select id from parameter_type where name='float'), (select id from parameter_distribution_type where name='uniform'), 0);
INSERT INTO parameter_type_definition(parameter_id, parameter_type_id, parameter_distribution_type_id, ordering) VALUES ((select id from parameter where name='eta' and model_id=(select id from model where name='fista_classifier')), (select id from parameter_type where name='float'), (select id from parameter_distribution_type where name='uniform'), 0);
INSERT INTO parameter_type_definition(parameter_id, parameter_type_id, parameter_distribution_type_id, ordering) VALUES ((select id from parameter where name='loss' and model_id=(select id from model where name='fista_classifier')), (select id from parameter_type where name='categorical'), (select id from parameter_distribution_type where name='uniform'), 0);
INSERT INTO parameter_type_definition(parameter_id, parameter_type_id, parameter_distribution_type_id, ordering) VALUES ((select id from parameter where name='max_iter' and model_id=(select id from model where name='fista_classifier')), (select id from parameter_type where name='integer'), (select id from parameter_distribution_type where name='uniform'), 0);
INSERT INTO parameter_type_definition(parameter_id, parameter_type_id, parameter_distribution_type_id, ordering) VALUES ((select id from parameter where name='max_steps' and model_id=(select id from model where name='fista_classifier')), (select id from parameter_type where name='integer'), (select id from parameter_distribution_type where name='uniform'), 0);
INSERT INTO parameter_type_definition(parameter_id, parameter_type_id, parameter_distribution_type_id, ordering) VALUES ((select id from parameter where name='multiclass' and model_id=(select id from model where name='fista_classifier')), (select id from parameter_type where name='boolean'), (select id from parameter_distribution_type where name='uniform'), 0);
INSERT INTO parameter_type_definition(parameter_id, parameter_type_id, parameter_distribution_type_id, ordering) VALUES ((select id from parameter where name='penalty' and model_id=(select id from model where name='fista_classifier')), (select id from parameter_type where name='categorical'), (select id from parameter_distribution_type where name='uniform'), 0);
INSERT INTO parameter_type_definition(parameter_id, parameter_type_id, parameter_distribution_type_id, ordering) VALUES ((select id from parameter where name='sigma' and model_id=(select id from model where name='fista_classifier')), (select id from parameter_type where name='float'), (select id from parameter_distribution_type where name='uniform'), 0);
INSERT INTO float_parameter(parameter_type_definition_id, default_value) VALUES ((select id from parameter_type_definition where parameter_id=(select id from parameter where name='C' and model_id=(select id from model where name='fista_classifier') and parameter_type_id=(select id from parameter_type where name='float'))), 1.000000);
INSERT INTO float_parameter_range(parameter_type_definition_id, is_left_open, is_right_open, lower, upper) VALUES ((select id from parameter_type_definition where parameter_id=(select id from parameter where name='C' and model_id=(select id from model where name='fista_classifier') and parameter_type_id=(select id from parameter_type where name='float'))), true, true, 0.000000, 1.000000);
INSERT INTO float_parameter(parameter_type_definition_id, default_value) VALUES ((select id from parameter_type_definition where parameter_id=(select id from parameter where name='alpha' and model_id=(select id from model where name='fista_classifier') and parameter_type_id=(select id from parameter_type where name='float'))), 1.000000);
INSERT INTO float_parameter_range(parameter_type_definition_id, is_left_open, is_right_open, lower, upper) VALUES ((select id from parameter_type_definition where parameter_id=(select id from parameter where name='alpha' and model_id=(select id from model where name='fista_classifier') and parameter_type_id=(select id from parameter_type where name='float'))), true, true, 0.000000, 1.000000);
INSERT INTO float_parameter(parameter_type_definition_id, default_value) VALUES ((select id from parameter_type_definition where parameter_id=(select id from parameter where name='eta' and model_id=(select id from model where name='fista_classifier') and parameter_type_id=(select id from parameter_type where name='float'))), 2.000000);
INSERT INTO float_parameter_range(parameter_type_definition_id, is_left_open, is_right_open, lower, upper) VALUES ((select id from parameter_type_definition where parameter_id=(select id from parameter where name='eta' and model_id=(select id from model where name='fista_classifier') and parameter_type_id=(select id from parameter_type where name='float'))), true, true, 1.500000, 5.000000);
INSERT INTO categorical_parameter(parameter_type_definition_id, default_value) VALUES ((select id from parameter_type_definition where parameter_id=(select id from parameter where name='loss' and model_id=(select id from model where name='fista_classifier') and parameter_type_id=(select id from parameter_type where name='categorical'))), 'squared_hinge');
INSERT INTO categorical_parameter_value(parameter_type_definition_id, value) VALUES ((select id from parameter_type_definition where parameter_id=(select id from parameter where name='loss' and model_id=(select id from model where name='fista_classifier') and parameter_type_id=(select id from parameter_type where name='categorical'))), 'log');
INSERT INTO categorical_parameter_value(parameter_type_definition_id, value) VALUES ((select id from parameter_type_definition where parameter_id=(select id from parameter where name='loss' and model_id=(select id from model where name='fista_classifier') and parameter_type_id=(select id from parameter_type where name='categorical'))), 'log_margin');
INSERT INTO categorical_parameter_value(parameter_type_definition_id, value) VALUES ((select id from parameter_type_definition where parameter_id=(select id from parameter where name='loss' and model_id=(select id from model where name='fista_classifier') and parameter_type_id=(select id from parameter_type where name='categorical'))), 'squared_hinge');
INSERT INTO integer_parameter(parameter_type_definition_id, default_value) VALUES ((select id from parameter_type_definition where parameter_id=(select id from parameter where name='max_iter' and model_id=(select id from model where name='fista_classifier') and parameter_type_id=(select id from parameter_type where name='integer'))), 100);
INSERT INTO integer_parameter_value(parameter_type_definition_id, lower, upper) VALUES ((select id from parameter_type_definition where parameter_id=(select id from parameter where name='max_iter' and model_id=(select id from model where name='fista_classifier') and parameter_type_id=(select id from parameter_type where name='integer'))), 1, 501);
INSERT INTO integer_parameter(parameter_type_definition_id, default_value) VALUES ((select id from parameter_type_definition where parameter_id=(select id from parameter where name='max_steps' and model_id=(select id from model where name='fista_classifier') and parameter_type_id=(select id from parameter_type where name='integer'))), 30);
INSERT INTO integer_parameter_value(parameter_type_definition_id, lower, upper) VALUES ((select id from parameter_type_definition where parameter_id=(select id from parameter where name='max_steps' and model_id=(select id from model where name='fista_classifier') and parameter_type_id=(select id from parameter_type where name='integer'))), 1, 101);
INSERT INTO boolean_parameter(parameter_type_definition_id, default_value) VALUES ((select id from parameter_type_definition where parameter_id=(select id from parameter where name='multiclass' and model_id=(select id from model where name='fista_classifier') and parameter_type_id=(select id from parameter_type where name='boolean'))), false);
INSERT INTO categorical_parameter(parameter_type_definition_id, default_value) VALUES ((select id from parameter_type_definition where parameter_id=(select id from parameter where name='penalty' and model_id=(select id from model where name='fista_classifier') and parameter_type_id=(select id from parameter_type where name='categorical'))), 'l1');
INSERT INTO categorical_parameter_value(parameter_type_definition_id, value) VALUES ((select id from parameter_type_definition where parameter_id=(select id from parameter where name='penalty' and model_id=(select id from model where name='fista_classifier') and parameter_type_id=(select id from parameter_type where name='categorical'))), 'l1');
INSERT INTO categorical_parameter_value(parameter_type_definition_id, value) VALUES ((select id from parameter_type_definition where parameter_id=(select id from parameter where name='penalty' and model_id=(select id from model where name='fista_classifier') and parameter_type_id=(select id from parameter_type where name='categorical'))), 'tv1d');
INSERT INTO categorical_parameter_value(parameter_type_definition_id, value) VALUES ((select id from parameter_type_definition where parameter_id=(select id from parameter where name='penalty' and model_id=(select id from model where name='fista_classifier') and parameter_type_id=(select id from parameter_type where name='categorical'))), 'l1/l2');
INSERT INTO categorical_parameter_value(parameter_type_definition_id, value) VALUES ((select id from parameter_type_definition where parameter_id=(select id from parameter where name='penalty' and model_id=(select id from model where name='fista_classifier') and parameter_type_id=(select id from parameter_type where name='categorical'))), 'simplex');
INSERT INTO float_parameter(parameter_type_definition_id, default_value) VALUES ((select id from parameter_type_definition where parameter_id=(select id from parameter where name='sigma' and model_id=(select id from model where name='fista_classifier') and parameter_type_id=(select id from parameter_type where name='float'))), 0.000010);
INSERT INTO float_parameter_range(parameter_type_definition_id, is_left_open, is_right_open, lower, upper) VALUES ((select id from parameter_type_definition where parameter_id=(select id from parameter where name='sigma' and model_id=(select id from model where name='fista_classifier') and parameter_type_id=(select id from parameter_type where name='float'))), true, true, 0.000000, 1.000000);
INSERT INTO model(name, ml_task_id, description, display_name, structure_id, advantages, disadvantages, enabled, ensemble_type_id, family_type_id, decision_tree, model_type_id) VALUES ('cd_classifier', (select id from ml_task_type where name='classification'),'The Coordinate Descent Classifier is a machine learning algorithm designed to optimize linear classifiers through (block) coordinate descent methods. It is particularly useful for large-scale and sparse data sets.', 'Coordinate Descent Classifier', (select id from model_structure_type where name='base'), '{Scalable to large data sets.,Efficient handling of sparse data.,Fine-grained control through various hyperparameters.}', '{May be sensitive to feature scaling.,Limited to linear decision boundaries.,Requires careful tuning of hyperparameters.}', true, (select id from model_ensemble_type where name='none'),(select id from model_family_type where name='linear'), false, (select id from model_type where name='Gradient Model'));
INSERT INTO parameter(name, label, description, enabled, fixed_value, ordering, model_id) VALUES ('C', 'C', 'Weight of the loss term.', true, false, 1, (select id from Model where name='cd_classifier'));
INSERT INTO parameter(name, label, description, enabled, fixed_value, ordering, model_id) VALUES ('Cd', 'C when doing debiasing', 'Value of `C` when doing debiasing.', false, false, 2, (select id from Model where name='cd_classifier'));
INSERT INTO parameter(name, label, description, enabled, fixed_value, ordering, model_id) VALUES ('alpha', 'Alpha', 'Weight of the penalty term.', true, false, 3, (select id from Model where name='cd_classifier'));
INSERT INTO parameter(name, label, description, enabled, fixed_value, ordering, model_id) VALUES ('beta', 'Beta', 'Multiplicative constant used in the backtracking line search.', false, false, 4, (select id from Model where name='cd_classifier'));
INSERT INTO parameter(name, label, description, enabled, fixed_value, ordering, model_id) VALUES ('debiasing', 'Debiasing', 'Whether to refit the model using l2 penalty (only useful if penalty=''l1'' or penalty=''l1/l2'').', false, false, 5, (select id from Model where name='cd_classifier'));
INSERT INTO parameter(name, label, description, enabled, fixed_value, ordering, model_id) VALUES ('loss', 'Loss', 'The loss function to be used.', false, false, 6, (select id from Model where name='cd_classifier'));
INSERT INTO parameter(name, label, description, enabled, fixed_value, ordering, model_id) VALUES ('max_iter', 'Maximum number of iterations', 'Maximum number of iterations to perform.', false, false, 7, (select id from Model where name='cd_classifier'));
INSERT INTO parameter(name, label, description, enabled, fixed_value, ordering, model_id) VALUES ('max_steps', 'Maximum number of steps', 'Maximum number of steps to use during the line search.', false, false, 8, (select id from Model where name='cd_classifier'));
INSERT INTO parameter(name, label, description, enabled, fixed_value, ordering, model_id) VALUES ('multiclass', 'Multiclass', 'Whether to use a direct multiclass formulation (True) or one-vs-rest (False).', false, false, 9, (select id from Model where name='cd_classifier'));
INSERT INTO parameter(name, label, description, enabled, fixed_value, ordering, model_id) VALUES ('penalty', 'Penalty', 'The penalty to be used.', false, false, 10, (select id from Model where name='cd_classifier'));
INSERT INTO parameter(name, label, description, enabled, fixed_value, ordering, model_id) VALUES ('permute', 'Permute', 'Whether to permute coordinates or not before cycling (only when selection=''cyclic'').', false, false, 11, (select id from Model where name='cd_classifier'));
INSERT INTO parameter(name, label, description, enabled, fixed_value, ordering, model_id) VALUES ('selection', 'Selection', 'Strategy to use for selecting coordinates.', false, false, 12, (select id from Model where name='cd_classifier'));
INSERT INTO parameter(name, label, description, enabled, fixed_value, ordering, model_id) VALUES ('shrinking', 'Shrinking', 'Whether to activate shrinking or not.', false, false, 13, (select id from Model where name='cd_classifier'));
INSERT INTO parameter(name, label, description, enabled, fixed_value, ordering, model_id) VALUES ('sigma', 'Sigma', 'Constant used in the line search sufficient decrease condition.', false, false, 14, (select id from Model where name='cd_classifier'));
INSERT INTO parameter(name, label, description, enabled, fixed_value, ordering, model_id) VALUES ('termination', 'Termination', 'Stopping criterion to use.', true, false, 15, (select id from Model where name='cd_classifier'));
INSERT INTO parameter(name, label, description, enabled, fixed_value, ordering, model_id) VALUES ('tol', 'Tolerance', 'Tolerance of the stopping criterion.', false, false, 16, (select id from Model where name='cd_classifier'));
INSERT INTO parameter(name, label, description, enabled, fixed_value, ordering, model_id) VALUES ('warm_debiasing', 'Warm debiasing', 'Whether to warm-start the model or not when doing debiasing.', false, false, 17, (select id from Model where name='cd_classifier'));
INSERT INTO rel_model__incompatible_metrics(model_id, metric_id) VALUES ((select id from model where name='cd_classifier'), (select id from metric where name='classification-log-loss'));
INSERT INTO rel_model__incompatible_metrics(model_id, metric_id) VALUES ((select id from model where name='cd_classifier'), (select id from metric where name='classification-roc'));
INSERT INTO parameter_type_definition(parameter_id, parameter_type_id, parameter_distribution_type_id, ordering) VALUES ((select id from parameter where name='C' and model_id=(select id from model where name='cd_classifier')), (select id from parameter_type where name='float'), (select id from parameter_distribution_type where name='uniform'), 0);
INSERT INTO parameter_type_definition(parameter_id, parameter_type_id, parameter_distribution_type_id, ordering) VALUES ((select id from parameter where name='Cd' and model_id=(select id from model where name='cd_classifier')), (select id from parameter_type where name='float'), (select id from parameter_distribution_type where name='uniform'), 0);
INSERT INTO parameter_type_definition(parameter_id, parameter_type_id, parameter_distribution_type_id, ordering) VALUES ((select id from parameter where name='alpha' and model_id=(select id from model where name='cd_classifier')), (select id from parameter_type where name='float'), (select id from parameter_distribution_type where name='uniform'), 0);
INSERT INTO parameter_type_definition(parameter_id, parameter_type_id, parameter_distribution_type_id, ordering) VALUES ((select id from parameter where name='beta' and model_id=(select id from model where name='cd_classifier')), (select id from parameter_type where name='float'), (select id from parameter_distribution_type where name='uniform'), 0);
INSERT INTO parameter_type_definition(parameter_id, parameter_type_id, parameter_distribution_type_id, ordering) VALUES ((select id from parameter where name='debiasing' and model_id=(select id from model where name='cd_classifier')), (select id from parameter_type where name='boolean'), (select id from parameter_distribution_type where name='uniform'), 0);
INSERT INTO parameter_type_definition(parameter_id, parameter_type_id, parameter_distribution_type_id, ordering) VALUES ((select id from parameter where name='loss' and model_id=(select id from model where name='cd_classifier')), (select id from parameter_type where name='categorical'), (select id from parameter_distribution_type where name='uniform'), 0);
INSERT INTO parameter_type_definition(parameter_id, parameter_type_id, parameter_distribution_type_id, ordering) VALUES ((select id from parameter where name='max_iter' and model_id=(select id from model where name='cd_classifier')), (select id from parameter_type where name='integer'), (select id from parameter_distribution_type where name='uniform'), 0);
INSERT INTO parameter_type_definition(parameter_id, parameter_type_id, parameter_distribution_type_id, ordering) VALUES ((select id from parameter where name='max_steps' and model_id=(select id from model where name='cd_classifier')), (select id from parameter_type where name='categorical'), (select id from parameter_distribution_type where name='uniform'), 0);
INSERT INTO parameter_type_definition(parameter_id, parameter_type_id, parameter_distribution_type_id, ordering) VALUES ((select id from parameter where name='max_steps' and model_id=(select id from model where name='cd_classifier')), (select id from parameter_type where name='integer'), (select id from parameter_distribution_type where name='uniform'), 1);
INSERT INTO parameter_type_definition(parameter_id, parameter_type_id, parameter_distribution_type_id, ordering) VALUES ((select id from parameter where name='multiclass' and model_id=(select id from model where name='cd_classifier')), (select id from parameter_type where name='boolean'), (select id from parameter_distribution_type where name='uniform'), 0);
INSERT INTO parameter_type_definition(parameter_id, parameter_type_id, parameter_distribution_type_id, ordering) VALUES ((select id from parameter where name='penalty' and model_id=(select id from model where name='cd_classifier')), (select id from parameter_type where name='categorical'), (select id from parameter_distribution_type where name='uniform'), 0);
INSERT INTO parameter_type_definition(parameter_id, parameter_type_id, parameter_distribution_type_id, ordering) VALUES ((select id from parameter where name='permute' and model_id=(select id from model where name='cd_classifier')), (select id from parameter_type where name='boolean'), (select id from parameter_distribution_type where name='uniform'), 0);
INSERT INTO parameter_type_definition(parameter_id, parameter_type_id, parameter_distribution_type_id, ordering) VALUES ((select id from parameter where name='selection' and model_id=(select id from model where name='cd_classifier')), (select id from parameter_type where name='categorical'), (select id from parameter_distribution_type where name='uniform'), 0);
INSERT INTO parameter_type_definition(parameter_id, parameter_type_id, parameter_distribution_type_id, ordering) VALUES ((select id from parameter where name='shrinking' and model_id=(select id from model where name='cd_classifier')), (select id from parameter_type where name='boolean'), (select id from parameter_distribution_type where name='uniform'), 0);
INSERT INTO parameter_type_definition(parameter_id, parameter_type_id, parameter_distribution_type_id, ordering) VALUES ((select id from parameter where name='sigma' and model_id=(select id from model where name='cd_classifier')), (select id from parameter_type where name='float'), (select id from parameter_distribution_type where name='uniform'), 0);
INSERT INTO parameter_type_definition(parameter_id, parameter_type_id, parameter_distribution_type_id, ordering) VALUES ((select id from parameter where name='termination' and model_id=(select id from model where name='cd_classifier')), (select id from parameter_type where name='categorical'), (select id from parameter_distribution_type where name='uniform'), 0);
INSERT INTO parameter_type_definition(parameter_id, parameter_type_id, parameter_distribution_type_id, ordering) VALUES ((select id from parameter where name='tol' and model_id=(select id from model where name='cd_classifier')), (select id from parameter_type where name='float'), (select id from parameter_distribution_type where name='uniform'), 0);
INSERT INTO parameter_type_definition(parameter_id, parameter_type_id, parameter_distribution_type_id, ordering) VALUES ((select id from parameter where name='warm_debiasing' and model_id=(select id from model where name='cd_classifier')), (select id from parameter_type where name='boolean'), (select id from parameter_distribution_type where name='uniform'), 0);
INSERT INTO float_parameter(parameter_type_definition_id, default_value) VALUES ((select id from parameter_type_definition where parameter_id=(select id from parameter where name='C' and model_id=(select id from model where name='cd_classifier') and parameter_type_id=(select id from parameter_type where name='float'))), 1.000000);
INSERT INTO float_parameter_range(parameter_type_definition_id, is_left_open, is_right_open, lower, upper) VALUES ((select id from parameter_type_definition where parameter_id=(select id from parameter where name='C' and model_id=(select id from model where name='cd_classifier') and parameter_type_id=(select id from parameter_type where name='float'))), true, true, 0.000000, 1.000000);
INSERT INTO float_parameter(parameter_type_definition_id, default_value) VALUES ((select id from parameter_type_definition where parameter_id=(select id from parameter where name='Cd' and model_id=(select id from model where name='cd_classifier') and parameter_type_id=(select id from parameter_type where name='float'))), 1.000000);
INSERT INTO float_parameter_range(parameter_type_definition_id, is_left_open, is_right_open, lower, upper) VALUES ((select id from parameter_type_definition where parameter_id=(select id from parameter where name='Cd' and model_id=(select id from model where name='cd_classifier') and parameter_type_id=(select id from parameter_type where name='float'))), true, true, 0.000000, 1.000000);
INSERT INTO float_parameter(parameter_type_definition_id, default_value) VALUES ((select id from parameter_type_definition where parameter_id=(select id from parameter where name='alpha' and model_id=(select id from model where name='cd_classifier') and parameter_type_id=(select id from parameter_type where name='float'))), 1.000000);
INSERT INTO float_parameter_range(parameter_type_definition_id, is_left_open, is_right_open, lower, upper) VALUES ((select id from parameter_type_definition where parameter_id=(select id from parameter where name='alpha' and model_id=(select id from model where name='cd_classifier') and parameter_type_id=(select id from parameter_type where name='float'))), true, true, 0.000000, 1.000000);
INSERT INTO float_parameter(parameter_type_definition_id, default_value) VALUES ((select id from parameter_type_definition where parameter_id=(select id from parameter where name='beta' and model_id=(select id from model where name='cd_classifier') and parameter_type_id=(select id from parameter_type where name='float'))), 0.500000);
INSERT INTO float_parameter_range(parameter_type_definition_id, is_left_open, is_right_open, lower, upper) VALUES ((select id from parameter_type_definition where parameter_id=(select id from parameter where name='beta' and model_id=(select id from model where name='cd_classifier') and parameter_type_id=(select id from parameter_type where name='float'))), true, true, 0.000000, 1.000000);
INSERT INTO boolean_parameter(parameter_type_definition_id, default_value) VALUES ((select id from parameter_type_definition where parameter_id=(select id from parameter where name='debiasing' and model_id=(select id from model where name='cd_classifier') and parameter_type_id=(select id from parameter_type where name='boolean'))), false);
INSERT INTO categorical_parameter(parameter_type_definition_id, default_value) VALUES ((select id from parameter_type_definition where parameter_id=(select id from parameter where name='loss' and model_id=(select id from model where name='cd_classifier') and parameter_type_id=(select id from parameter_type where name='categorical'))), 'squared_hinge');
INSERT INTO categorical_parameter_value(parameter_type_definition_id, value) VALUES ((select id from parameter_type_definition where parameter_id=(select id from parameter where name='loss' and model_id=(select id from model where name='cd_classifier') and parameter_type_id=(select id from parameter_type where name='categorical'))), 'modified_huber');
INSERT INTO categorical_parameter_value(parameter_type_definition_id, value) VALUES ((select id from parameter_type_definition where parameter_id=(select id from parameter where name='loss' and model_id=(select id from model where name='cd_classifier') and parameter_type_id=(select id from parameter_type where name='categorical'))), 'squared');
INSERT INTO categorical_parameter_value(parameter_type_definition_id, value) VALUES ((select id from parameter_type_definition where parameter_id=(select id from parameter where name='loss' and model_id=(select id from model where name='cd_classifier') and parameter_type_id=(select id from parameter_type where name='categorical'))), 'log');
INSERT INTO categorical_parameter_value(parameter_type_definition_id, value) VALUES ((select id from parameter_type_definition where parameter_id=(select id from parameter where name='loss' and model_id=(select id from model where name='cd_classifier') and parameter_type_id=(select id from parameter_type where name='categorical'))), 'squared_hinge');
INSERT INTO integer_parameter(parameter_type_definition_id, default_value) VALUES ((select id from parameter_type_definition where parameter_id=(select id from parameter where name='max_iter' and model_id=(select id from model where name='cd_classifier') and parameter_type_id=(select id from parameter_type where name='integer'))), 50);
INSERT INTO integer_parameter_value(parameter_type_definition_id, lower, upper) VALUES ((select id from parameter_type_definition where parameter_id=(select id from parameter where name='max_iter' and model_id=(select id from model where name='cd_classifier') and parameter_type_id=(select id from parameter_type where name='integer'))), 1, 501);
INSERT INTO categorical_parameter(parameter_type_definition_id, default_value) VALUES ((select id from parameter_type_definition where parameter_id=(select id from parameter where name='max_steps' and model_id=(select id from model where name='cd_classifier') and parameter_type_id=(select id from parameter_type where name='categorical'))), 'auto');
INSERT INTO categorical_parameter_value(parameter_type_definition_id, value) VALUES ((select id from parameter_type_definition where parameter_id=(select id from parameter where name='max_steps' and model_id=(select id from model where name='cd_classifier') and parameter_type_id=(select id from parameter_type where name='categorical'))), 'auto');
INSERT INTO integer_parameter(parameter_type_definition_id, default_value) VALUES ((select id from parameter_type_definition where parameter_id=(select id from parameter where name='max_steps' and model_id=(select id from model where name='cd_classifier') and parameter_type_id=(select id from parameter_type where name='integer'))), null);
INSERT INTO integer_parameter_value(parameter_type_definition_id, lower, upper) VALUES ((select id from parameter_type_definition where parameter_id=(select id from parameter where name='max_steps' and model_id=(select id from model where name='cd_classifier') and parameter_type_id=(select id from parameter_type where name='integer'))), 1, 101);
INSERT INTO boolean_parameter(parameter_type_definition_id, default_value) VALUES ((select id from parameter_type_definition where parameter_id=(select id from parameter where name='multiclass' and model_id=(select id from model where name='cd_classifier') and parameter_type_id=(select id from parameter_type where name='boolean'))), false);
INSERT INTO categorical_parameter(parameter_type_definition_id, default_value) VALUES ((select id from parameter_type_definition where parameter_id=(select id from parameter where name='penalty' and model_id=(select id from model where name='cd_classifier') and parameter_type_id=(select id from parameter_type where name='categorical'))), 'l2');
INSERT INTO categorical_parameter_value(parameter_type_definition_id, value) VALUES ((select id from parameter_type_definition where parameter_id=(select id from parameter where name='penalty' and model_id=(select id from model where name='cd_classifier') and parameter_type_id=(select id from parameter_type where name='categorical'))), 'l1');
INSERT INTO categorical_parameter_value(parameter_type_definition_id, value) VALUES ((select id from parameter_type_definition where parameter_id=(select id from parameter where name='penalty' and model_id=(select id from model where name='cd_classifier') and parameter_type_id=(select id from parameter_type where name='categorical'))), 'l2');
INSERT INTO categorical_parameter_value(parameter_type_definition_id, value) VALUES ((select id from parameter_type_definition where parameter_id=(select id from parameter where name='penalty' and model_id=(select id from model where name='cd_classifier') and parameter_type_id=(select id from parameter_type where name='categorical'))), 'l1/l2');
INSERT INTO boolean_parameter(parameter_type_definition_id, default_value) VALUES ((select id from parameter_type_definition where parameter_id=(select id from parameter where name='permute' and model_id=(select id from model where name='cd_classifier') and parameter_type_id=(select id from parameter_type where name='boolean'))), true);
INSERT INTO categorical_parameter(parameter_type_definition_id, default_value) VALUES ((select id from parameter_type_definition where parameter_id=(select id from parameter where name='selection' and model_id=(select id from model where name='cd_classifier') and parameter_type_id=(select id from parameter_type where name='categorical'))), 'cyclic');
INSERT INTO categorical_parameter_value(parameter_type_definition_id, value) VALUES ((select id from parameter_type_definition where parameter_id=(select id from parameter where name='selection' and model_id=(select id from model where name='cd_classifier') and parameter_type_id=(select id from parameter_type where name='categorical'))), 'uniform');
INSERT INTO categorical_parameter_value(parameter_type_definition_id, value) VALUES ((select id from parameter_type_definition where parameter_id=(select id from parameter where name='selection' and model_id=(select id from model where name='cd_classifier') and parameter_type_id=(select id from parameter_type where name='categorical'))), 'cyclic');
INSERT INTO boolean_parameter(parameter_type_definition_id, default_value) VALUES ((select id from parameter_type_definition where parameter_id=(select id from parameter where name='shrinking' and model_id=(select id from model where name='cd_classifier') and parameter_type_id=(select id from parameter_type where name='boolean'))), true);
INSERT INTO float_parameter(parameter_type_definition_id, default_value) VALUES ((select id from parameter_type_definition where parameter_id=(select id from parameter where name='sigma' and model_id=(select id from model where name='cd_classifier') and parameter_type_id=(select id from parameter_type where name='float'))), 0.010000);
INSERT INTO float_parameter_range(parameter_type_definition_id, is_left_open, is_right_open, lower, upper) VALUES ((select id from parameter_type_definition where parameter_id=(select id from parameter where name='sigma' and model_id=(select id from model where name='cd_classifier') and parameter_type_id=(select id from parameter_type where name='float'))), true, true, 0.000000, 1.000000);
INSERT INTO categorical_parameter(parameter_type_definition_id, default_value) VALUES ((select id from parameter_type_definition where parameter_id=(select id from parameter where name='termination' and model_id=(select id from model where name='cd_classifier') and parameter_type_id=(select id from parameter_type where name='categorical'))), 'violation_sum');
INSERT INTO categorical_parameter_value(parameter_type_definition_id, value) VALUES ((select id from parameter_type_definition where parameter_id=(select id from parameter where name='termination' and model_id=(select id from model where name='cd_classifier') and parameter_type_id=(select id from parameter_type where name='categorical'))), 'violation_max');
INSERT INTO categorical_parameter_value(parameter_type_definition_id, value) VALUES ((select id from parameter_type_definition where parameter_id=(select id from parameter where name='termination' and model_id=(select id from model where name='cd_classifier') and parameter_type_id=(select id from parameter_type where name='categorical'))), 'violation_sum');
INSERT INTO float_parameter(parameter_type_definition_id, default_value) VALUES ((select id from parameter_type_definition where parameter_id=(select id from parameter where name='tol' and model_id=(select id from model where name='cd_classifier') and parameter_type_id=(select id from parameter_type where name='float'))), 0.001000);
INSERT INTO float_parameter_range(parameter_type_definition_id, is_left_open, is_right_open, lower, upper) VALUES ((select id from parameter_type_definition where parameter_id=(select id from parameter where name='tol' and model_id=(select id from model where name='cd_classifier') and parameter_type_id=(select id from parameter_type where name='float'))), true, true, 0.000000, 1.000000);
INSERT INTO boolean_parameter(parameter_type_definition_id, default_value) VALUES ((select id from parameter_type_definition where parameter_id=(select id from parameter where name='warm_debiasing' and model_id=(select id from model where name='cd_classifier') and parameter_type_id=(select id from parameter_type where name='boolean'))), false);
INSERT INTO model(name, ml_task_id, description, display_name, structure_id, advantages, disadvantages, enabled, ensemble_type_id, family_type_id, decision_tree, model_type_id) VALUES ('svrg_classifier', (select id from ml_task_type where name='classification'),'The Stochastic Variance-reduced Gradient (SVRG) Classifier is designed for large-scale optimization and is particularly well-suited for problems with a lot of features.', 'Stochastic Variance-reduced Gradient Classifier', (select id from model_structure_type where name='base'), '{Efficient for high-dimensional data.,Reduces variance in the stochastic gradients, accelerating convergence.,Well-suited for sparse data.,Performs well in large-scale optimization scenarios.}', '{Can be sensitive to hyperparameters like step size.,Not as versatile for non-linear problems as some other methods.,Requires more computational resources for maintaining and updating gradients.}', true, (select id from model_ensemble_type where name='none'),(select id from model_family_type where name='linear'), false, (select id from model_type where name='Gradient Model'));
INSERT INTO parameter(name, label, description, enabled, fixed_value, ordering, model_id) VALUES ('alpha', 'Alpha', 'Weight of the penalty term.', true, false, 1, (select id from Model where name='svrg_classifier'));
INSERT INTO parameter(name, label, description, enabled, fixed_value, ordering, model_id) VALUES ('eta', 'Eta', 'Step size for the gradient updates.', true, false, 2, (select id from Model where name='svrg_classifier'));
INSERT INTO parameter(name, label, description, enabled, fixed_value, ordering, model_id) VALUES ('gamma', 'Gamma', 'Kernel coefficient for rbf and poly kernels. Ignored by other kernels.', true, false, 3, (select id from Model where name='svrg_classifier'));
INSERT INTO parameter(name, label, description, enabled, fixed_value, ordering, model_id) VALUES ('loss', 'Loss', 'The loss function to be used.', true, false, 4, (select id from Model where name='svrg_classifier'));
INSERT INTO parameter(name, label, description, enabled, fixed_value, ordering, model_id) VALUES ('max_iter', 'Maximum number of iterations', 'Maximum number of iterations to perform.', false, false, 5, (select id from Model where name='svrg_classifier'));
INSERT INTO parameter(name, label, description, enabled, fixed_value, ordering, model_id) VALUES ('n_inner', 'Number of inner samples', 'Number of inner samples.', false, false, 6, (select id from Model where name='svrg_classifier'));
INSERT INTO parameter(name, label, description, enabled, fixed_value, ordering, model_id) VALUES ('tol', 'Tolerance', 'Tolerance of the stopping criterion.', false, false, 7, (select id from Model where name='svrg_classifier'));
INSERT INTO rel_model__incompatible_metrics(model_id, metric_id) VALUES ((select id from model where name='svrg_classifier'), (select id from metric where name='classification-log-loss'));
INSERT INTO rel_model__incompatible_metrics(model_id, metric_id) VALUES ((select id from model where name='svrg_classifier'), (select id from metric where name='classification-roc'));
INSERT INTO parameter_type_definition(parameter_id, parameter_type_id, parameter_distribution_type_id, ordering) VALUES ((select id from parameter where name='alpha' and model_id=(select id from model where name='svrg_classifier')), (select id from parameter_type where name='float'), (select id from parameter_distribution_type where name='uniform'), 0);
INSERT INTO parameter_type_definition(parameter_id, parameter_type_id, parameter_distribution_type_id, ordering) VALUES ((select id from parameter where name='eta' and model_id=(select id from model where name='svrg_classifier')), (select id from parameter_type where name='float'), (select id from parameter_distribution_type where name='uniform'), 0);
INSERT INTO parameter_type_definition(parameter_id, parameter_type_id, parameter_distribution_type_id, ordering) VALUES ((select id from parameter where name='gamma' and model_id=(select id from model where name='svrg_classifier')), (select id from parameter_type where name='float'), (select id from parameter_distribution_type where name='uniform'), 0);
INSERT INTO parameter_type_definition(parameter_id, parameter_type_id, parameter_distribution_type_id, ordering) VALUES ((select id from parameter where name='loss' and model_id=(select id from model where name='svrg_classifier')), (select id from parameter_type where name='categorical'), (select id from parameter_distribution_type where name='uniform'), 0);
INSERT INTO parameter_type_definition(parameter_id, parameter_type_id, parameter_distribution_type_id, ordering) VALUES ((select id from parameter where name='max_iter' and model_id=(select id from model where name='svrg_classifier')), (select id from parameter_type where name='integer'), (select id from parameter_distribution_type where name='uniform'), 0);
INSERT INTO parameter_type_definition(parameter_id, parameter_type_id, parameter_distribution_type_id, ordering) VALUES ((select id from parameter where name='n_inner' and model_id=(select id from model where name='svrg_classifier')), (select id from parameter_type where name='float'), (select id from parameter_distribution_type where name='uniform'), 0);
INSERT INTO parameter_type_definition(parameter_id, parameter_type_id, parameter_distribution_type_id, ordering) VALUES ((select id from parameter where name='tol' and model_id=(select id from model where name='svrg_classifier')), (select id from parameter_type where name='float'), (select id from parameter_distribution_type where name='uniform'), 0);
INSERT INTO float_parameter(parameter_type_definition_id, default_value) VALUES ((select id from parameter_type_definition where parameter_id=(select id from parameter where name='alpha' and model_id=(select id from model where name='svrg_classifier') and parameter_type_id=(select id from parameter_type where name='float'))), 1.000000);
INSERT INTO float_parameter_range(parameter_type_definition_id, is_left_open, is_right_open, lower, upper) VALUES ((select id from parameter_type_definition where parameter_id=(select id from parameter where name='alpha' and model_id=(select id from model where name='svrg_classifier') and parameter_type_id=(select id from parameter_type where name='float'))), true, true, 0.000000, 1.000000);
INSERT INTO float_parameter(parameter_type_definition_id, default_value) VALUES ((select id from parameter_type_definition where parameter_id=(select id from parameter where name='eta' and model_id=(select id from model where name='svrg_classifier') and parameter_type_id=(select id from parameter_type where name='float'))), 1.000000);
INSERT INTO float_parameter_range(parameter_type_definition_id, is_left_open, is_right_open, lower, upper) VALUES ((select id from parameter_type_definition where parameter_id=(select id from parameter where name='eta' and model_id=(select id from model where name='svrg_classifier') and parameter_type_id=(select id from parameter_type where name='float'))), true, true, 0.000000, 1.000000);
INSERT INTO float_parameter(parameter_type_definition_id, default_value) VALUES ((select id from parameter_type_definition where parameter_id=(select id from parameter where name='gamma' and model_id=(select id from model where name='svrg_classifier') and parameter_type_id=(select id from parameter_type where name='float'))), 1.000000);
INSERT INTO float_parameter_range(parameter_type_definition_id, is_left_open, is_right_open, lower, upper) VALUES ((select id from parameter_type_definition where parameter_id=(select id from parameter where name='gamma' and model_id=(select id from model where name='svrg_classifier') and parameter_type_id=(select id from parameter_type where name='float'))), true, true, 0.000000, 1.000000);
INSERT INTO categorical_parameter(parameter_type_definition_id, default_value) VALUES ((select id from parameter_type_definition where parameter_id=(select id from parameter where name='loss' and model_id=(select id from model where name='svrg_classifier') and parameter_type_id=(select id from parameter_type where name='categorical'))), 'smooth_hinge');
INSERT INTO categorical_parameter_value(parameter_type_definition_id, value) VALUES ((select id from parameter_type_definition where parameter_id=(select id from parameter where name='loss' and model_id=(select id from model where name='svrg_classifier') and parameter_type_id=(select id from parameter_type where name='categorical'))), 'squared_hinge');
INSERT INTO categorical_parameter_value(parameter_type_definition_id, value) VALUES ((select id from parameter_type_definition where parameter_id=(select id from parameter where name='loss' and model_id=(select id from model where name='svrg_classifier') and parameter_type_id=(select id from parameter_type where name='categorical'))), 'smooth_hinge');
INSERT INTO categorical_parameter_value(parameter_type_definition_id, value) VALUES ((select id from parameter_type_definition where parameter_id=(select id from parameter where name='loss' and model_id=(select id from model where name='svrg_classifier') and parameter_type_id=(select id from parameter_type where name='categorical'))), 'squared');
INSERT INTO categorical_parameter_value(parameter_type_definition_id, value) VALUES ((select id from parameter_type_definition where parameter_id=(select id from parameter where name='loss' and model_id=(select id from model where name='svrg_classifier') and parameter_type_id=(select id from parameter_type where name='categorical'))), 'modified_huber');
INSERT INTO categorical_parameter_value(parameter_type_definition_id, value) VALUES ((select id from parameter_type_definition where parameter_id=(select id from parameter where name='loss' and model_id=(select id from model where name='svrg_classifier') and parameter_type_id=(select id from parameter_type where name='categorical'))), 'log');
INSERT INTO integer_parameter(parameter_type_definition_id, default_value) VALUES ((select id from parameter_type_definition where parameter_id=(select id from parameter where name='max_iter' and model_id=(select id from model where name='svrg_classifier') and parameter_type_id=(select id from parameter_type where name='integer'))), 10);
INSERT INTO integer_parameter_value(parameter_type_definition_id, lower, upper) VALUES ((select id from parameter_type_definition where parameter_id=(select id from parameter where name='max_iter' and model_id=(select id from model where name='svrg_classifier') and parameter_type_id=(select id from parameter_type where name='integer'))), 1, 501);
INSERT INTO float_parameter(parameter_type_definition_id, default_value) VALUES ((select id from parameter_type_definition where parameter_id=(select id from parameter where name='n_inner' and model_id=(select id from model where name='svrg_classifier') and parameter_type_id=(select id from parameter_type where name='float'))), 1.000000);
INSERT INTO float_parameter_range(parameter_type_definition_id, is_left_open, is_right_open, lower, upper) VALUES ((select id from parameter_type_definition where parameter_id=(select id from parameter where name='n_inner' and model_id=(select id from model where name='svrg_classifier') and parameter_type_id=(select id from parameter_type where name='float'))), true, true, 0.001000, 1.000000);
INSERT INTO float_parameter(parameter_type_definition_id, default_value) VALUES ((select id from parameter_type_definition where parameter_id=(select id from parameter where name='tol' and model_id=(select id from model where name='svrg_classifier') and parameter_type_id=(select id from parameter_type where name='float'))), 0.001000);
INSERT INTO float_parameter_range(parameter_type_definition_id, is_left_open, is_right_open, lower, upper) VALUES ((select id from parameter_type_definition where parameter_id=(select id from parameter where name='tol' and model_id=(select id from model where name='svrg_classifier') and parameter_type_id=(select id from parameter_type where name='float'))), true, true, 0.000000, 1.000000);
INSERT INTO model(name, ml_task_id, description, display_name, structure_id, advantages, disadvantages, enabled, ensemble_type_id, family_type_id, decision_tree, model_type_id) VALUES ('saga_classifier', (select id from ml_task_type where name='classification'),'Stochastic Average Gradient (SAGA) is an optimization algorithm frequently employed for large-scale machine learning tasks. It is especially useful for handling high-dimensional data and large datasets. SAGA is an extension of Stochastic Gradient Descent (SGD) and aims to merge the benefits of batch and stochastic optimization methods. While it is commonly used for linear classifiers like logistic regression, it can also be adapted for other types of models.', 'Stochastic Averaged Gradient Ascent Classifier', (select id from model_structure_type where name='base'), '{Scalability: SAGA is engineered to efficiently handle large datasets and scales well with the number of observations.,Memory Efficiency: Unlike full-batch methods, SAGA allows for the optimization of the model without needing to store the entire dataset in memory, which is more memory-efficient.,Fast Convergence: For convex optimization problems, SAGA generally converges faster than traditional batch methods or standard stochastic methods.,Robustness: SAGA is less sensitive to initial learning rate settings and other hyperparameters compared to standard SGD.,Parallelism: While the core algorithm is inherently sequential, some level of parallelism can be achieved through data distribution.}', '{Non-Convexity: SAGA is primarily designed for convex optimization problems, and its performance may suffer when applied to non-convex problems.,Tuning Required: Despite being less sensitive to hyperparameters than other optimization methods, some tuning is often still required for optimal performance.,Warm Start Sensitivity: The algorithm''s performance may vary depending on the initial conditions, particularly when a warm start is utilized.,Stochastic Nature: While this is less of an issue for convex problems, the stochastic nature of the algorithm means that it may oscillate around the global minimum for non-convex problems.,Implementation Complexity: SAGA is more challenging to implement than simpler optimization algorithms like batch gradient descent.}', true, (select id from model_ensemble_type where name='none'),(select id from model_family_type where name='linear'), false, (select id from model_type where name='Gradient Model'));
INSERT INTO parameter(name, label, description, enabled, fixed_value, ordering, model_id) VALUES ('alpha', 'Alpha', 'Amount of squared L2 regularization.', true, false, 1, (select id from Model where name='saga_classifier'));
INSERT INTO parameter(name, label, description, enabled, fixed_value, ordering, model_id) VALUES ('beta', 'Beta', 'Amount of regularization for the penalty term.', false, false, 2, (select id from Model where name='saga_classifier'));
INSERT INTO parameter(name, label, description, enabled, fixed_value, ordering, model_id) VALUES ('eta', 'Eta', 'Step size for the gradient updates.', true, false, 3, (select id from Model where name='saga_classifier'));
INSERT INTO parameter(name, label, description, enabled, fixed_value, ordering, model_id) VALUES ('gamma', 'Gamma', 'Gamma parameter in the ''smooth_hinge'' loss (not used for other loss functions).', false, false, 4, (select id from Model where name='saga_classifier'));
INSERT INTO parameter(name, label, description, enabled, fixed_value, ordering, model_id) VALUES ('loss', 'Loss', 'The loss function to be used.', true, false, 5, (select id from Model where name='saga_classifier'));
INSERT INTO parameter(name, label, description, enabled, fixed_value, ordering, model_id) VALUES ('max_iter', 'Maximum number of iterations', 'Maximum number of iterations to perform.', false, false, 6, (select id from Model where name='saga_classifier'));
INSERT INTO parameter(name, label, description, enabled, fixed_value, ordering, model_id) VALUES ('tol', 'Tolerance', 'Tolerance of the stopping criterion.', false, false, 7, (select id from Model where name='saga_classifier'));
INSERT INTO rel_model__incompatible_metrics(model_id, metric_id) VALUES ((select id from model where name='saga_classifier'), (select id from metric where name='classification-log-loss'));
INSERT INTO rel_model__incompatible_metrics(model_id, metric_id) VALUES ((select id from model where name='saga_classifier'), (select id from metric where name='classification-roc'));
INSERT INTO parameter_type_definition(parameter_id, parameter_type_id, parameter_distribution_type_id, ordering) VALUES ((select id from parameter where name='alpha' and model_id=(select id from model where name='saga_classifier')), (select id from parameter_type where name='float'), (select id from parameter_distribution_type where name='uniform'), 0);
INSERT INTO parameter_type_definition(parameter_id, parameter_type_id, parameter_distribution_type_id, ordering) VALUES ((select id from parameter where name='beta' and model_id=(select id from model where name='saga_classifier')), (select id from parameter_type where name='float'), (select id from parameter_distribution_type where name='uniform'), 0);
INSERT INTO parameter_type_definition(parameter_id, parameter_type_id, parameter_distribution_type_id, ordering) VALUES ((select id from parameter where name='eta' and model_id=(select id from model where name='saga_classifier')), (select id from parameter_type where name='categorical'), (select id from parameter_distribution_type where name='uniform'), 0);
INSERT INTO parameter_type_definition(parameter_id, parameter_type_id, parameter_distribution_type_id, ordering) VALUES ((select id from parameter where name='gamma' and model_id=(select id from model where name='saga_classifier')), (select id from parameter_type where name='float'), (select id from parameter_distribution_type where name='uniform'), 0);
INSERT INTO parameter_type_definition(parameter_id, parameter_type_id, parameter_distribution_type_id, ordering) VALUES ((select id from parameter where name='loss' and model_id=(select id from model where name='saga_classifier')), (select id from parameter_type where name='categorical'), (select id from parameter_distribution_type where name='uniform'), 0);
INSERT INTO parameter_type_definition(parameter_id, parameter_type_id, parameter_distribution_type_id, ordering) VALUES ((select id from parameter where name='max_iter' and model_id=(select id from model where name='saga_classifier')), (select id from parameter_type where name='integer'), (select id from parameter_distribution_type where name='uniform'), 0);
INSERT INTO parameter_type_definition(parameter_id, parameter_type_id, parameter_distribution_type_id, ordering) VALUES ((select id from parameter where name='tol' and model_id=(select id from model where name='saga_classifier')), (select id from parameter_type where name='float'), (select id from parameter_distribution_type where name='uniform'), 0);
INSERT INTO float_parameter(parameter_type_definition_id, default_value) VALUES ((select id from parameter_type_definition where parameter_id=(select id from parameter where name='alpha' and model_id=(select id from model where name='saga_classifier') and parameter_type_id=(select id from parameter_type where name='float'))), 1.000000);
INSERT INTO float_parameter_range(parameter_type_definition_id, is_left_open, is_right_open, lower, upper) VALUES ((select id from parameter_type_definition where parameter_id=(select id from parameter where name='alpha' and model_id=(select id from model where name='saga_classifier') and parameter_type_id=(select id from parameter_type where name='float'))), true, true, 0.000000, 1.000000);
INSERT INTO float_parameter(parameter_type_definition_id, default_value) VALUES ((select id from parameter_type_definition where parameter_id=(select id from parameter where name='beta' and model_id=(select id from model where name='saga_classifier') and parameter_type_id=(select id from parameter_type where name='float'))), 0.000000);
INSERT INTO float_parameter_range(parameter_type_definition_id, is_left_open, is_right_open, lower, upper) VALUES ((select id from parameter_type_definition where parameter_id=(select id from parameter where name='beta' and model_id=(select id from model where name='saga_classifier') and parameter_type_id=(select id from parameter_type where name='float'))), true, true, 0.000000, 1.000000);
INSERT INTO categorical_parameter(parameter_type_definition_id, default_value) VALUES ((select id from parameter_type_definition where parameter_id=(select id from parameter where name='eta' and model_id=(select id from model where name='saga_classifier') and parameter_type_id=(select id from parameter_type where name='categorical'))), 'auto');
INSERT INTO categorical_parameter_value(parameter_type_definition_id, value) VALUES ((select id from parameter_type_definition where parameter_id=(select id from parameter where name='eta' and model_id=(select id from model where name='saga_classifier') and parameter_type_id=(select id from parameter_type where name='categorical'))), 'line-search');
INSERT INTO categorical_parameter_value(parameter_type_definition_id, value) VALUES ((select id from parameter_type_definition where parameter_id=(select id from parameter where name='eta' and model_id=(select id from model where name='saga_classifier') and parameter_type_id=(select id from parameter_type where name='categorical'))), 'auto');
INSERT INTO float_parameter(parameter_type_definition_id, default_value) VALUES ((select id from parameter_type_definition where parameter_id=(select id from parameter where name='gamma' and model_id=(select id from model where name='saga_classifier') and parameter_type_id=(select id from parameter_type where name='float'))), 1.000000);
INSERT INTO float_parameter_range(parameter_type_definition_id, is_left_open, is_right_open, lower, upper) VALUES ((select id from parameter_type_definition where parameter_id=(select id from parameter where name='gamma' and model_id=(select id from model where name='saga_classifier') and parameter_type_id=(select id from parameter_type where name='float'))), true, true, 0.001000, 1.000000);
INSERT INTO categorical_parameter(parameter_type_definition_id, default_value) VALUES ((select id from parameter_type_definition where parameter_id=(select id from parameter where name='loss' and model_id=(select id from model where name='saga_classifier') and parameter_type_id=(select id from parameter_type where name='categorical'))), 'smooth_hinge');
INSERT INTO categorical_parameter_value(parameter_type_definition_id, value) VALUES ((select id from parameter_type_definition where parameter_id=(select id from parameter where name='loss' and model_id=(select id from model where name='saga_classifier') and parameter_type_id=(select id from parameter_type where name='categorical'))), 'smooth_hinge');
INSERT INTO categorical_parameter_value(parameter_type_definition_id, value) VALUES ((select id from parameter_type_definition where parameter_id=(select id from parameter where name='loss' and model_id=(select id from model where name='saga_classifier') and parameter_type_id=(select id from parameter_type where name='categorical'))), 'log');
INSERT INTO categorical_parameter_value(parameter_type_definition_id, value) VALUES ((select id from parameter_type_definition where parameter_id=(select id from parameter where name='loss' and model_id=(select id from model where name='saga_classifier') and parameter_type_id=(select id from parameter_type where name='categorical'))), 'squared_hinge');
INSERT INTO integer_parameter(parameter_type_definition_id, default_value) VALUES ((select id from parameter_type_definition where parameter_id=(select id from parameter where name='max_iter' and model_id=(select id from model where name='saga_classifier') and parameter_type_id=(select id from parameter_type where name='integer'))), 10);
INSERT INTO integer_parameter_value(parameter_type_definition_id, lower, upper) VALUES ((select id from parameter_type_definition where parameter_id=(select id from parameter where name='max_iter' and model_id=(select id from model where name='saga_classifier') and parameter_type_id=(select id from parameter_type where name='integer'))), 1, 501);
INSERT INTO float_parameter(parameter_type_definition_id, default_value) VALUES ((select id from parameter_type_definition where parameter_id=(select id from parameter where name='tol' and model_id=(select id from model where name='saga_classifier') and parameter_type_id=(select id from parameter_type where name='float'))), 0.001000);
INSERT INTO float_parameter_range(parameter_type_definition_id, is_left_open, is_right_open, lower, upper) VALUES ((select id from parameter_type_definition where parameter_id=(select id from parameter where name='tol' and model_id=(select id from model where name='saga_classifier') and parameter_type_id=(select id from parameter_type where name='float'))), true, true, 0.000000, 1.000000);
INSERT INTO model(name, ml_task_id, description, display_name, structure_id, advantages, disadvantages, enabled, ensemble_type_id, family_type_id, decision_tree, model_type_id) VALUES ('sdca_classifier', (select id from ml_task_type where name='classification'),'The Stochastic Dual Coordinate Ascent (SDCA) Classifier is a linear classification model that utilizes the SDCA optimization algorithm. It is designed for large-scale learning scenarios and is efficient for high-dimensional sparse data.', 'Stochastic Dual Coordinate Ascent Classifier', (select id from model_structure_type where name='base'), '{Efficient on large datasets due to its incremental nature.,Converges quickly for sparse data.,Less sensitive to the choice of hyperparameters compared to some other optimization algorithms.,Good for high-dimensional data.}', '{Primarily suited for linear classification, limiting its applicability for complex, non-linear problems.,The quality of the solution may depend on the initial conditions.,Does not directly support probability estimates.,May require careful feature scaling.}', true, (select id from model_ensemble_type where name='none'),(select id from model_family_type where name='linear'), false, (select id from model_type where name='Linear Model'));
INSERT INTO parameter(name, label, description, enabled, fixed_value, ordering, model_id) VALUES ('alpha', 'Alpha', 'Amount of regularization.', true, false, 1, (select id from Model where name='sdca_classifier'));
INSERT INTO parameter(name, label, description, enabled, fixed_value, ordering, model_id) VALUES ('gamma', 'Gamma', 'Gamma parameter in the ''smooth_hinge'' loss (not used for other loss functions).', false, false, 2, (select id from Model where name='sdca_classifier'));
INSERT INTO parameter(name, label, description, enabled, fixed_value, ordering, model_id) VALUES ('l1_ratio', 'L1 ratio', 'Ratio between the L1 and L2 regularization.', true, false, 3, (select id from Model where name='sdca_classifier'));
INSERT INTO parameter(name, label, description, enabled, fixed_value, ordering, model_id) VALUES ('loss', 'Loss', 'The loss function to be used.', true, false, 4, (select id from Model where name='sdca_classifier'));
INSERT INTO parameter(name, label, description, enabled, fixed_value, ordering, model_id) VALUES ('max_iter', 'Maximum number of iterations', 'Maximum number of iterations to perform.', false, false, 5, (select id from Model where name='sdca_classifier'));
INSERT INTO parameter(name, label, description, enabled, fixed_value, ordering, model_id) VALUES ('tol', 'Tolerance', 'Tolerance of the stopping criterion.', false, false, 6, (select id from Model where name='sdca_classifier'));
INSERT INTO rel_model__incompatible_metrics(model_id, metric_id) VALUES ((select id from model where name='sdca_classifier'), (select id from metric where name='classification-log-loss'));
INSERT INTO rel_model__incompatible_metrics(model_id, metric_id) VALUES ((select id from model where name='sdca_classifier'), (select id from metric where name='classification-roc'));
INSERT INTO parameter_type_definition(parameter_id, parameter_type_id, parameter_distribution_type_id, ordering) VALUES ((select id from parameter where name='alpha' and model_id=(select id from model where name='sdca_classifier')), (select id from parameter_type where name='float'), (select id from parameter_distribution_type where name='uniform'), 0);
INSERT INTO parameter_type_definition(parameter_id, parameter_type_id, parameter_distribution_type_id, ordering) VALUES ((select id from parameter where name='gamma' and model_id=(select id from model where name='sdca_classifier')), (select id from parameter_type where name='float'), (select id from parameter_distribution_type where name='uniform'), 0);
INSERT INTO parameter_type_definition(parameter_id, parameter_type_id, parameter_distribution_type_id, ordering) VALUES ((select id from parameter where name='l1_ratio' and model_id=(select id from model where name='sdca_classifier')), (select id from parameter_type where name='float'), (select id from parameter_distribution_type where name='uniform'), 0);
INSERT INTO parameter_type_definition(parameter_id, parameter_type_id, parameter_distribution_type_id, ordering) VALUES ((select id from parameter where name='loss' and model_id=(select id from model where name='sdca_classifier')), (select id from parameter_type where name='categorical'), (select id from parameter_distribution_type where name='uniform'), 0);
INSERT INTO parameter_type_definition(parameter_id, parameter_type_id, parameter_distribution_type_id, ordering) VALUES ((select id from parameter where name='max_iter' and model_id=(select id from model where name='sdca_classifier')), (select id from parameter_type where name='integer'), (select id from parameter_distribution_type where name='uniform'), 0);
INSERT INTO parameter_type_definition(parameter_id, parameter_type_id, parameter_distribution_type_id, ordering) VALUES ((select id from parameter where name='tol' and model_id=(select id from model where name='sdca_classifier')), (select id from parameter_type where name='float'), (select id from parameter_distribution_type where name='uniform'), 0);
INSERT INTO float_parameter(parameter_type_definition_id, default_value) VALUES ((select id from parameter_type_definition where parameter_id=(select id from parameter where name='alpha' and model_id=(select id from model where name='sdca_classifier') and parameter_type_id=(select id from parameter_type where name='float'))), 1.000000);
INSERT INTO float_parameter_range(parameter_type_definition_id, is_left_open, is_right_open, lower, upper) VALUES ((select id from parameter_type_definition where parameter_id=(select id from parameter where name='alpha' and model_id=(select id from model where name='sdca_classifier') and parameter_type_id=(select id from parameter_type where name='float'))), true, true, 0.000000, 1.000000);
INSERT INTO float_parameter(parameter_type_definition_id, default_value) VALUES ((select id from parameter_type_definition where parameter_id=(select id from parameter where name='gamma' and model_id=(select id from model where name='sdca_classifier') and parameter_type_id=(select id from parameter_type where name='float'))), 1.000000);
INSERT INTO float_parameter_range(parameter_type_definition_id, is_left_open, is_right_open, lower, upper) VALUES ((select id from parameter_type_definition where parameter_id=(select id from parameter where name='gamma' and model_id=(select id from model where name='sdca_classifier') and parameter_type_id=(select id from parameter_type where name='float'))), true, true, 0.001000, 1.000000);
INSERT INTO float_parameter(parameter_type_definition_id, default_value) VALUES ((select id from parameter_type_definition where parameter_id=(select id from parameter where name='l1_ratio' and model_id=(select id from model where name='sdca_classifier') and parameter_type_id=(select id from parameter_type where name='float'))), 0.000000);
INSERT INTO float_parameter_range(parameter_type_definition_id, is_left_open, is_right_open, lower, upper) VALUES ((select id from parameter_type_definition where parameter_id=(select id from parameter where name='l1_ratio' and model_id=(select id from model where name='sdca_classifier') and parameter_type_id=(select id from parameter_type where name='float'))), true, true, 0.000000, 1.000000);
INSERT INTO categorical_parameter(parameter_type_definition_id, default_value) VALUES ((select id from parameter_type_definition where parameter_id=(select id from parameter where name='loss' and model_id=(select id from model where name='sdca_classifier') and parameter_type_id=(select id from parameter_type where name='categorical'))), 'hinge');
INSERT INTO categorical_parameter_value(parameter_type_definition_id, value) VALUES ((select id from parameter_type_definition where parameter_id=(select id from parameter where name='loss' and model_id=(select id from model where name='sdca_classifier') and parameter_type_id=(select id from parameter_type where name='categorical'))), 'squared_hinge');
INSERT INTO categorical_parameter_value(parameter_type_definition_id, value) VALUES ((select id from parameter_type_definition where parameter_id=(select id from parameter where name='loss' and model_id=(select id from model where name='sdca_classifier') and parameter_type_id=(select id from parameter_type where name='categorical'))), 'smooth_hinge');
INSERT INTO categorical_parameter_value(parameter_type_definition_id, value) VALUES ((select id from parameter_type_definition where parameter_id=(select id from parameter where name='loss' and model_id=(select id from model where name='sdca_classifier') and parameter_type_id=(select id from parameter_type where name='categorical'))), 'squared');
INSERT INTO categorical_parameter_value(parameter_type_definition_id, value) VALUES ((select id from parameter_type_definition where parameter_id=(select id from parameter where name='loss' and model_id=(select id from model where name='sdca_classifier') and parameter_type_id=(select id from parameter_type where name='categorical'))), 'absolute');
INSERT INTO categorical_parameter_value(parameter_type_definition_id, value) VALUES ((select id from parameter_type_definition where parameter_id=(select id from parameter where name='loss' and model_id=(select id from model where name='sdca_classifier') and parameter_type_id=(select id from parameter_type where name='categorical'))), 'hinge');
INSERT INTO integer_parameter(parameter_type_definition_id, default_value) VALUES ((select id from parameter_type_definition where parameter_id=(select id from parameter where name='max_iter' and model_id=(select id from model where name='sdca_classifier') and parameter_type_id=(select id from parameter_type where name='integer'))), 100);
INSERT INTO integer_parameter_value(parameter_type_definition_id, lower, upper) VALUES ((select id from parameter_type_definition where parameter_id=(select id from parameter where name='max_iter' and model_id=(select id from model where name='sdca_classifier') and parameter_type_id=(select id from parameter_type where name='integer'))), 1, 501);
INSERT INTO float_parameter(parameter_type_definition_id, default_value) VALUES ((select id from parameter_type_definition where parameter_id=(select id from parameter where name='tol' and model_id=(select id from model where name='sdca_classifier') and parameter_type_id=(select id from parameter_type where name='float'))), 0.001000);
INSERT INTO float_parameter_range(parameter_type_definition_id, is_left_open, is_right_open, lower, upper) VALUES ((select id from parameter_type_definition where parameter_id=(select id from parameter where name='tol' and model_id=(select id from model where name='sdca_classifier') and parameter_type_id=(select id from parameter_type where name='float'))), true, true, 0.000000, 1.000000);
INSERT INTO model(name, ml_task_id, description, display_name, structure_id, advantages, disadvantages, enabled, ensemble_type_id, family_type_id, decision_tree, model_type_id) VALUES ('adagrad_classifier', (select id from ml_task_type where name='classification'),'This estimator is designed to leverage the AdaGrad (Adaptive Gradient Algorithm) optimization technique for training linear classifiers. The model dynamically adjusts the learning rate for each feature during training, which makes it well-suited for datasets that are sparse or high-dimensional. It is designed to minimize convex loss functions and generally requires less hyperparameter tuning compared to some other optimization algorithms.', 'Adaptive Gradient Classifier', (select id from model_structure_type where name='base'), '{Adaptive Learning Rate for Each Feature: One of the primary benefits of using this model is its adaptive learning rate, which adjusts individually for each feature. This characteristic is particularly advantageous when dealing with sparse or imbalanced data, as it allows the model to focus more on the important features.,Easier Hyperparameter Tuning: The adaptive learning rates mean that the model is generally less sensitive to the initial choice of learning rate, which makes the task of hyperparameter tuning simpler and potentially faster.,Effective for Convex Problems: The AdaGrad algorithm is efficient at finding the global minimum when the problem is convex. This makes it suitable for a wide range of machine learning problems where the loss function is convex.}', '{Learning Rate Decay Issues: One of the drawbacks of the AdaGrad algorithm is that the learning rate for each feature can decrease to a point where the model makes very little progress. This is especially problematic for non-convex problems, where it can prevent the model from reaching the global minimum.,Memory Overheads: The model tracks the sum of squares of past gradients for each feature, which increases its memory consumption. This may not be ideal for systems with limited memory resources.,Computation Overheads: Although the model adjusts the learning rate for each feature, this operation can be computationally expensive, particularly for high-dimensional data sets. This could be a bottleneck in terms of both speed and computational resources when working with large, high-dimensional data.}', true, (select id from model_ensemble_type where name='other'),(select id from model_family_type where name='linear'), false, (select id from model_type where name='Gradient Model'));
INSERT INTO parameter(name, label, description, enabled, fixed_value, ordering, model_id) VALUES ('alpha', 'Alpha', 'Weight of the penalty term.', true, false, 1, (select id from Model where name='adagrad_classifier'));
INSERT INTO parameter(name, label, description, enabled, fixed_value, ordering, model_id) VALUES ('eta', 'Eta', 'Decrease factor for line-search procedure.', true, false, 2, (select id from Model where name='adagrad_classifier'));
INSERT INTO parameter(name, label, description, enabled, fixed_value, ordering, model_id) VALUES ('gamma', 'Gamma', 'Gamma coefficient in the loss ''smooth_hinge''.', false, false, 3, (select id from Model where name='adagrad_classifier'));
INSERT INTO parameter(name, label, description, enabled, fixed_value, ordering, model_id) VALUES ('l1_ratio', 'L1 ratio', 'The L1 ratio parameter represents the trade-off between the L1 and L2 regularization terms in the objective function. A value of 0 indicates L2 regularization only, while a value of 1 indicates L1 regularization only. Values between 0 and 1 apply a mix of both L1 and L2 regularization, which can be advantageous for capturing different types of feature importance while preventing overfitting.', true, false, 4, (select id from Model where name='adagrad_classifier'));
INSERT INTO parameter(name, label, description, enabled, fixed_value, ordering, model_id) VALUES ('loss', 'Loss', 'The loss function to be used.', true, false, 5, (select id from Model where name='adagrad_classifier'));
INSERT INTO parameter(name, label, description, enabled, fixed_value, ordering, model_id) VALUES ('n_iter', 'Number of iterations', 'This parameter specifies the maximum number of iterations the optimization algorithm will run to converge to a solution. Each iteration involves a complete pass over the training data. Setting this to a low value may speed up training but could result in suboptimal performance. Conversely, a higher value may allow the model to converge to a better solution but at the cost of increased computational time.', false, false, 6, (select id from Model where name='adagrad_classifier'));
INSERT INTO parameter(name, label, description, enabled, fixed_value, ordering, model_id) VALUES ('shuffle', 'Shuffle', 'Whether to shuffle data.', false, false, 7, (select id from Model where name='adagrad_classifier'));
INSERT INTO rel_model__incompatible_metrics(model_id, metric_id) VALUES ((select id from model where name='adagrad_classifier'), (select id from metric where name='classification-log-loss'));
INSERT INTO rel_model__incompatible_metrics(model_id, metric_id) VALUES ((select id from model where name='adagrad_classifier'), (select id from metric where name='classification-roc'));
INSERT INTO parameter_type_definition(parameter_id, parameter_type_id, parameter_distribution_type_id, ordering) VALUES ((select id from parameter where name='alpha' and model_id=(select id from model where name='adagrad_classifier')), (select id from parameter_type where name='float'), (select id from parameter_distribution_type where name='uniform'), 0);
INSERT INTO parameter_type_definition(parameter_id, parameter_type_id, parameter_distribution_type_id, ordering) VALUES ((select id from parameter where name='eta' and model_id=(select id from model where name='adagrad_classifier')), (select id from parameter_type where name='float'), (select id from parameter_distribution_type where name='uniform'), 0);
INSERT INTO parameter_type_definition(parameter_id, parameter_type_id, parameter_distribution_type_id, ordering) VALUES ((select id from parameter where name='gamma' and model_id=(select id from model where name='adagrad_classifier')), (select id from parameter_type where name='float'), (select id from parameter_distribution_type where name='uniform'), 0);
INSERT INTO parameter_type_definition(parameter_id, parameter_type_id, parameter_distribution_type_id, ordering) VALUES ((select id from parameter where name='l1_ratio' and model_id=(select id from model where name='adagrad_classifier')), (select id from parameter_type where name='float'), (select id from parameter_distribution_type where name='uniform'), 0);
INSERT INTO parameter_type_definition(parameter_id, parameter_type_id, parameter_distribution_type_id, ordering) VALUES ((select id from parameter where name='loss' and model_id=(select id from model where name='adagrad_classifier')), (select id from parameter_type where name='categorical'), (select id from parameter_distribution_type where name='uniform'), 0);
INSERT INTO parameter_type_definition(parameter_id, parameter_type_id, parameter_distribution_type_id, ordering) VALUES ((select id from parameter where name='n_iter' and model_id=(select id from model where name='adagrad_classifier')), (select id from parameter_type where name='integer'), (select id from parameter_distribution_type where name='uniform'), 0);
INSERT INTO parameter_type_definition(parameter_id, parameter_type_id, parameter_distribution_type_id, ordering) VALUES ((select id from parameter where name='shuffle' and model_id=(select id from model where name='adagrad_classifier')), (select id from parameter_type where name='boolean'), (select id from parameter_distribution_type where name='uniform'), 0);
INSERT INTO float_parameter(parameter_type_definition_id, default_value) VALUES ((select id from parameter_type_definition where parameter_id=(select id from parameter where name='alpha' and model_id=(select id from model where name='adagrad_classifier') and parameter_type_id=(select id from parameter_type where name='float'))), 1.000000);
INSERT INTO float_parameter_range(parameter_type_definition_id, is_left_open, is_right_open, lower, upper) VALUES ((select id from parameter_type_definition where parameter_id=(select id from parameter where name='alpha' and model_id=(select id from model where name='adagrad_classifier') and parameter_type_id=(select id from parameter_type where name='float'))), true, true, 0.000000, 1.000000);
INSERT INTO float_parameter(parameter_type_definition_id, default_value) VALUES ((select id from parameter_type_definition where parameter_id=(select id from parameter where name='eta' and model_id=(select id from model where name='adagrad_classifier') and parameter_type_id=(select id from parameter_type where name='float'))), 1.000000);
INSERT INTO float_parameter_range(parameter_type_definition_id, is_left_open, is_right_open, lower, upper) VALUES ((select id from parameter_type_definition where parameter_id=(select id from parameter where name='eta' and model_id=(select id from model where name='adagrad_classifier') and parameter_type_id=(select id from parameter_type where name='float'))), true, true, 0.000000, 1.000000);
INSERT INTO float_parameter(parameter_type_definition_id, default_value) VALUES ((select id from parameter_type_definition where parameter_id=(select id from parameter where name='gamma' and model_id=(select id from model where name='adagrad_classifier') and parameter_type_id=(select id from parameter_type where name='float'))), 1.000000);
INSERT INTO float_parameter_range(parameter_type_definition_id, is_left_open, is_right_open, lower, upper) VALUES ((select id from parameter_type_definition where parameter_id=(select id from parameter where name='gamma' and model_id=(select id from model where name='adagrad_classifier') and parameter_type_id=(select id from parameter_type where name='float'))), true, true, 0.000000, 1.000000);
INSERT INTO float_parameter(parameter_type_definition_id, default_value) VALUES ((select id from parameter_type_definition where parameter_id=(select id from parameter where name='l1_ratio' and model_id=(select id from model where name='adagrad_classifier') and parameter_type_id=(select id from parameter_type where name='float'))), 0.000000);
INSERT INTO float_parameter_range(parameter_type_definition_id, is_left_open, is_right_open, lower, upper) VALUES ((select id from parameter_type_definition where parameter_id=(select id from parameter where name='l1_ratio' and model_id=(select id from model where name='adagrad_classifier') and parameter_type_id=(select id from parameter_type where name='float'))), true, true, 0.000000, 1.000000);
INSERT INTO categorical_parameter(parameter_type_definition_id, default_value) VALUES ((select id from parameter_type_definition where parameter_id=(select id from parameter where name='loss' and model_id=(select id from model where name='adagrad_classifier') and parameter_type_id=(select id from parameter_type where name='categorical'))), 'hinge');
INSERT INTO categorical_parameter_value(parameter_type_definition_id, value) VALUES ((select id from parameter_type_definition where parameter_id=(select id from parameter where name='loss' and model_id=(select id from model where name='adagrad_classifier') and parameter_type_id=(select id from parameter_type where name='categorical'))), 'squared_hinge');
INSERT INTO categorical_parameter_value(parameter_type_definition_id, value) VALUES ((select id from parameter_type_definition where parameter_id=(select id from parameter where name='loss' and model_id=(select id from model where name='adagrad_classifier') and parameter_type_id=(select id from parameter_type where name='categorical'))), 'smooth_hinge');
INSERT INTO categorical_parameter_value(parameter_type_definition_id, value) VALUES ((select id from parameter_type_definition where parameter_id=(select id from parameter where name='loss' and model_id=(select id from model where name='adagrad_classifier') and parameter_type_id=(select id from parameter_type where name='categorical'))), 'squared');
INSERT INTO categorical_parameter_value(parameter_type_definition_id, value) VALUES ((select id from parameter_type_definition where parameter_id=(select id from parameter where name='loss' and model_id=(select id from model where name='adagrad_classifier') and parameter_type_id=(select id from parameter_type where name='categorical'))), 'modified_huber');
INSERT INTO categorical_parameter_value(parameter_type_definition_id, value) VALUES ((select id from parameter_type_definition where parameter_id=(select id from parameter where name='loss' and model_id=(select id from model where name='adagrad_classifier') and parameter_type_id=(select id from parameter_type where name='categorical'))), 'log');
INSERT INTO categorical_parameter_value(parameter_type_definition_id, value) VALUES ((select id from parameter_type_definition where parameter_id=(select id from parameter where name='loss' and model_id=(select id from model where name='adagrad_classifier') and parameter_type_id=(select id from parameter_type where name='categorical'))), 'hinge');
INSERT INTO categorical_parameter_value(parameter_type_definition_id, value) VALUES ((select id from parameter_type_definition where parameter_id=(select id from parameter where name='loss' and model_id=(select id from model where name='adagrad_classifier') and parameter_type_id=(select id from parameter_type where name='categorical'))), 'perceptron');
INSERT INTO integer_parameter(parameter_type_definition_id, default_value) VALUES ((select id from parameter_type_definition where parameter_id=(select id from parameter where name='n_iter' and model_id=(select id from model where name='adagrad_classifier') and parameter_type_id=(select id from parameter_type where name='integer'))), 10);
INSERT INTO integer_parameter_value(parameter_type_definition_id, lower, upper) VALUES ((select id from parameter_type_definition where parameter_id=(select id from parameter where name='n_iter' and model_id=(select id from model where name='adagrad_classifier') and parameter_type_id=(select id from parameter_type where name='integer'))), 1, 501);
INSERT INTO boolean_parameter(parameter_type_definition_id, default_value) VALUES ((select id from parameter_type_definition where parameter_id=(select id from parameter where name='shuffle' and model_id=(select id from model where name='adagrad_classifier') and parameter_type_id=(select id from parameter_type where name='boolean'))), true);
INSERT INTO model(name, ml_task_id, description, display_name, structure_id, advantages, disadvantages, enabled, ensemble_type_id, family_type_id, decision_tree, model_type_id) VALUES ('catboost_classifier', (select id from ml_task_type where name='classification'),'The CatBoost Classifier is a gradient-boosting model specialized in handling categorical features through permutation-driven techniques. It uses ordered boosting to reduce overfitting and symmetric trees for faster execution. It is often compared favorably to XGBoost and LightGBM, particularly when dealing with categorical data.', 'CatBoost Classifier', (select id from model_structure_type where name='base'), '{Handles categorical features well,Reduced overfitting through ordered boosting,Fast execution with symmetric trees,Competitive performance compared to XGBoost and LightGBM,Robust default settings}', '{Higher memory consumption,Less interpretable than simpler models,May require parameter tuning for optimal performance,Can be slower to train on very large datasets}', true, (select id from model_ensemble_type where name='other'),(select id from model_family_type where name='other'), false, (select id from model_type where name='Tree-Based Model'));
INSERT INTO rel_model__groups(model_id, group_id) VALUES ((select id from Model where name='catboost_classifier'),(select id from model_group_type where name='fast'));
INSERT INTO rel_model__groups(model_id, group_id) VALUES ((select id from Model where name='catboost_classifier'),(select id from model_group_type where name='explainable'));
INSERT INTO rel_model__groups(model_id, group_id) VALUES ((select id from Model where name='catboost_classifier'),(select id from model_group_type where name='advanced'));
INSERT INTO parameter(name, label, description, enabled, fixed_value, ordering, model_id) VALUES ('allow_const_label', 'Allow const label', 'Use it to train models with datasets that have equal label values for all objects.', false, false, 1, (select id from Model where name='catboost_classifier'));
INSERT INTO parameter(name, label, description, enabled, fixed_value, ordering, model_id) VALUES ('auto_class_weights', 'Automatic class weights', 'Enables automatic class weights calculation. It may be useful for imbalanced datasets.', false, false, 2, (select id from Model where name='catboost_classifier'));
INSERT INTO parameter(name, label, description, enabled, fixed_value, ordering, model_id) VALUES ('bagging_temperature', 'Bagging temperature', 'Defines the settings of the Bayesian bootstrap. It is used by default in classification and regression modes.', false, false, 3, (select id from Model where name='catboost_classifier'));
INSERT INTO parameter(name, label, description, enabled, fixed_value, ordering, model_id) VALUES ('depth', 'Depth', 'The depth of the tree.', true, false, 4, (select id from Model where name='catboost_classifier'));
INSERT INTO parameter(name, label, description, enabled, fixed_value, ordering, model_id) VALUES ('feature_border_type', 'Feature border type', 'The quantization mode for numerical features.', false, false, 5, (select id from Model where name='catboost_classifier'));
INSERT INTO parameter(name, label, description, enabled, fixed_value, ordering, model_id) VALUES ('final_ctr_computation_mode', 'Final CTR computation mode', 'Final CTR computation mode.', false, false, 6, (select id from Model where name='catboost_classifier'));
INSERT INTO parameter(name, label, description, enabled, fixed_value, ordering, model_id) VALUES ('fold_len_multiplier', 'Fold length multiplier', 'Coefficient for changing the length of folds.', false, false, 7, (select id from Model where name='catboost_classifier'));
INSERT INTO parameter(name, label, description, enabled, fixed_value, ordering, model_id) VALUES ('fold_permutation_block', 'Fold permutation block', 'Objects in the dataset are grouped in blocks before the random permutations. This parameter defines the size of the blocks. The smaller is the value, the slower is the training. Large values may result in quality degradation.', false, false, 8, (select id from Model where name='catboost_classifier'));
INSERT INTO parameter(name, label, description, enabled, fixed_value, ordering, model_id) VALUES ('has_time', 'Has time', 'Use the order of objects in the input data (do not perform random permutations during the Transforming categorical features to numerical features and Choosing the tree structure stages).', false, false, 9, (select id from Model where name='catboost_classifier'));
INSERT INTO parameter(name, label, description, enabled, fixed_value, ordering, model_id) VALUES ('iterations', 'Iterations', 'The number of iterations.', true, false, 10, (select id from Model where name='catboost_classifier'));
INSERT INTO parameter(name, label, description, enabled, fixed_value, ordering, model_id) VALUES ('l2_leaf_reg', 'L2 regularization coefficient', 'Coefficient at the L2 regularization term of the cost function.', false, false, 11, (select id from Model where name='catboost_classifier'));
INSERT INTO parameter(name, label, description, enabled, fixed_value, ordering, model_id) VALUES ('learning_rate', 'Learning rate', 'Step size shrinkage used in update to prevents overfitting. After each boosting step, we can directly get the weights of new features, and eta shrinks the feature weights to make the boosting process more conservative.', false, false, 12, (select id from Model where name='catboost_classifier'));
INSERT INTO parameter(name, label, description, enabled, fixed_value, ordering, model_id) VALUES ('max_ctr_complexity', 'Maximum complexity', 'The maximum number of features that can be combined.', false, false, 13, (select id from Model where name='catboost_classifier'));
INSERT INTO parameter(name, label, description, enabled, fixed_value, ordering, model_id) VALUES ('model_size_reg', 'Model size regularization coefficient', 'This parameter influences the model size if training data has categorical features.', false, false, 14, (select id from Model where name='catboost_classifier'));
INSERT INTO parameter(name, label, description, enabled, fixed_value, ordering, model_id) VALUES ('nan_mode', 'NaN mode', 'The method for  processing missing values in the input dataset.', false, false, 15, (select id from Model where name='catboost_classifier'));
INSERT INTO parameter(name, label, description, enabled, fixed_value, ordering, model_id) VALUES ('od_type', 'Overfitting detector type', 'The type of the overfitting detector to use.', false, false, 16, (select id from Model where name='catboost_classifier'));
INSERT INTO parameter(name, label, description, enabled, fixed_value, ordering, model_id) VALUES ('od_wait', 'Overfitting detector wait', 'The number of iterations to continue the training after the iteration with the optimal metric value.', false, false, 17, (select id from Model where name='catboost_classifier'));
INSERT INTO parameter(name, label, description, enabled, fixed_value, ordering, model_id) VALUES ('random_strength', 'Random strength', 'The amount of randomness to use for scoring splits when the tree structure is selected. Use this parameter to avoid overfitting the model.', false, false, 18, (select id from Model where name='catboost_classifier'));
INSERT INTO parameter(name, label, description, enabled, fixed_value, ordering, model_id) VALUES ('rsm', 'RSM', 'Random subspace method. The percentage of features to use at each split selection, when features are selected over again at random.', false, false, 19, (select id from Model where name='catboost_classifier'));
INSERT INTO parameter_type_definition(parameter_id, parameter_type_id, parameter_distribution_type_id, ordering) VALUES ((select id from parameter where name='allow_const_label' and model_id=(select id from model where name='catboost_classifier')), (select id from parameter_type where name='boolean'), (select id from parameter_distribution_type where name='uniform'), 0);
INSERT INTO parameter_type_definition(parameter_id, parameter_type_id, parameter_distribution_type_id, ordering) VALUES ((select id from parameter where name='auto_class_weights' and model_id=(select id from model where name='catboost_classifier')), (select id from parameter_type where name='categorical'), (select id from parameter_distribution_type where name='uniform'), 0);
INSERT INTO parameter_type_definition(parameter_id, parameter_type_id, parameter_distribution_type_id, ordering) VALUES ((select id from parameter where name='bagging_temperature' and model_id=(select id from model where name='catboost_classifier')), (select id from parameter_type where name='float'), (select id from parameter_distribution_type where name='uniform'), 0);
INSERT INTO parameter_type_definition(parameter_id, parameter_type_id, parameter_distribution_type_id, ordering) VALUES ((select id from parameter where name='depth' and model_id=(select id from model where name='catboost_classifier')), (select id from parameter_type where name='integer'), (select id from parameter_distribution_type where name='uniform'), 0);
INSERT INTO parameter_type_definition(parameter_id, parameter_type_id, parameter_distribution_type_id, ordering) VALUES ((select id from parameter where name='feature_border_type' and model_id=(select id from model where name='catboost_classifier')), (select id from parameter_type where name='categorical'), (select id from parameter_distribution_type where name='uniform'), 0);
INSERT INTO parameter_type_definition(parameter_id, parameter_type_id, parameter_distribution_type_id, ordering) VALUES ((select id from parameter where name='final_ctr_computation_mode' and model_id=(select id from model where name='catboost_classifier')), (select id from parameter_type where name='categorical'), (select id from parameter_distribution_type where name='uniform'), 0);
INSERT INTO parameter_type_definition(parameter_id, parameter_type_id, parameter_distribution_type_id, ordering) VALUES ((select id from parameter where name='fold_len_multiplier' and model_id=(select id from model where name='catboost_classifier')), (select id from parameter_type where name='categorical'), (select id from parameter_distribution_type where name='uniform'), 0);
INSERT INTO parameter_type_definition(parameter_id, parameter_type_id, parameter_distribution_type_id, ordering) VALUES ((select id from parameter where name='fold_len_multiplier' and model_id=(select id from model where name='catboost_classifier')), (select id from parameter_type where name='integer'), (select id from parameter_distribution_type where name='uniform'), 1);
INSERT INTO parameter_type_definition(parameter_id, parameter_type_id, parameter_distribution_type_id, ordering) VALUES ((select id from parameter where name='fold_permutation_block' and model_id=(select id from model where name='catboost_classifier')), (select id from parameter_type where name='integer'), (select id from parameter_distribution_type where name='uniform'), 0);
INSERT INTO parameter_type_definition(parameter_id, parameter_type_id, parameter_distribution_type_id, ordering) VALUES ((select id from parameter where name='has_time' and model_id=(select id from model where name='catboost_classifier')), (select id from parameter_type where name='boolean'), (select id from parameter_distribution_type where name='uniform'), 0);
INSERT INTO parameter_type_definition(parameter_id, parameter_type_id, parameter_distribution_type_id, ordering) VALUES ((select id from parameter where name='iterations' and model_id=(select id from model where name='catboost_classifier')), (select id from parameter_type where name='integer'), (select id from parameter_distribution_type where name='uniform'), 0);
INSERT INTO parameter_type_definition(parameter_id, parameter_type_id, parameter_distribution_type_id, ordering) VALUES ((select id from parameter where name='l2_leaf_reg' and model_id=(select id from model where name='catboost_classifier')), (select id from parameter_type where name='float'), (select id from parameter_distribution_type where name='uniform'), 0);
INSERT INTO parameter_type_definition(parameter_id, parameter_type_id, parameter_distribution_type_id, ordering) VALUES ((select id from parameter where name='learning_rate' and model_id=(select id from model where name='catboost_classifier')), (select id from parameter_type where name='categorical'), (select id from parameter_distribution_type where name='uniform'), 0);
INSERT INTO parameter_type_definition(parameter_id, parameter_type_id, parameter_distribution_type_id, ordering) VALUES ((select id from parameter where name='learning_rate' and model_id=(select id from model where name='catboost_classifier')), (select id from parameter_type where name='float'), (select id from parameter_distribution_type where name='uniform'), 1);
INSERT INTO parameter_type_definition(parameter_id, parameter_type_id, parameter_distribution_type_id, ordering) VALUES ((select id from parameter where name='max_ctr_complexity' and model_id=(select id from model where name='catboost_classifier')), (select id from parameter_type where name='integer'), (select id from parameter_distribution_type where name='uniform'), 0);
INSERT INTO parameter_type_definition(parameter_id, parameter_type_id, parameter_distribution_type_id, ordering) VALUES ((select id from parameter where name='model_size_reg' and model_id=(select id from model where name='catboost_classifier')), (select id from parameter_type where name='categorical'), (select id from parameter_distribution_type where name='uniform'), 0);
INSERT INTO parameter_type_definition(parameter_id, parameter_type_id, parameter_distribution_type_id, ordering) VALUES ((select id from parameter where name='model_size_reg' and model_id=(select id from model where name='catboost_classifier')), (select id from parameter_type where name='float'), (select id from parameter_distribution_type where name='uniform'), 1);
INSERT INTO parameter_type_definition(parameter_id, parameter_type_id, parameter_distribution_type_id, ordering) VALUES ((select id from parameter where name='nan_mode' and model_id=(select id from model where name='catboost_classifier')), (select id from parameter_type where name='categorical'), (select id from parameter_distribution_type where name='uniform'), 0);
INSERT INTO parameter_type_definition(parameter_id, parameter_type_id, parameter_distribution_type_id, ordering) VALUES ((select id from parameter where name='od_type' and model_id=(select id from model where name='catboost_classifier')), (select id from parameter_type where name='categorical'), (select id from parameter_distribution_type where name='uniform'), 0);
INSERT INTO parameter_type_definition(parameter_id, parameter_type_id, parameter_distribution_type_id, ordering) VALUES ((select id from parameter where name='od_wait' and model_id=(select id from model where name='catboost_classifier')), (select id from parameter_type where name='categorical'), (select id from parameter_distribution_type where name='uniform'), 0);
INSERT INTO parameter_type_definition(parameter_id, parameter_type_id, parameter_distribution_type_id, ordering) VALUES ((select id from parameter where name='od_wait' and model_id=(select id from model where name='catboost_classifier')), (select id from parameter_type where name='integer'), (select id from parameter_distribution_type where name='uniform'), 1);
INSERT INTO parameter_type_definition(parameter_id, parameter_type_id, parameter_distribution_type_id, ordering) VALUES ((select id from parameter where name='random_strength' and model_id=(select id from model where name='catboost_classifier')), (select id from parameter_type where name='float'), (select id from parameter_distribution_type where name='uniform'), 0);
INSERT INTO parameter_type_definition(parameter_id, parameter_type_id, parameter_distribution_type_id, ordering) VALUES ((select id from parameter where name='rsm' and model_id=(select id from model where name='catboost_classifier')), (select id from parameter_type where name='categorical'), (select id from parameter_distribution_type where name='uniform'), 0);
INSERT INTO parameter_type_definition(parameter_id, parameter_type_id, parameter_distribution_type_id, ordering) VALUES ((select id from parameter where name='rsm' and model_id=(select id from model where name='catboost_classifier')), (select id from parameter_type where name='float'), (select id from parameter_distribution_type where name='uniform'), 1);
INSERT INTO boolean_parameter(parameter_type_definition_id, default_value) VALUES ((select id from parameter_type_definition where parameter_id=(select id from parameter where name='allow_const_label' and model_id=(select id from model where name='catboost_classifier') and parameter_type_id=(select id from parameter_type where name='boolean'))), false);
INSERT INTO categorical_parameter(parameter_type_definition_id, default_value) VALUES ((select id from parameter_type_definition where parameter_id=(select id from parameter where name='auto_class_weights' and model_id=(select id from model where name='catboost_classifier') and parameter_type_id=(select id from parameter_type where name='categorical'))), 'None');
INSERT INTO categorical_parameter_value(parameter_type_definition_id, value) VALUES ((select id from parameter_type_definition where parameter_id=(select id from parameter where name='auto_class_weights' and model_id=(select id from model where name='catboost_classifier') and parameter_type_id=(select id from parameter_type where name='categorical'))), 'Balanced');
INSERT INTO categorical_parameter_value(parameter_type_definition_id, value) VALUES ((select id from parameter_type_definition where parameter_id=(select id from parameter where name='auto_class_weights' and model_id=(select id from model where name='catboost_classifier') and parameter_type_id=(select id from parameter_type where name='categorical'))), 'SqrtBalanced');
INSERT INTO categorical_parameter_value(parameter_type_definition_id, value) VALUES ((select id from parameter_type_definition where parameter_id=(select id from parameter where name='auto_class_weights' and model_id=(select id from model where name='catboost_classifier') and parameter_type_id=(select id from parameter_type where name='categorical'))), 'None');
INSERT INTO float_parameter(parameter_type_definition_id, default_value) VALUES ((select id from parameter_type_definition where parameter_id=(select id from parameter where name='bagging_temperature' and model_id=(select id from model where name='catboost_classifier') and parameter_type_id=(select id from parameter_type where name='float'))), 1.000000);
INSERT INTO float_parameter_range(parameter_type_definition_id, is_left_open, is_right_open, lower, upper) VALUES ((select id from parameter_type_definition where parameter_id=(select id from parameter where name='bagging_temperature' and model_id=(select id from model where name='catboost_classifier') and parameter_type_id=(select id from parameter_type where name='float'))), true, true, 0.000000, 1.000000);
INSERT INTO integer_parameter(parameter_type_definition_id, default_value) VALUES ((select id from parameter_type_definition where parameter_id=(select id from parameter where name='depth' and model_id=(select id from model where name='catboost_classifier') and parameter_type_id=(select id from parameter_type where name='integer'))), 6);
INSERT INTO integer_parameter_value(parameter_type_definition_id, lower, upper) VALUES ((select id from parameter_type_definition where parameter_id=(select id from parameter where name='depth' and model_id=(select id from model where name='catboost_classifier') and parameter_type_id=(select id from parameter_type where name='integer'))), 1, 11);
INSERT INTO categorical_parameter(parameter_type_definition_id, default_value) VALUES ((select id from parameter_type_definition where parameter_id=(select id from parameter where name='feature_border_type' and model_id=(select id from model where name='catboost_classifier') and parameter_type_id=(select id from parameter_type where name='categorical'))), 'GreedyLogSum');
INSERT INTO categorical_parameter_value(parameter_type_definition_id, value) VALUES ((select id from parameter_type_definition where parameter_id=(select id from parameter where name='feature_border_type' and model_id=(select id from model where name='catboost_classifier') and parameter_type_id=(select id from parameter_type where name='categorical'))), 'Uniform');
INSERT INTO categorical_parameter_value(parameter_type_definition_id, value) VALUES ((select id from parameter_type_definition where parameter_id=(select id from parameter where name='feature_border_type' and model_id=(select id from model where name='catboost_classifier') and parameter_type_id=(select id from parameter_type where name='categorical'))), 'MinEntropy');
INSERT INTO categorical_parameter_value(parameter_type_definition_id, value) VALUES ((select id from parameter_type_definition where parameter_id=(select id from parameter where name='feature_border_type' and model_id=(select id from model where name='catboost_classifier') and parameter_type_id=(select id from parameter_type where name='categorical'))), 'UniformAndQuantiles');
INSERT INTO categorical_parameter_value(parameter_type_definition_id, value) VALUES ((select id from parameter_type_definition where parameter_id=(select id from parameter where name='feature_border_type' and model_id=(select id from model where name='catboost_classifier') and parameter_type_id=(select id from parameter_type where name='categorical'))), 'GreedyLogSum');
INSERT INTO categorical_parameter_value(parameter_type_definition_id, value) VALUES ((select id from parameter_type_definition where parameter_id=(select id from parameter where name='feature_border_type' and model_id=(select id from model where name='catboost_classifier') and parameter_type_id=(select id from parameter_type where name='categorical'))), 'Median');
INSERT INTO categorical_parameter(parameter_type_definition_id, default_value) VALUES ((select id from parameter_type_definition where parameter_id=(select id from parameter where name='final_ctr_computation_mode' and model_id=(select id from model where name='catboost_classifier') and parameter_type_id=(select id from parameter_type where name='categorical'))), 'Default');
INSERT INTO categorical_parameter_value(parameter_type_definition_id, value) VALUES ((select id from parameter_type_definition where parameter_id=(select id from parameter where name='final_ctr_computation_mode' and model_id=(select id from model where name='catboost_classifier') and parameter_type_id=(select id from parameter_type where name='categorical'))), 'Default');
INSERT INTO categorical_parameter_value(parameter_type_definition_id, value) VALUES ((select id from parameter_type_definition where parameter_id=(select id from parameter where name='final_ctr_computation_mode' and model_id=(select id from model where name='catboost_classifier') and parameter_type_id=(select id from parameter_type where name='categorical'))), 'Skip');
INSERT INTO categorical_parameter(parameter_type_definition_id, default_value) VALUES ((select id from parameter_type_definition where parameter_id=(select id from parameter where name='fold_len_multiplier' and model_id=(select id from model where name='catboost_classifier') and parameter_type_id=(select id from parameter_type where name='categorical'))), 'None');
INSERT INTO categorical_parameter_value(parameter_type_definition_id, value) VALUES ((select id from parameter_type_definition where parameter_id=(select id from parameter where name='fold_len_multiplier' and model_id=(select id from model where name='catboost_classifier') and parameter_type_id=(select id from parameter_type where name='categorical'))), 'None');
INSERT INTO integer_parameter(parameter_type_definition_id, default_value) VALUES ((select id from parameter_type_definition where parameter_id=(select id from parameter where name='fold_len_multiplier' and model_id=(select id from model where name='catboost_classifier') and parameter_type_id=(select id from parameter_type where name='integer'))), null);
INSERT INTO integer_parameter_value(parameter_type_definition_id, lower, upper) VALUES ((select id from parameter_type_definition where parameter_id=(select id from parameter where name='fold_len_multiplier' and model_id=(select id from model where name='catboost_classifier') and parameter_type_id=(select id from parameter_type where name='integer'))), 2, 11);
INSERT INTO integer_parameter(parameter_type_definition_id, default_value) VALUES ((select id from parameter_type_definition where parameter_id=(select id from parameter where name='fold_permutation_block' and model_id=(select id from model where name='catboost_classifier') and parameter_type_id=(select id from parameter_type where name='integer'))), 1);
INSERT INTO integer_parameter_value(parameter_type_definition_id, lower, upper) VALUES ((select id from parameter_type_definition where parameter_id=(select id from parameter where name='fold_permutation_block' and model_id=(select id from model where name='catboost_classifier') and parameter_type_id=(select id from parameter_type where name='integer'))), 1, 11);
INSERT INTO boolean_parameter(parameter_type_definition_id, default_value) VALUES ((select id from parameter_type_definition where parameter_id=(select id from parameter where name='has_time' and model_id=(select id from model where name='catboost_classifier') and parameter_type_id=(select id from parameter_type where name='boolean'))), false);
INSERT INTO integer_parameter(parameter_type_definition_id, default_value) VALUES ((select id from parameter_type_definition where parameter_id=(select id from parameter where name='iterations' and model_id=(select id from model where name='catboost_classifier') and parameter_type_id=(select id from parameter_type where name='integer'))), 1000);
INSERT INTO integer_parameter_value(parameter_type_definition_id, lower, upper) VALUES ((select id from parameter_type_definition where parameter_id=(select id from parameter where name='iterations' and model_id=(select id from model where name='catboost_classifier') and parameter_type_id=(select id from parameter_type where name='integer'))), 1, 1001);
INSERT INTO float_parameter(parameter_type_definition_id, default_value) VALUES ((select id from parameter_type_definition where parameter_id=(select id from parameter where name='l2_leaf_reg' and model_id=(select id from model where name='catboost_classifier') and parameter_type_id=(select id from parameter_type where name='float'))), 3.000000);
INSERT INTO float_parameter_range(parameter_type_definition_id, is_left_open, is_right_open, lower, upper) VALUES ((select id from parameter_type_definition where parameter_id=(select id from parameter where name='l2_leaf_reg' and model_id=(select id from model where name='catboost_classifier') and parameter_type_id=(select id from parameter_type where name='float'))), true, true, 0.000000, 10.000000);
INSERT INTO categorical_parameter(parameter_type_definition_id, default_value) VALUES ((select id from parameter_type_definition where parameter_id=(select id from parameter where name='learning_rate' and model_id=(select id from model where name='catboost_classifier') and parameter_type_id=(select id from parameter_type where name='categorical'))), 'None');
INSERT INTO categorical_parameter_value(parameter_type_definition_id, value) VALUES ((select id from parameter_type_definition where parameter_id=(select id from parameter where name='learning_rate' and model_id=(select id from model where name='catboost_classifier') and parameter_type_id=(select id from parameter_type where name='categorical'))), 'None');
INSERT INTO float_parameter(parameter_type_definition_id, default_value) VALUES ((select id from parameter_type_definition where parameter_id=(select id from parameter where name='learning_rate' and model_id=(select id from model where name='catboost_classifier') and parameter_type_id=(select id from parameter_type where name='float'))), null);
INSERT INTO float_parameter_range(parameter_type_definition_id, is_left_open, is_right_open, lower, upper) VALUES ((select id from parameter_type_definition where parameter_id=(select id from parameter where name='learning_rate' and model_id=(select id from model where name='catboost_classifier') and parameter_type_id=(select id from parameter_type where name='float'))), true, true, 0.000100, 1.000000);
INSERT INTO integer_parameter(parameter_type_definition_id, default_value) VALUES ((select id from parameter_type_definition where parameter_id=(select id from parameter where name='max_ctr_complexity' and model_id=(select id from model where name='catboost_classifier') and parameter_type_id=(select id from parameter_type where name='integer'))), 4);
INSERT INTO integer_parameter_value(parameter_type_definition_id, lower, upper) VALUES ((select id from parameter_type_definition where parameter_id=(select id from parameter where name='max_ctr_complexity' and model_id=(select id from model where name='catboost_classifier') and parameter_type_id=(select id from parameter_type where name='integer'))), 1, 7);
INSERT INTO categorical_parameter(parameter_type_definition_id, default_value) VALUES ((select id from parameter_type_definition where parameter_id=(select id from parameter where name='model_size_reg' and model_id=(select id from model where name='catboost_classifier') and parameter_type_id=(select id from parameter_type where name='categorical'))), 'None');
INSERT INTO categorical_parameter_value(parameter_type_definition_id, value) VALUES ((select id from parameter_type_definition where parameter_id=(select id from parameter where name='model_size_reg' and model_id=(select id from model where name='catboost_classifier') and parameter_type_id=(select id from parameter_type where name='categorical'))), 'None');
INSERT INTO float_parameter(parameter_type_definition_id, default_value) VALUES ((select id from parameter_type_definition where parameter_id=(select id from parameter where name='model_size_reg' and model_id=(select id from model where name='catboost_classifier') and parameter_type_id=(select id from parameter_type where name='float'))), null);
INSERT INTO float_parameter_range(parameter_type_definition_id, is_left_open, is_right_open, lower, upper) VALUES ((select id from parameter_type_definition where parameter_id=(select id from parameter where name='model_size_reg' and model_id=(select id from model where name='catboost_classifier') and parameter_type_id=(select id from parameter_type where name='float'))), true, true, 0.000000, 10.000000);
INSERT INTO categorical_parameter(parameter_type_definition_id, default_value) VALUES ((select id from parameter_type_definition where parameter_id=(select id from parameter where name='nan_mode' and model_id=(select id from model where name='catboost_classifier') and parameter_type_id=(select id from parameter_type where name='categorical'))), 'Min');
INSERT INTO categorical_parameter_value(parameter_type_definition_id, value) VALUES ((select id from parameter_type_definition where parameter_id=(select id from parameter where name='nan_mode' and model_id=(select id from model where name='catboost_classifier') and parameter_type_id=(select id from parameter_type where name='categorical'))), 'Max');
INSERT INTO categorical_parameter_value(parameter_type_definition_id, value) VALUES ((select id from parameter_type_definition where parameter_id=(select id from parameter where name='nan_mode' and model_id=(select id from model where name='catboost_classifier') and parameter_type_id=(select id from parameter_type where name='categorical'))), 'Forbidden');
INSERT INTO categorical_parameter_value(parameter_type_definition_id, value) VALUES ((select id from parameter_type_definition where parameter_id=(select id from parameter where name='nan_mode' and model_id=(select id from model where name='catboost_classifier') and parameter_type_id=(select id from parameter_type where name='categorical'))), 'Min');
INSERT INTO categorical_parameter(parameter_type_definition_id, default_value) VALUES ((select id from parameter_type_definition where parameter_id=(select id from parameter where name='od_type' and model_id=(select id from model where name='catboost_classifier') and parameter_type_id=(select id from parameter_type where name='categorical'))), 'IncToDec');
INSERT INTO categorical_parameter_value(parameter_type_definition_id, value) VALUES ((select id from parameter_type_definition where parameter_id=(select id from parameter where name='od_type' and model_id=(select id from model where name='catboost_classifier') and parameter_type_id=(select id from parameter_type where name='categorical'))), 'IncToDec');
INSERT INTO categorical_parameter_value(parameter_type_definition_id, value) VALUES ((select id from parameter_type_definition where parameter_id=(select id from parameter where name='od_type' and model_id=(select id from model where name='catboost_classifier') and parameter_type_id=(select id from parameter_type where name='categorical'))), 'Iter');
INSERT INTO categorical_parameter(parameter_type_definition_id, default_value) VALUES ((select id from parameter_type_definition where parameter_id=(select id from parameter where name='od_wait' and model_id=(select id from model where name='catboost_classifier') and parameter_type_id=(select id from parameter_type where name='categorical'))), 'None');
INSERT INTO categorical_parameter_value(parameter_type_definition_id, value) VALUES ((select id from parameter_type_definition where parameter_id=(select id from parameter where name='od_wait' and model_id=(select id from model where name='catboost_classifier') and parameter_type_id=(select id from parameter_type where name='categorical'))), 'None');
INSERT INTO integer_parameter(parameter_type_definition_id, default_value) VALUES ((select id from parameter_type_definition where parameter_id=(select id from parameter where name='od_wait' and model_id=(select id from model where name='catboost_classifier') and parameter_type_id=(select id from parameter_type where name='integer'))), null);
INSERT INTO integer_parameter_value(parameter_type_definition_id, lower, upper) VALUES ((select id from parameter_type_definition where parameter_id=(select id from parameter where name='od_wait' and model_id=(select id from model where name='catboost_classifier') and parameter_type_id=(select id from parameter_type where name='integer'))), 1, 31);
INSERT INTO float_parameter(parameter_type_definition_id, default_value) VALUES ((select id from parameter_type_definition where parameter_id=(select id from parameter where name='random_strength' and model_id=(select id from model where name='catboost_classifier') and parameter_type_id=(select id from parameter_type where name='float'))), 1.000000);
INSERT INTO float_parameter_range(parameter_type_definition_id, is_left_open, is_right_open, lower, upper) VALUES ((select id from parameter_type_definition where parameter_id=(select id from parameter where name='random_strength' and model_id=(select id from model where name='catboost_classifier') and parameter_type_id=(select id from parameter_type where name='float'))), true, true, 0.000000, 10.000000);
INSERT INTO categorical_parameter(parameter_type_definition_id, default_value) VALUES ((select id from parameter_type_definition where parameter_id=(select id from parameter where name='rsm' and model_id=(select id from model where name='catboost_classifier') and parameter_type_id=(select id from parameter_type where name='categorical'))), 'None');
INSERT INTO categorical_parameter_value(parameter_type_definition_id, value) VALUES ((select id from parameter_type_definition where parameter_id=(select id from parameter where name='rsm' and model_id=(select id from model where name='catboost_classifier') and parameter_type_id=(select id from parameter_type where name='categorical'))), 'None');
INSERT INTO float_parameter(parameter_type_definition_id, default_value) VALUES ((select id from parameter_type_definition where parameter_id=(select id from parameter where name='rsm' and model_id=(select id from model where name='catboost_classifier') and parameter_type_id=(select id from parameter_type where name='float'))), null);
INSERT INTO float_parameter_range(parameter_type_definition_id, is_left_open, is_right_open, lower, upper) VALUES ((select id from parameter_type_definition where parameter_id=(select id from parameter where name='rsm' and model_id=(select id from model where name='catboost_classifier') and parameter_type_id=(select id from parameter_type where name='float'))), true, true, 0.010000, 1.000000);
INSERT INTO model(name, ml_task_id, description, display_name, structure_id, advantages, disadvantages, enabled, ensemble_type_id, family_type_id, decision_tree, model_type_id) VALUES ('xgboost_classifier', (select id from ml_task_type where name='classification'),'The XGBoost Classifier is a powerful and efficient gradient boosting model from the XGBoost library. It combines multiple weak learners, typically decision trees, to create a strong ensemble model. In each iteration, a new weak learner is added to the ensemble, focusing on correcting the errors made by the previous learners. Predictions from the ensemble model are given by a weighted sum of the predictions of the individual weak learners. XGBoost Classifier is known for its high performance, scalability, and ability to handle imbalanced datasets, making it a popular choice for a wide range of machine learning tasks.', 'XGBoost Classifier', (select id from model_structure_type where name='base'), '{It requires less feature engineering,Feature importance can be found out,It is robust to outliers,It performs well on large sized datasets,It is computational fast}', '{It has the problem of overfitting,It is harder to tune as there are too many hyperparameters}', true, (select id from model_ensemble_type where name='other'),(select id from model_family_type where name='tree'), false, (select id from model_type where name='Tree-Based Model'));
INSERT INTO rel_model__groups(model_id, group_id) VALUES ((select id from Model where name='xgboost_classifier'),(select id from model_group_type where name='fast'));
INSERT INTO rel_model__groups(model_id, group_id) VALUES ((select id from Model where name='xgboost_classifier'),(select id from model_group_type where name='explainable'));
INSERT INTO rel_model__groups(model_id, group_id) VALUES ((select id from Model where name='xgboost_classifier'),(select id from model_group_type where name='advanced'));
INSERT INTO parameter(name, label, description, enabled, fixed_value, ordering, model_id) VALUES ('booster', 'Booster', 'Specifies the core boosting algorithm, determining the type of base learners in the ensemble model.', false, false, 1, (select id from Model where name='xgboost_classifier'));
INSERT INTO parameter(name, label, description, enabled, fixed_value, ordering, model_id) VALUES ('colsample_bylevel', 'Column subsample ratio by level', 'Fraction of features randomly sampled for each level of the decision tree during construction.', false, false, 2, (select id from Model where name='xgboost_classifier'));
INSERT INTO parameter(name, label, description, enabled, fixed_value, ordering, model_id) VALUES ('colsample_bynode', 'Column subsample ratio by node', 'Fraction of features randomly sampled for each new node in the decision tree during construction.', false, false, 3, (select id from Model where name='xgboost_classifier'));
INSERT INTO parameter(name, label, description, enabled, fixed_value, ordering, model_id) VALUES ('colsample_bytree', 'Column subsample ratio by tree', 'Fraction of features randomly sampled for each tree during model construction.', false, false, 4, (select id from Model where name='xgboost_classifier'));
INSERT INTO parameter(name, label, description, enabled, fixed_value, ordering, model_id) VALUES ('gamma', 'Gamma', 'Minimum reduction in loss function required to create a new tree split, controlling model complexity and preventing overfitting.', true, false, 5, (select id from Model where name='xgboost_classifier'));
INSERT INTO parameter(name, label, description, enabled, fixed_value, ordering, model_id) VALUES ('learning_rate', 'Learning rate', 'Step size shrinkage used in updates to prevent overfitting, making the boosting process more conservative.', false, false, 6, (select id from Model where name='xgboost_classifier'));
INSERT INTO parameter(name, label, description, enabled, fixed_value, ordering, model_id) VALUES ('max_delta_step', 'Maximum delta step', 'Maximum allowed change for each leaf output in the tree, mitigating imbalanced data influence by limiting weight updates.', false, false, 7, (select id from Model where name='xgboost_classifier'));
INSERT INTO parameter(name, label, description, enabled, fixed_value, ordering, model_id) VALUES ('max_depth', 'Maximum depth', 'Maximum depth of the tree. Nodes are expanded until all leaves are pure or contain less than min_samples_split samples.', true, false, 8, (select id from Model where name='xgboost_classifier'));
INSERT INTO parameter(name, label, description, enabled, fixed_value, ordering, model_id) VALUES ('min_child_weight', 'Minimum child weight', 'Minimum number of training examples required in each tree node to allow further splitting.', false, false, 9, (select id from Model where name='xgboost_classifier'));
INSERT INTO parameter(name, label, description, enabled, fixed_value, ordering, model_id) VALUES ('n_estimators', 'Number of estimators', 'Number of trees built during the training process.', true, false, 10, (select id from Model where name='xgboost_classifier'));
INSERT INTO parameter(name, label, description, enabled, fixed_value, ordering, model_id) VALUES ('num_parallel_tree', 'Number of parallel trees', 'Number of parallel trees constructed during each iteration, supporting boosted random forests.', false, false, 11, (select id from Model where name='xgboost_classifier'));
INSERT INTO parameter(name, label, description, enabled, fixed_value, ordering, model_id) VALUES ('reg_alpha', 'Regularization alpha', 'Strength of L1 regularization term, penalizing absolute values of leaf node weights, promoting sparsity and reducing overfitting.', true, false, 12, (select id from Model where name='xgboost_classifier'));
INSERT INTO parameter(name, label, description, enabled, fixed_value, ordering, model_id) VALUES ('reg_lambda', 'Regularization lambda', 'Strength of L2 regularization term, penalizing squared values of leaf node weights, encouraging smaller weights and reducing overfitting.', true, false, 13, (select id from Model where name='xgboost_classifier'));
INSERT INTO parameter(name, label, description, enabled, fixed_value, ordering, model_id) VALUES ('scale_pos_weight', 'Scale weight of positive class', 'Balance of positive and negative weights in binary classification, useful for imbalanced classes. Consider: sum(negative instances) / sum(positive instances).', false, false, 14, (select id from Model where name='xgboost_classifier'));
INSERT INTO parameter(name, label, description, enabled, fixed_value, ordering, model_id) VALUES ('subsample', 'Subsample', 'Fraction of training examples randomly sampled without replacement for each tree, reducing overfitting and improving generalization.', true, false, 15, (select id from Model where name='xgboost_classifier'));
INSERT INTO parameter(name, label, description, enabled, fixed_value, ordering, model_id) VALUES ('tree_method', 'Tree method', 'Algorithm used to construct decision trees during the training process.', false, false, 16, (select id from Model where name='xgboost_classifier'));
INSERT INTO parameter_type_definition(parameter_id, parameter_type_id, parameter_distribution_type_id, ordering) VALUES ((select id from parameter where name='booster' and model_id=(select id from model where name='xgboost_classifier')), (select id from parameter_type where name='categorical'), (select id from parameter_distribution_type where name='uniform'), 0);
INSERT INTO parameter_type_definition(parameter_id, parameter_type_id, parameter_distribution_type_id, ordering) VALUES ((select id from parameter where name='colsample_bylevel' and model_id=(select id from model where name='xgboost_classifier')), (select id from parameter_type where name='float'), (select id from parameter_distribution_type where name='uniform'), 0);
INSERT INTO parameter_type_definition(parameter_id, parameter_type_id, parameter_distribution_type_id, ordering) VALUES ((select id from parameter where name='colsample_bynode' and model_id=(select id from model where name='xgboost_classifier')), (select id from parameter_type where name='float'), (select id from parameter_distribution_type where name='uniform'), 0);
INSERT INTO parameter_type_definition(parameter_id, parameter_type_id, parameter_distribution_type_id, ordering) VALUES ((select id from parameter where name='colsample_bytree' and model_id=(select id from model where name='xgboost_classifier')), (select id from parameter_type where name='float'), (select id from parameter_distribution_type where name='uniform'), 0);
INSERT INTO parameter_type_definition(parameter_id, parameter_type_id, parameter_distribution_type_id, ordering) VALUES ((select id from parameter where name='gamma' and model_id=(select id from model where name='xgboost_classifier')), (select id from parameter_type where name='float'), (select id from parameter_distribution_type where name='uniform'), 0);
INSERT INTO parameter_type_definition(parameter_id, parameter_type_id, parameter_distribution_type_id, ordering) VALUES ((select id from parameter where name='learning_rate' and model_id=(select id from model where name='xgboost_classifier')), (select id from parameter_type where name='float'), (select id from parameter_distribution_type where name='uniform'), 0);
INSERT INTO parameter_type_definition(parameter_id, parameter_type_id, parameter_distribution_type_id, ordering) VALUES ((select id from parameter where name='max_delta_step' and model_id=(select id from model where name='xgboost_classifier')), (select id from parameter_type where name='float'), (select id from parameter_distribution_type where name='uniform'), 0);
INSERT INTO parameter_type_definition(parameter_id, parameter_type_id, parameter_distribution_type_id, ordering) VALUES ((select id from parameter where name='max_depth' and model_id=(select id from model where name='xgboost_classifier')), (select id from parameter_type where name='integer'), (select id from parameter_distribution_type where name='uniform'), 0);
INSERT INTO parameter_type_definition(parameter_id, parameter_type_id, parameter_distribution_type_id, ordering) VALUES ((select id from parameter where name='min_child_weight' and model_id=(select id from model where name='xgboost_classifier')), (select id from parameter_type where name='float'), (select id from parameter_distribution_type where name='uniform'), 0);
INSERT INTO parameter_type_definition(parameter_id, parameter_type_id, parameter_distribution_type_id, ordering) VALUES ((select id from parameter where name='n_estimators' and model_id=(select id from model where name='xgboost_classifier')), (select id from parameter_type where name='integer'), (select id from parameter_distribution_type where name='uniform'), 0);
INSERT INTO parameter_type_definition(parameter_id, parameter_type_id, parameter_distribution_type_id, ordering) VALUES ((select id from parameter where name='num_parallel_tree' and model_id=(select id from model where name='xgboost_classifier')), (select id from parameter_type where name='integer'), (select id from parameter_distribution_type where name='uniform'), 0);
INSERT INTO parameter_type_definition(parameter_id, parameter_type_id, parameter_distribution_type_id, ordering) VALUES ((select id from parameter where name='reg_alpha' and model_id=(select id from model where name='xgboost_classifier')), (select id from parameter_type where name='float'), (select id from parameter_distribution_type where name='uniform'), 0);
INSERT INTO parameter_type_definition(parameter_id, parameter_type_id, parameter_distribution_type_id, ordering) VALUES ((select id from parameter where name='reg_lambda' and model_id=(select id from model where name='xgboost_classifier')), (select id from parameter_type where name='float'), (select id from parameter_distribution_type where name='uniform'), 0);
INSERT INTO parameter_type_definition(parameter_id, parameter_type_id, parameter_distribution_type_id, ordering) VALUES ((select id from parameter where name='scale_pos_weight' and model_id=(select id from model where name='xgboost_classifier')), (select id from parameter_type where name='categorical'), (select id from parameter_distribution_type where name='uniform'), 0);
INSERT INTO parameter_type_definition(parameter_id, parameter_type_id, parameter_distribution_type_id, ordering) VALUES ((select id from parameter where name='scale_pos_weight' and model_id=(select id from model where name='xgboost_classifier')), (select id from parameter_type where name='float'), (select id from parameter_distribution_type where name='uniform'), 1);
INSERT INTO parameter_type_definition(parameter_id, parameter_type_id, parameter_distribution_type_id, ordering) VALUES ((select id from parameter where name='subsample' and model_id=(select id from model where name='xgboost_classifier')), (select id from parameter_type where name='float'), (select id from parameter_distribution_type where name='uniform'), 0);
INSERT INTO parameter_type_definition(parameter_id, parameter_type_id, parameter_distribution_type_id, ordering) VALUES ((select id from parameter where name='tree_method' and model_id=(select id from model where name='xgboost_classifier')), (select id from parameter_type where name='categorical'), (select id from parameter_distribution_type where name='uniform'), 0);
INSERT INTO categorical_parameter(parameter_type_definition_id, default_value) VALUES ((select id from parameter_type_definition where parameter_id=(select id from parameter where name='booster' and model_id=(select id from model where name='xgboost_classifier') and parameter_type_id=(select id from parameter_type where name='categorical'))), 'gbtree');
INSERT INTO categorical_parameter_value(parameter_type_definition_id, value) VALUES ((select id from parameter_type_definition where parameter_id=(select id from parameter where name='booster' and model_id=(select id from model where name='xgboost_classifier') and parameter_type_id=(select id from parameter_type where name='categorical'))), 'dart');
INSERT INTO categorical_parameter_value(parameter_type_definition_id, value) VALUES ((select id from parameter_type_definition where parameter_id=(select id from parameter where name='booster' and model_id=(select id from model where name='xgboost_classifier') and parameter_type_id=(select id from parameter_type where name='categorical'))), 'gbtree');
INSERT INTO float_parameter(parameter_type_definition_id, default_value) VALUES ((select id from parameter_type_definition where parameter_id=(select id from parameter where name='colsample_bylevel' and model_id=(select id from model where name='xgboost_classifier') and parameter_type_id=(select id from parameter_type where name='float'))), 1.000000);
INSERT INTO float_parameter_range(parameter_type_definition_id, is_left_open, is_right_open, lower, upper) VALUES ((select id from parameter_type_definition where parameter_id=(select id from parameter where name='colsample_bylevel' and model_id=(select id from model where name='xgboost_classifier') and parameter_type_id=(select id from parameter_type where name='float'))), true, true, 0.100000, 1.000000);
INSERT INTO float_parameter(parameter_type_definition_id, default_value) VALUES ((select id from parameter_type_definition where parameter_id=(select id from parameter where name='colsample_bynode' and model_id=(select id from model where name='xgboost_classifier') and parameter_type_id=(select id from parameter_type where name='float'))), 1.000000);
INSERT INTO float_parameter_range(parameter_type_definition_id, is_left_open, is_right_open, lower, upper) VALUES ((select id from parameter_type_definition where parameter_id=(select id from parameter where name='colsample_bynode' and model_id=(select id from model where name='xgboost_classifier') and parameter_type_id=(select id from parameter_type where name='float'))), true, true, 0.100000, 1.000000);
INSERT INTO float_parameter(parameter_type_definition_id, default_value) VALUES ((select id from parameter_type_definition where parameter_id=(select id from parameter where name='colsample_bytree' and model_id=(select id from model where name='xgboost_classifier') and parameter_type_id=(select id from parameter_type where name='float'))), 1.000000);
INSERT INTO float_parameter_range(parameter_type_definition_id, is_left_open, is_right_open, lower, upper) VALUES ((select id from parameter_type_definition where parameter_id=(select id from parameter where name='colsample_bytree' and model_id=(select id from model where name='xgboost_classifier') and parameter_type_id=(select id from parameter_type where name='float'))), true, true, 0.100000, 1.000000);
INSERT INTO float_parameter(parameter_type_definition_id, default_value) VALUES ((select id from parameter_type_definition where parameter_id=(select id from parameter where name='gamma' and model_id=(select id from model where name='xgboost_classifier') and parameter_type_id=(select id from parameter_type where name='float'))), 0.000000);
INSERT INTO float_parameter_range(parameter_type_definition_id, is_left_open, is_right_open, lower, upper) VALUES ((select id from parameter_type_definition where parameter_id=(select id from parameter where name='gamma' and model_id=(select id from model where name='xgboost_classifier') and parameter_type_id=(select id from parameter_type where name='float'))), true, true, 0.000000, 10.000000);
INSERT INTO float_parameter(parameter_type_definition_id, default_value) VALUES ((select id from parameter_type_definition where parameter_id=(select id from parameter where name='learning_rate' and model_id=(select id from model where name='xgboost_classifier') and parameter_type_id=(select id from parameter_type where name='float'))), 0.300000);
INSERT INTO float_parameter_range(parameter_type_definition_id, is_left_open, is_right_open, lower, upper) VALUES ((select id from parameter_type_definition where parameter_id=(select id from parameter where name='learning_rate' and model_id=(select id from model where name='xgboost_classifier') and parameter_type_id=(select id from parameter_type where name='float'))), true, true, 0.000100, 1.000000);
INSERT INTO float_parameter(parameter_type_definition_id, default_value) VALUES ((select id from parameter_type_definition where parameter_id=(select id from parameter where name='max_delta_step' and model_id=(select id from model where name='xgboost_classifier') and parameter_type_id=(select id from parameter_type where name='float'))), 0.000000);
INSERT INTO float_parameter_range(parameter_type_definition_id, is_left_open, is_right_open, lower, upper) VALUES ((select id from parameter_type_definition where parameter_id=(select id from parameter where name='max_delta_step' and model_id=(select id from model where name='xgboost_classifier') and parameter_type_id=(select id from parameter_type where name='float'))), true, true, 0.000000, 1000.000000);
INSERT INTO integer_parameter(parameter_type_definition_id, default_value) VALUES ((select id from parameter_type_definition where parameter_id=(select id from parameter where name='max_depth' and model_id=(select id from model where name='xgboost_classifier') and parameter_type_id=(select id from parameter_type where name='integer'))), 10);
INSERT INTO integer_parameter_value(parameter_type_definition_id, lower, upper) VALUES ((select id from parameter_type_definition where parameter_id=(select id from parameter where name='max_depth' and model_id=(select id from model where name='xgboost_classifier') and parameter_type_id=(select id from parameter_type where name='integer'))), 3, 17);
INSERT INTO float_parameter(parameter_type_definition_id, default_value) VALUES ((select id from parameter_type_definition where parameter_id=(select id from parameter where name='min_child_weight' and model_id=(select id from model where name='xgboost_classifier') and parameter_type_id=(select id from parameter_type where name='float'))), 1.000000);
INSERT INTO float_parameter_range(parameter_type_definition_id, is_left_open, is_right_open, lower, upper) VALUES ((select id from parameter_type_definition where parameter_id=(select id from parameter where name='min_child_weight' and model_id=(select id from model where name='xgboost_classifier') and parameter_type_id=(select id from parameter_type where name='float'))), true, true, 0.000000, 10.000000);
INSERT INTO integer_parameter(parameter_type_definition_id, default_value) VALUES ((select id from parameter_type_definition where parameter_id=(select id from parameter where name='n_estimators' and model_id=(select id from model where name='xgboost_classifier') and parameter_type_id=(select id from parameter_type where name='integer'))), 100);
INSERT INTO integer_parameter_value(parameter_type_definition_id, lower, upper) VALUES ((select id from parameter_type_definition where parameter_id=(select id from parameter where name='n_estimators' and model_id=(select id from model where name='xgboost_classifier') and parameter_type_id=(select id from parameter_type where name='integer'))), 10, 101);
INSERT INTO integer_parameter(parameter_type_definition_id, default_value) VALUES ((select id from parameter_type_definition where parameter_id=(select id from parameter where name='num_parallel_tree' and model_id=(select id from model where name='xgboost_classifier') and parameter_type_id=(select id from parameter_type where name='integer'))), 1);
INSERT INTO integer_parameter_value(parameter_type_definition_id, lower, upper) VALUES ((select id from parameter_type_definition where parameter_id=(select id from parameter where name='num_parallel_tree' and model_id=(select id from model where name='xgboost_classifier') and parameter_type_id=(select id from parameter_type where name='integer'))), 1, 101);
INSERT INTO float_parameter(parameter_type_definition_id, default_value) VALUES ((select id from parameter_type_definition where parameter_id=(select id from parameter where name='reg_alpha' and model_id=(select id from model where name='xgboost_classifier') and parameter_type_id=(select id from parameter_type where name='float'))), 0.000000);
INSERT INTO float_parameter_range(parameter_type_definition_id, is_left_open, is_right_open, lower, upper) VALUES ((select id from parameter_type_definition where parameter_id=(select id from parameter where name='reg_alpha' and model_id=(select id from model where name='xgboost_classifier') and parameter_type_id=(select id from parameter_type where name='float'))), true, true, 0.000000, 1.000000);
INSERT INTO float_parameter(parameter_type_definition_id, default_value) VALUES ((select id from parameter_type_definition where parameter_id=(select id from parameter where name='reg_lambda' and model_id=(select id from model where name='xgboost_classifier') and parameter_type_id=(select id from parameter_type where name='float'))), 1.000000);
INSERT INTO float_parameter_range(parameter_type_definition_id, is_left_open, is_right_open, lower, upper) VALUES ((select id from parameter_type_definition where parameter_id=(select id from parameter where name='reg_lambda' and model_id=(select id from model where name='xgboost_classifier') and parameter_type_id=(select id from parameter_type where name='float'))), true, true, 0.000000, 10.000000);
INSERT INTO categorical_parameter(parameter_type_definition_id, default_value) VALUES ((select id from parameter_type_definition where parameter_id=(select id from parameter where name='scale_pos_weight' and model_id=(select id from model where name='xgboost_classifier') and parameter_type_id=(select id from parameter_type where name='categorical'))), 'None');
INSERT INTO categorical_parameter_value(parameter_type_definition_id, value) VALUES ((select id from parameter_type_definition where parameter_id=(select id from parameter where name='scale_pos_weight' and model_id=(select id from model where name='xgboost_classifier') and parameter_type_id=(select id from parameter_type where name='categorical'))), 'None');
INSERT INTO float_parameter(parameter_type_definition_id, default_value) VALUES ((select id from parameter_type_definition where parameter_id=(select id from parameter where name='scale_pos_weight' and model_id=(select id from model where name='xgboost_classifier') and parameter_type_id=(select id from parameter_type where name='float'))), null);
INSERT INTO float_parameter_range(parameter_type_definition_id, is_left_open, is_right_open, lower, upper) VALUES ((select id from parameter_type_definition where parameter_id=(select id from parameter where name='scale_pos_weight' and model_id=(select id from model where name='xgboost_classifier') and parameter_type_id=(select id from parameter_type where name='float'))), true, true, 0.000000, 100.000000);
INSERT INTO float_parameter(parameter_type_definition_id, default_value) VALUES ((select id from parameter_type_definition where parameter_id=(select id from parameter where name='subsample' and model_id=(select id from model where name='xgboost_classifier') and parameter_type_id=(select id from parameter_type where name='float'))), 1.000000);
INSERT INTO float_parameter_range(parameter_type_definition_id, is_left_open, is_right_open, lower, upper) VALUES ((select id from parameter_type_definition where parameter_id=(select id from parameter where name='subsample' and model_id=(select id from model where name='xgboost_classifier') and parameter_type_id=(select id from parameter_type where name='float'))), true, true, 0.000100, 1.000000);
INSERT INTO categorical_parameter(parameter_type_definition_id, default_value) VALUES ((select id from parameter_type_definition where parameter_id=(select id from parameter where name='tree_method' and model_id=(select id from model where name='xgboost_classifier') and parameter_type_id=(select id from parameter_type where name='categorical'))), 'hist');
INSERT INTO categorical_parameter_value(parameter_type_definition_id, value) VALUES ((select id from parameter_type_definition where parameter_id=(select id from parameter where name='tree_method' and model_id=(select id from model where name='xgboost_classifier') and parameter_type_id=(select id from parameter_type where name='categorical'))), 'hist');
INSERT INTO categorical_parameter_value(parameter_type_definition_id, value) VALUES ((select id from parameter_type_definition where parameter_id=(select id from parameter where name='tree_method' and model_id=(select id from model where name='xgboost_classifier') and parameter_type_id=(select id from parameter_type where name='categorical'))), 'gpu_hist');
INSERT INTO categorical_parameter_value(parameter_type_definition_id, value) VALUES ((select id from parameter_type_definition where parameter_id=(select id from parameter where name='tree_method' and model_id=(select id from model where name='xgboost_classifier') and parameter_type_id=(select id from parameter_type where name='categorical'))), 'exact');
INSERT INTO categorical_parameter_value(parameter_type_definition_id, value) VALUES ((select id from parameter_type_definition where parameter_id=(select id from parameter where name='tree_method' and model_id=(select id from model where name='xgboost_classifier') and parameter_type_id=(select id from parameter_type where name='categorical'))), 'approx');
