INSERT INTO dependency_type(name,dependency_group_id) VALUES ('catboost',(select id from dependency_group_type where name='catboost'));
INSERT INTO revinfo(rev,revtstmp) VALUES ( COALESCE (( select max(rev)+1 from revinfo), 1 ), '2024-04-17 16:31:23');
INSERT INTO dependency_type_AUD(id, name, dependency_group_id, rev, revtype, created_at, updated_at) VALUES ((select id from dependency_type where name='catboost'), 'catboost', (select id from dependency_group_type where name='catboost'), (select max(rev) from revinfo),0,'2024-04-17 16:31:23','2024-04-17 16:31:23');
INSERT INTO dependency_type(name,dependency_group_id) VALUES ('darts',(select id from dependency_group_type where name='darts'));
INSERT INTO revinfo(rev,revtstmp) VALUES ( COALESCE (( select max(rev)+1 from revinfo), 1 ), '2024-04-17 16:31:23');
INSERT INTO dependency_type_AUD(id, name, dependency_group_id, rev, revtype, created_at, updated_at) VALUES ((select id from dependency_type where name='darts'), 'darts', (select id from dependency_group_type where name='darts'), (select max(rev) from revinfo),0,'2024-04-17 16:31:23','2024-04-17 16:31:23');
INSERT INTO dependency_type(name,dependency_group_id) VALUES ('tensorboardx',(select id from dependency_group_type where name='darts'));
INSERT INTO revinfo(rev,revtstmp) VALUES ( COALESCE (( select max(rev)+1 from revinfo), 1 ), '2024-04-17 16:31:23');
INSERT INTO dependency_type_AUD(id, name, dependency_group_id, rev, revtype, created_at, updated_at) VALUES ((select id from dependency_type where name='tensorboardx'), 'tensorboardx', (select id from dependency_group_type where name='darts'), (select max(rev) from revinfo),0,'2024-04-17 16:31:23','2024-04-17 16:31:23');
INSERT INTO dependency_type(name,dependency_group_id) VALUES ('holidays',(select id from dependency_group_type where name='darts'));
INSERT INTO revinfo(rev,revtstmp) VALUES ( COALESCE (( select max(rev)+1 from revinfo), 1 ), '2024-04-17 16:31:23');
INSERT INTO dependency_type_AUD(id, name, dependency_group_id, rev, revtype, created_at, updated_at) VALUES ((select id from dependency_type where name='holidays'), 'holidays', (select id from dependency_group_type where name='darts'), (select max(rev) from revinfo),0,'2024-04-17 16:31:23','2024-04-17 16:31:23');
INSERT INTO dependency_type(name,dependency_group_id) VALUES ('ipython',(select id from dependency_group_type where name='darts'));
INSERT INTO revinfo(rev,revtstmp) VALUES ( COALESCE (( select max(rev)+1 from revinfo), 1 ), '2024-04-17 16:31:23');
INSERT INTO dependency_type_AUD(id, name, dependency_group_id, rev, revtype, created_at, updated_at) VALUES ((select id from dependency_type where name='ipython'), 'ipython', (select id from dependency_group_type where name='darts'), (select max(rev) from revinfo),0,'2024-04-17 16:31:23','2024-04-17 16:31:23');
INSERT INTO dependency_type(name,dependency_group_id) VALUES ('transformers',(select id from dependency_group_type where name='huggingface'));
INSERT INTO revinfo(rev,revtstmp) VALUES ( COALESCE (( select max(rev)+1 from revinfo), 1 ), '2024-04-17 16:31:23');
INSERT INTO dependency_type_AUD(id, name, dependency_group_id, rev, revtype, created_at, updated_at) VALUES ((select id from dependency_type where name='transformers'), 'transformers', (select id from dependency_group_type where name='huggingface'), (select max(rev) from revinfo),0,'2024-04-17 16:31:23','2024-04-17 16:31:23');
INSERT INTO dependency_type(name,dependency_group_id) VALUES ('datasets',(select id from dependency_group_type where name='huggingface'));
INSERT INTO revinfo(rev,revtstmp) VALUES ( COALESCE (( select max(rev)+1 from revinfo), 1 ), '2024-04-17 16:31:23');
INSERT INTO dependency_type_AUD(id, name, dependency_group_id, rev, revtype, created_at, updated_at) VALUES ((select id from dependency_type where name='datasets'), 'datasets', (select id from dependency_group_type where name='huggingface'), (select max(rev) from revinfo),0,'2024-04-17 16:31:23','2024-04-17 16:31:23');
INSERT INTO dependency_type(name,dependency_group_id) VALUES ('scikit-learn-intelex',(select id from dependency_group_type where name='intelex'));
INSERT INTO revinfo(rev,revtstmp) VALUES ( COALESCE (( select max(rev)+1 from revinfo), 1 ), '2024-04-17 16:31:23');
INSERT INTO dependency_type_AUD(id, name, dependency_group_id, rev, revtype, created_at, updated_at) VALUES ((select id from dependency_type where name='scikit-learn-intelex'), 'scikit-learn-intelex', (select id from dependency_group_type where name='intelex'), (select max(rev) from revinfo),0,'2024-04-17 16:31:23','2024-04-17 16:31:23');
INSERT INTO dependency_type(name,dependency_group_id) VALUES ('lightgbm',(select id from dependency_group_type where name='lightgbm'));
INSERT INTO revinfo(rev,revtstmp) VALUES ( COALESCE (( select max(rev)+1 from revinfo), 1 ), '2024-04-17 16:31:23');
INSERT INTO dependency_type_AUD(id, name, dependency_group_id, rev, revtype, created_at, updated_at) VALUES ((select id from dependency_type where name='lightgbm'), 'lightgbm', (select id from dependency_group_type where name='lightgbm'), (select max(rev) from revinfo),0,'2024-04-17 16:31:23','2024-04-17 16:31:23');
INSERT INTO dependency_type(name,dependency_group_id) VALUES ('sklearn-contrib-lightning',(select id from dependency_group_type where name='lightning'));
INSERT INTO revinfo(rev,revtstmp) VALUES ( COALESCE (( select max(rev)+1 from revinfo), 1 ), '2024-04-17 16:31:23');
INSERT INTO dependency_type_AUD(id, name, dependency_group_id, rev, revtype, created_at, updated_at) VALUES ((select id from dependency_type where name='sklearn-contrib-lightning'), 'sklearn-contrib-lightning', (select id from dependency_group_type where name='lightning'), (select max(rev) from revinfo),0,'2024-04-17 16:31:23','2024-04-17 16:31:23');
INSERT INTO dependency_type(name,dependency_group_id) VALUES ('mrmr-selection',(select id from dependency_group_type where name='stacking'));
INSERT INTO revinfo(rev,revtstmp) VALUES ( COALESCE (( select max(rev)+1 from revinfo), 1 ), '2024-04-17 16:31:23');
INSERT INTO dependency_type_AUD(id, name, dependency_group_id, rev, revtype, created_at, updated_at) VALUES ((select id from dependency_type where name='mrmr-selection'), 'mrmr-selection', (select id from dependency_group_type where name='stacking'), (select max(rev) from revinfo),0,'2024-04-17 16:31:23','2024-04-17 16:31:23');
INSERT INTO dependency_type(name,dependency_group_id) VALUES ('polars',(select id from dependency_group_type where name='stacking'));
INSERT INTO revinfo(rev,revtstmp) VALUES ( COALESCE (( select max(rev)+1 from revinfo), 1 ), '2024-04-17 16:31:23');
INSERT INTO dependency_type_AUD(id, name, dependency_group_id, rev, revtype, created_at, updated_at) VALUES ((select id from dependency_type where name='polars'), 'polars', (select id from dependency_group_type where name='stacking'), (select max(rev) from revinfo),0,'2024-04-17 16:31:23','2024-04-17 16:31:23');
INSERT INTO dependency_type(name,dependency_group_id) VALUES ('statsforecast',(select id from dependency_group_type where name='statsforecast'));
INSERT INTO revinfo(rev,revtstmp) VALUES ( COALESCE (( select max(rev)+1 from revinfo), 1 ), '2024-04-17 16:31:23');
INSERT INTO dependency_type_AUD(id, name, dependency_group_id, rev, revtype, created_at, updated_at) VALUES ((select id from dependency_type where name='statsforecast'), 'statsforecast', (select id from dependency_group_type where name='statsforecast'), (select max(rev) from revinfo),0,'2024-04-17 16:31:23','2024-04-17 16:31:23');
INSERT INTO dependency_type(name,dependency_group_id) VALUES ('sktime',(select id from dependency_group_type where name='sktime'));
INSERT INTO revinfo(rev,revtstmp) VALUES ( COALESCE (( select max(rev)+1 from revinfo), 1 ), '2024-04-17 16:31:23');
INSERT INTO dependency_type_AUD(id, name, dependency_group_id, rev, revtype, created_at, updated_at) VALUES ((select id from dependency_type where name='sktime'), 'sktime', (select id from dependency_group_type where name='sktime'), (select max(rev) from revinfo),0,'2024-04-17 16:31:23','2024-04-17 16:31:23');
INSERT INTO dependency_type(name,dependency_group_id) VALUES ('pmdarima',(select id from dependency_group_type where name='sktime'));
INSERT INTO revinfo(rev,revtstmp) VALUES ( COALESCE (( select max(rev)+1 from revinfo), 1 ), '2024-04-17 16:31:23');
INSERT INTO dependency_type_AUD(id, name, dependency_group_id, rev, revtype, created_at, updated_at) VALUES ((select id from dependency_type where name='pmdarima'), 'pmdarima', (select id from dependency_group_type where name='sktime'), (select max(rev) from revinfo),0,'2024-04-17 16:31:23','2024-04-17 16:31:23');
INSERT INTO dependency_type(name,dependency_group_id) VALUES ('xgboost',(select id from dependency_group_type where name='xgboost'));
INSERT INTO revinfo(rev,revtstmp) VALUES ( COALESCE (( select max(rev)+1 from revinfo), 1 ), '2024-04-17 16:31:23');
INSERT INTO dependency_type_AUD(id, name, dependency_group_id, rev, revtype, created_at, updated_at) VALUES ((select id from dependency_type where name='xgboost'), 'xgboost', (select id from dependency_group_type where name='xgboost'), (select max(rev) from revinfo),0,'2024-04-17 16:31:23','2024-04-17 16:31:23');
