INSERT INTO model(name, ml_task_id, description, display_name, structure_id, advantages, disadvantages, enabled, ensemble_type_id, family_type_id, decision_tree, model_type_id) VALUES ('ard_regressor', (select id from ml_task_type where name='regression'),'The Automatic Relevance Determination (ARD) model is a Bayesian linear regression model from the scikit-learn library that extends the traditional linear regression model by incorporating priors on the model parameters. It aims to estimate the relevance of each input feature by learning individual regularization parameters for each feature. This results in a form of automatic feature selection, as irrelevant or redundant features are assigned larger regularization parameters, effectively reducing their impact on the model''s predictions. The ARD model uses an iterative optimization process to estimate both the model parameters and the hyperparameters associated with the priors. This Bayesian approach allows the model to quantify the uncertainty in its predictions, providing a measure of confidence alongside the predicted values. The ARD model is particularly useful for regression tasks with high-dimensional data, where the underlying structure of the data is unknown, and automatic feature selection or sparsity is desired.', 'Automatic Relevance Determination Regressor', (select id from model_structure_type where name='base'), '{Automatically selects regularization parameters.,Identifies the most relevant features for the regression task.,Can handle multicollinearity in the input features.,Reduces model complexity by pruning less important features.}', '{Sensitive to the choice of hyperparameters.,May require more iterations to converge compared to other linear regression models.,Not suitable for very large datasets due to computational complexity.}', true, (select id from model_ensemble_type where name='none'),(select id from model_family_type where name='linear'), false, (select id from model_type where name='Bayesian Model'));
INSERT INTO parameter(name, label, description, enabled, fixed_value, ordering, model_id) VALUES ('alpha_1', 'Alpha 1', 'Shape parameter for the Gamma distribution prior over the alpha parameter, which influences the strength of the regularization.', true, false, 1, (select id from Model where name='ard_regressor'));
INSERT INTO parameter(name, label, description, enabled, fixed_value, ordering, model_id) VALUES ('alpha_2', 'Alpha 2', 'Inverse scale parameter (rate parameter) for the Gamma distribution prior over the alpha parameter, which affects the distribution''s shape and scale.', true, false, 2, (select id from Model where name='ard_regressor'));
INSERT INTO parameter(name, label, description, enabled, fixed_value, ordering, model_id) VALUES ('fit_intercept', 'Calculate Intercept', 'Indicates whether to calculate the intercept for this model. If set to False, the data is expected to be centered and no intercept will be used in calculations.', false, false, 3, (select id from Model where name='ard_regressor'));
INSERT INTO parameter(name, label, description, enabled, fixed_value, ordering, model_id) VALUES ('lambda_1', 'Lambda 1', 'Shape parameter for the Gamma distribution prior over the lambda parameter, which influences the strength of the regularization for each feature''s weight.', true, false, 4, (select id from Model where name='ard_regressor'));
INSERT INTO parameter(name, label, description, enabled, fixed_value, ordering, model_id) VALUES ('lambda_2', 'Lambda 2', 'Inverse scale parameter (rate parameter) for the Gamma distribution prior over the lambda parameter, which affects the distribution''s shape and scale for each feature''s weight.', true, false, 5, (select id from Model where name='ard_regressor'));
INSERT INTO parameter(name, label, description, enabled, fixed_value, ordering, model_id) VALUES ('n_iter', 'Number of iterations', 'Maximum number of iterations for the model to converge.', false, false, 6, (select id from Model where name='ard_regressor'));
INSERT INTO parameter(name, label, description, enabled, fixed_value, ordering, model_id) VALUES ('threshold_lambda', 'Threshold lambda', 'Threshold for pruning weights with high precision from the computation, which can help in reducing model complexity.', true, false, 7, (select id from Model where name='ard_regressor'));
INSERT INTO parameter(name, label, description, enabled, fixed_value, ordering, model_id) VALUES ('tol', 'Tolerance', 'Controls the stopping criterion in iterative algorithms, specifying the minimum improvement in the objective function or loss between consecutive iterations required for the algorithm to continue training.', false, false, 8, (select id from Model where name='ard_regressor'));
INSERT INTO rel_model__incompatible_metrics(model_id, metric_id) VALUES ((select id from model where name='ard_regressor'), (select id from metric where name='classification-log-loss'));
INSERT INTO rel_model__incompatible_metrics(model_id, metric_id) VALUES ((select id from model where name='ard_regressor'), (select id from metric where name='classification-roc'));
INSERT INTO parameter_type_definition(parameter_id, parameter_type_id, parameter_distribution_type_id, ordering) VALUES ((select id from parameter where name='alpha_1' and model_id=(select id from model where name='ard_regressor')), (select id from parameter_type where name='float'), (select id from parameter_distribution_type where name='uniform'), 0);
INSERT INTO parameter_type_definition(parameter_id, parameter_type_id, parameter_distribution_type_id, ordering) VALUES ((select id from parameter where name='alpha_2' and model_id=(select id from model where name='ard_regressor')), (select id from parameter_type where name='float'), (select id from parameter_distribution_type where name='uniform'), 0);
INSERT INTO parameter_type_definition(parameter_id, parameter_type_id, parameter_distribution_type_id, ordering) VALUES ((select id from parameter where name='fit_intercept' and model_id=(select id from model where name='ard_regressor')), (select id from parameter_type where name='boolean'), (select id from parameter_distribution_type where name='uniform'), 0);
INSERT INTO parameter_type_definition(parameter_id, parameter_type_id, parameter_distribution_type_id, ordering) VALUES ((select id from parameter where name='lambda_1' and model_id=(select id from model where name='ard_regressor')), (select id from parameter_type where name='float'), (select id from parameter_distribution_type where name='uniform'), 0);
INSERT INTO parameter_type_definition(parameter_id, parameter_type_id, parameter_distribution_type_id, ordering) VALUES ((select id from parameter where name='lambda_2' and model_id=(select id from model where name='ard_regressor')), (select id from parameter_type where name='float'), (select id from parameter_distribution_type where name='uniform'), 0);
INSERT INTO parameter_type_definition(parameter_id, parameter_type_id, parameter_distribution_type_id, ordering) VALUES ((select id from parameter where name='n_iter' and model_id=(select id from model where name='ard_regressor')), (select id from parameter_type where name='integer'), (select id from parameter_distribution_type where name='uniform'), 0);
INSERT INTO parameter_type_definition(parameter_id, parameter_type_id, parameter_distribution_type_id, ordering) VALUES ((select id from parameter where name='threshold_lambda' and model_id=(select id from model where name='ard_regressor')), (select id from parameter_type where name='float'), (select id from parameter_distribution_type where name='uniform'), 0);
INSERT INTO parameter_type_definition(parameter_id, parameter_type_id, parameter_distribution_type_id, ordering) VALUES ((select id from parameter where name='tol' and model_id=(select id from model where name='ard_regressor')), (select id from parameter_type where name='float'), (select id from parameter_distribution_type where name='uniform'), 0);
INSERT INTO float_parameter(parameter_type_definition_id, default_value) VALUES ((select id from parameter_type_definition where parameter_id=(select id from parameter where name='alpha_1' and model_id=(select id from model where name='ard_regressor') and parameter_type_id=(select id from parameter_type where name='float'))), 0.000001);
INSERT INTO float_parameter_range(parameter_type_definition_id, is_left_open, is_right_open, lower, upper) VALUES ((select id from parameter_type_definition where parameter_id=(select id from parameter where name='alpha_1' and model_id=(select id from model where name='ard_regressor') and parameter_type_id=(select id from parameter_type where name='float'))), true, true, 0.000001, 0.300000);
INSERT INTO float_parameter(parameter_type_definition_id, default_value) VALUES ((select id from parameter_type_definition where parameter_id=(select id from parameter where name='alpha_2' and model_id=(select id from model where name='ard_regressor') and parameter_type_id=(select id from parameter_type where name='float'))), 0.000001);
INSERT INTO float_parameter_range(parameter_type_definition_id, is_left_open, is_right_open, lower, upper) VALUES ((select id from parameter_type_definition where parameter_id=(select id from parameter where name='alpha_2' and model_id=(select id from model where name='ard_regressor') and parameter_type_id=(select id from parameter_type where name='float'))), true, true, 0.000001, 0.300000);
INSERT INTO boolean_parameter(parameter_type_definition_id, default_value) VALUES ((select id from parameter_type_definition where parameter_id=(select id from parameter where name='fit_intercept' and model_id=(select id from model where name='ard_regressor') and parameter_type_id=(select id from parameter_type where name='boolean'))), true);
INSERT INTO float_parameter(parameter_type_definition_id, default_value) VALUES ((select id from parameter_type_definition where parameter_id=(select id from parameter where name='lambda_1' and model_id=(select id from model where name='ard_regressor') and parameter_type_id=(select id from parameter_type where name='float'))), 0.000001);
INSERT INTO float_parameter_range(parameter_type_definition_id, is_left_open, is_right_open, lower, upper) VALUES ((select id from parameter_type_definition where parameter_id=(select id from parameter where name='lambda_1' and model_id=(select id from model where name='ard_regressor') and parameter_type_id=(select id from parameter_type where name='float'))), true, true, 0.000001, 0.300000);
INSERT INTO float_parameter(parameter_type_definition_id, default_value) VALUES ((select id from parameter_type_definition where parameter_id=(select id from parameter where name='lambda_2' and model_id=(select id from model where name='ard_regressor') and parameter_type_id=(select id from parameter_type where name='float'))), 0.000001);
INSERT INTO float_parameter_range(parameter_type_definition_id, is_left_open, is_right_open, lower, upper) VALUES ((select id from parameter_type_definition where parameter_id=(select id from parameter where name='lambda_2' and model_id=(select id from model where name='ard_regressor') and parameter_type_id=(select id from parameter_type where name='float'))), true, true, 0.000001, 0.300000);
INSERT INTO integer_parameter(parameter_type_definition_id, default_value) VALUES ((select id from parameter_type_definition where parameter_id=(select id from parameter where name='n_iter' and model_id=(select id from model where name='ard_regressor') and parameter_type_id=(select id from parameter_type where name='integer'))), 300);
INSERT INTO integer_parameter_value(parameter_type_definition_id, lower, upper) VALUES ((select id from parameter_type_definition where parameter_id=(select id from parameter where name='n_iter' and model_id=(select id from model where name='ard_regressor') and parameter_type_id=(select id from parameter_type where name='integer'))), 1, 501);
INSERT INTO float_parameter(parameter_type_definition_id, default_value) VALUES ((select id from parameter_type_definition where parameter_id=(select id from parameter where name='threshold_lambda' and model_id=(select id from model where name='ard_regressor') and parameter_type_id=(select id from parameter_type where name='float'))), 10000.000000);
INSERT INTO float_parameter_range(parameter_type_definition_id, is_left_open, is_right_open, lower, upper) VALUES ((select id from parameter_type_definition where parameter_id=(select id from parameter where name='threshold_lambda' and model_id=(select id from model where name='ard_regressor') and parameter_type_id=(select id from parameter_type where name='float'))), true, true, 0.000000, 10000.000000);
INSERT INTO float_parameter(parameter_type_definition_id, default_value) VALUES ((select id from parameter_type_definition where parameter_id=(select id from parameter where name='tol' and model_id=(select id from model where name='ard_regressor') and parameter_type_id=(select id from parameter_type where name='float'))), 0.001000);
INSERT INTO float_parameter_range(parameter_type_definition_id, is_left_open, is_right_open, lower, upper) VALUES ((select id from parameter_type_definition where parameter_id=(select id from parameter where name='tol' and model_id=(select id from model where name='ard_regressor') and parameter_type_id=(select id from parameter_type where name='float'))), true, true, 0.001000, 0.100000);
INSERT INTO model(name, ml_task_id, description, display_name, structure_id, advantages, disadvantages, enabled, ensemble_type_id, family_type_id, decision_tree, model_type_id) VALUES ('bayesian_ridge_regressor', (select id from ml_task_type where name='regression'),'Bayesian Ridge Regressor is a specialized type of Bayesian regression and uses a spherical Gaussian prior to fit the weights, which is also similar to the classical Ridge model.', 'Bayesian Ridge Regressor', (select id from model_structure_type where name='base'), '{It adapts to the data at hand,It can be used to include regularization parameters in the estimation procedure}', '{Inference of the model can be time consuming}', true, (select id from model_ensemble_type where name='none'),(select id from model_family_type where name='other'), false, (select id from model_type where name='Bayesian Model'));
INSERT INTO parameter(name, label, description, enabled, fixed_value, ordering, model_id) VALUES ('alpha_1', 'Alpha 1', 'Hyper-parameter : shape parameter for the Gamma distribution prior over the alpha parameter.', true, false, 1, (select id from Model where name='bayesian_ridge_regressor'));
INSERT INTO parameter(name, label, description, enabled, fixed_value, ordering, model_id) VALUES ('alpha_2', 'Alpha 2', 'Hyper-parameter : inverse scale parameter (rate parameter) for the Gamma distribution prior over the alpha parameter.', true, false, 2, (select id from Model where name='bayesian_ridge_regressor'));
INSERT INTO parameter(name, label, description, enabled, fixed_value, ordering, model_id) VALUES ('alpha_init', 'Alpha init', 'Initial value for alpha (precision of the noise). If not set, alpha_init is 1/Var(y).', false, false, 3, (select id from Model where name='bayesian_ridge_regressor'));
INSERT INTO parameter(name, label, description, enabled, fixed_value, ordering, model_id) VALUES ('fit_intercept', 'Calculate Intercept', 'Whether to calculate the intercept for this model. If set to False, no intercept will be used in calculations (i.e. data is expected to be centered).', false, false, 4, (select id from Model where name='bayesian_ridge_regressor'));
INSERT INTO parameter(name, label, description, enabled, fixed_value, ordering, model_id) VALUES ('lambda_1', 'Lambda 1', 'Hyper-parameter : shape parameter for the Gamma distribution prior over the lambda parameter.', true, false, 5, (select id from Model where name='bayesian_ridge_regressor'));
INSERT INTO parameter(name, label, description, enabled, fixed_value, ordering, model_id) VALUES ('lambda_2', 'Lambda 2', 'Hyper-parameter : inverse scale parameter (rate parameter) for the Gamma distribution prior over the lambda parameter.', true, false, 6, (select id from Model where name='bayesian_ridge_regressor'));
INSERT INTO parameter(name, label, description, enabled, fixed_value, ordering, model_id) VALUES ('lambda_init', 'Lambda init', 'Initial value for lambda (precision of the weights). If not set, lambda_init is 1.', false, false, 7, (select id from Model where name='bayesian_ridge_regressor'));
INSERT INTO parameter(name, label, description, enabled, fixed_value, ordering, model_id) VALUES ('n_iter', 'Number of iterations', 'Maximum number of iterations.', false, false, 8, (select id from Model where name='bayesian_ridge_regressor'));
INSERT INTO parameter(name, label, description, enabled, fixed_value, ordering, model_id) VALUES ('tol', 'Tolerance', 'Maximum norm of the residual.', false, false, 9, (select id from Model where name='bayesian_ridge_regressor'));
INSERT INTO rel_model__incompatible_metrics(model_id, metric_id) VALUES ((select id from model where name='bayesian_ridge_regressor'), (select id from metric where name='classification-log-loss'));
INSERT INTO rel_model__incompatible_metrics(model_id, metric_id) VALUES ((select id from model where name='bayesian_ridge_regressor'), (select id from metric where name='classification-roc'));
INSERT INTO parameter_type_definition(parameter_id, parameter_type_id, parameter_distribution_type_id, ordering) VALUES ((select id from parameter where name='alpha_1' and model_id=(select id from model where name='bayesian_ridge_regressor')), (select id from parameter_type where name='float'), (select id from parameter_distribution_type where name='uniform'), 0);
INSERT INTO parameter_type_definition(parameter_id, parameter_type_id, parameter_distribution_type_id, ordering) VALUES ((select id from parameter where name='alpha_2' and model_id=(select id from model where name='bayesian_ridge_regressor')), (select id from parameter_type where name='float'), (select id from parameter_distribution_type where name='uniform'), 0);
INSERT INTO parameter_type_definition(parameter_id, parameter_type_id, parameter_distribution_type_id, ordering) VALUES ((select id from parameter where name='alpha_init' and model_id=(select id from model where name='bayesian_ridge_regressor')), (select id from parameter_type where name='categorical'), (select id from parameter_distribution_type where name='uniform'), 0);
INSERT INTO parameter_type_definition(parameter_id, parameter_type_id, parameter_distribution_type_id, ordering) VALUES ((select id from parameter where name='alpha_init' and model_id=(select id from model where name='bayesian_ridge_regressor')), (select id from parameter_type where name='float'), (select id from parameter_distribution_type where name='uniform'), 1);
INSERT INTO parameter_type_definition(parameter_id, parameter_type_id, parameter_distribution_type_id, ordering) VALUES ((select id from parameter where name='fit_intercept' and model_id=(select id from model where name='bayesian_ridge_regressor')), (select id from parameter_type where name='boolean'), (select id from parameter_distribution_type where name='uniform'), 0);
INSERT INTO parameter_type_definition(parameter_id, parameter_type_id, parameter_distribution_type_id, ordering) VALUES ((select id from parameter where name='lambda_1' and model_id=(select id from model where name='bayesian_ridge_regressor')), (select id from parameter_type where name='float'), (select id from parameter_distribution_type where name='uniform'), 0);
INSERT INTO parameter_type_definition(parameter_id, parameter_type_id, parameter_distribution_type_id, ordering) VALUES ((select id from parameter where name='lambda_2' and model_id=(select id from model where name='bayesian_ridge_regressor')), (select id from parameter_type where name='float'), (select id from parameter_distribution_type where name='uniform'), 0);
INSERT INTO parameter_type_definition(parameter_id, parameter_type_id, parameter_distribution_type_id, ordering) VALUES ((select id from parameter where name='lambda_init' and model_id=(select id from model where name='bayesian_ridge_regressor')), (select id from parameter_type where name='categorical'), (select id from parameter_distribution_type where name='uniform'), 0);
INSERT INTO parameter_type_definition(parameter_id, parameter_type_id, parameter_distribution_type_id, ordering) VALUES ((select id from parameter where name='lambda_init' and model_id=(select id from model where name='bayesian_ridge_regressor')), (select id from parameter_type where name='float'), (select id from parameter_distribution_type where name='uniform'), 1);
INSERT INTO parameter_type_definition(parameter_id, parameter_type_id, parameter_distribution_type_id, ordering) VALUES ((select id from parameter where name='n_iter' and model_id=(select id from model where name='bayesian_ridge_regressor')), (select id from parameter_type where name='integer'), (select id from parameter_distribution_type where name='uniform'), 0);
INSERT INTO parameter_type_definition(parameter_id, parameter_type_id, parameter_distribution_type_id, ordering) VALUES ((select id from parameter where name='tol' and model_id=(select id from model where name='bayesian_ridge_regressor')), (select id from parameter_type where name='float'), (select id from parameter_distribution_type where name='uniform'), 0);
INSERT INTO float_parameter(parameter_type_definition_id, default_value) VALUES ((select id from parameter_type_definition where parameter_id=(select id from parameter where name='alpha_1' and model_id=(select id from model where name='bayesian_ridge_regressor') and parameter_type_id=(select id from parameter_type where name='float'))), 0.000001);
INSERT INTO float_parameter_range(parameter_type_definition_id, is_left_open, is_right_open, lower, upper) VALUES ((select id from parameter_type_definition where parameter_id=(select id from parameter where name='alpha_1' and model_id=(select id from model where name='bayesian_ridge_regressor') and parameter_type_id=(select id from parameter_type where name='float'))), true, true, 0.000001, 0.300000);
INSERT INTO float_parameter(parameter_type_definition_id, default_value) VALUES ((select id from parameter_type_definition where parameter_id=(select id from parameter where name='alpha_2' and model_id=(select id from model where name='bayesian_ridge_regressor') and parameter_type_id=(select id from parameter_type where name='float'))), 0.000001);
INSERT INTO float_parameter_range(parameter_type_definition_id, is_left_open, is_right_open, lower, upper) VALUES ((select id from parameter_type_definition where parameter_id=(select id from parameter where name='alpha_2' and model_id=(select id from model where name='bayesian_ridge_regressor') and parameter_type_id=(select id from parameter_type where name='float'))), true, true, 0.000001, 0.300000);
INSERT INTO categorical_parameter(parameter_type_definition_id, default_value) VALUES ((select id from parameter_type_definition where parameter_id=(select id from parameter where name='alpha_init' and model_id=(select id from model where name='bayesian_ridge_regressor') and parameter_type_id=(select id from parameter_type where name='categorical'))), 'None');
INSERT INTO categorical_parameter_value(parameter_type_definition_id, value) VALUES ((select id from parameter_type_definition where parameter_id=(select id from parameter where name='alpha_init' and model_id=(select id from model where name='bayesian_ridge_regressor') and parameter_type_id=(select id from parameter_type where name='categorical'))), 'None');
INSERT INTO float_parameter(parameter_type_definition_id, default_value) VALUES ((select id from parameter_type_definition where parameter_id=(select id from parameter where name='alpha_init' and model_id=(select id from model where name='bayesian_ridge_regressor') and parameter_type_id=(select id from parameter_type where name='float'))), null);
INSERT INTO float_parameter_range(parameter_type_definition_id, is_left_open, is_right_open, lower, upper) VALUES ((select id from parameter_type_definition where parameter_id=(select id from parameter where name='alpha_init' and model_id=(select id from model where name='bayesian_ridge_regressor') and parameter_type_id=(select id from parameter_type where name='float'))), true, true, 0.000000, 1.000000);
INSERT INTO boolean_parameter(parameter_type_definition_id, default_value) VALUES ((select id from parameter_type_definition where parameter_id=(select id from parameter where name='fit_intercept' and model_id=(select id from model where name='bayesian_ridge_regressor') and parameter_type_id=(select id from parameter_type where name='boolean'))), true);
INSERT INTO float_parameter(parameter_type_definition_id, default_value) VALUES ((select id from parameter_type_definition where parameter_id=(select id from parameter where name='lambda_1' and model_id=(select id from model where name='bayesian_ridge_regressor') and parameter_type_id=(select id from parameter_type where name='float'))), 0.000001);
INSERT INTO float_parameter_range(parameter_type_definition_id, is_left_open, is_right_open, lower, upper) VALUES ((select id from parameter_type_definition where parameter_id=(select id from parameter where name='lambda_1' and model_id=(select id from model where name='bayesian_ridge_regressor') and parameter_type_id=(select id from parameter_type where name='float'))), true, true, 0.000001, 0.300000);
INSERT INTO float_parameter(parameter_type_definition_id, default_value) VALUES ((select id from parameter_type_definition where parameter_id=(select id from parameter where name='lambda_2' and model_id=(select id from model where name='bayesian_ridge_regressor') and parameter_type_id=(select id from parameter_type where name='float'))), 0.000001);
INSERT INTO float_parameter_range(parameter_type_definition_id, is_left_open, is_right_open, lower, upper) VALUES ((select id from parameter_type_definition where parameter_id=(select id from parameter where name='lambda_2' and model_id=(select id from model where name='bayesian_ridge_regressor') and parameter_type_id=(select id from parameter_type where name='float'))), true, true, 0.000001, 0.300000);
INSERT INTO categorical_parameter(parameter_type_definition_id, default_value) VALUES ((select id from parameter_type_definition where parameter_id=(select id from parameter where name='lambda_init' and model_id=(select id from model where name='bayesian_ridge_regressor') and parameter_type_id=(select id from parameter_type where name='categorical'))), 'None');
INSERT INTO categorical_parameter_value(parameter_type_definition_id, value) VALUES ((select id from parameter_type_definition where parameter_id=(select id from parameter where name='lambda_init' and model_id=(select id from model where name='bayesian_ridge_regressor') and parameter_type_id=(select id from parameter_type where name='categorical'))), 'None');
INSERT INTO float_parameter(parameter_type_definition_id, default_value) VALUES ((select id from parameter_type_definition where parameter_id=(select id from parameter where name='lambda_init' and model_id=(select id from model where name='bayesian_ridge_regressor') and parameter_type_id=(select id from parameter_type where name='float'))), null);
INSERT INTO float_parameter_range(parameter_type_definition_id, is_left_open, is_right_open, lower, upper) VALUES ((select id from parameter_type_definition where parameter_id=(select id from parameter where name='lambda_init' and model_id=(select id from model where name='bayesian_ridge_regressor') and parameter_type_id=(select id from parameter_type where name='float'))), true, true, 0.000000, 1.000000);
INSERT INTO integer_parameter(parameter_type_definition_id, default_value) VALUES ((select id from parameter_type_definition where parameter_id=(select id from parameter where name='n_iter' and model_id=(select id from model where name='bayesian_ridge_regressor') and parameter_type_id=(select id from parameter_type where name='integer'))), 300);
INSERT INTO integer_parameter_value(parameter_type_definition_id, lower, upper) VALUES ((select id from parameter_type_definition where parameter_id=(select id from parameter where name='n_iter' and model_id=(select id from model where name='bayesian_ridge_regressor') and parameter_type_id=(select id from parameter_type where name='integer'))), 1, 501);
INSERT INTO float_parameter(parameter_type_definition_id, default_value) VALUES ((select id from parameter_type_definition where parameter_id=(select id from parameter where name='tol' and model_id=(select id from model where name='bayesian_ridge_regressor') and parameter_type_id=(select id from parameter_type where name='float'))), 0.001000);
INSERT INTO float_parameter_range(parameter_type_definition_id, is_left_open, is_right_open, lower, upper) VALUES ((select id from parameter_type_definition where parameter_id=(select id from parameter where name='tol' and model_id=(select id from model where name='bayesian_ridge_regressor') and parameter_type_id=(select id from parameter_type where name='float'))), true, true, 0.001000, 0.100000);
INSERT INTO model(name, ml_task_id, description, display_name, structure_id, advantages, disadvantages, enabled, ensemble_type_id, family_type_id, decision_tree, model_type_id) VALUES ('decision_tree_regressor', (select id from ml_task_type where name='regression'),'Decision Trees Regressor predicts the value of a target variable by learning simple decision rules inferred from the data features.', 'Decision Tree Regressor', (select id from model_structure_type where name='base'), '{It requires no pre-processing of data like the normalization and the scaling of data  Missing values in the data also do not affect}', '{A small change in the data can cause a large change,It is computational expensive}', true, (select id from model_ensemble_type where name='none'),(select id from model_family_type where name='tree'), true, (select id from model_type where name='Tree-Based Model'));
INSERT INTO rel_model__groups(model_id, group_id) VALUES ((select id from Model where name='decision_tree_regressor'),(select id from model_group_type where name='fast'));
INSERT INTO rel_model__groups(model_id, group_id) VALUES ((select id from Model where name='decision_tree_regressor'),(select id from model_group_type where name='explainable'));
INSERT INTO parameter(name, label, description, enabled, fixed_value, ordering, model_id) VALUES ('ccp_alpha', 'Cost-Complexity Pruning alpha', 'Complexity parameter used for Minimal Cost-Complexity Pruning. The subtree with the largest cost complexity that is smaller than ccp_alpha will be chosen. By default, no pruning is performed.', true, false, 1, (select id from Model where name='decision_tree_regressor'));
INSERT INTO parameter(name, label, description, enabled, fixed_value, ordering, model_id) VALUES ('criterion', 'Criterion', 'The function to measure the quality of a split.', false, false, 2, (select id from Model where name='decision_tree_regressor'));
INSERT INTO parameter(name, label, description, enabled, fixed_value, ordering, model_id) VALUES ('max_depth', 'Maximum depth', 'The maximum depth of the tree. If None, then nodes are expanded until all leaves are pure or until all leaves contain less than min_samples_split samples.', true, false, 3, (select id from Model where name='decision_tree_regressor'));
INSERT INTO parameter(name, label, description, enabled, fixed_value, ordering, model_id) VALUES ('max_leaf_nodes', 'Maximum number of nodes', 'Grow a tree with max_leaf_nodes in best-first fashion. Best nodes are defined as relative reduction in impurity. If None then unlimited number of leaf nodes.', true, false, 4, (select id from Model where name='decision_tree_regressor'));
INSERT INTO parameter(name, label, description, enabled, fixed_value, ordering, model_id) VALUES ('min_impurity_decrease', 'Minimum impurity decrease', 'A node will be split if this split induces a decrease of the impurity greater than or equal to this value.', true, false, 5, (select id from Model where name='decision_tree_regressor'));
INSERT INTO parameter(name, label, description, enabled, fixed_value, ordering, model_id) VALUES ('min_samples_leaf', 'Minimum samples per leaf', 'The minimum number of samples required to be at a leaf node.', false, false, 6, (select id from Model where name='decision_tree_regressor'));
INSERT INTO parameter(name, label, description, enabled, fixed_value, ordering, model_id) VALUES ('min_samples_split', 'Minimum sample split', 'The minimum number of samples required to split an internal node expressed as a fraction of all training samples.', true, false, 7, (select id from Model where name='decision_tree_regressor'));
INSERT INTO parameter(name, label, description, enabled, fixed_value, ordering, model_id) VALUES ('min_weight_fraction_leaf', 'Minimum weighted sum per leaf', 'The minimum weighted fraction of the sum total of weights (of all the input samples) required to be at a leaf node. Samples have equal weight when sample_weight is not provided.', false, false, 8, (select id from Model where name='decision_tree_regressor'));
INSERT INTO parameter(name, label, description, enabled, fixed_value, ordering, model_id) VALUES ('splitter', 'Splitter', 'The strategy used to choose the split at each node.', false, false, 9, (select id from Model where name='decision_tree_regressor'));
INSERT INTO rel_model__incompatible_metrics(model_id, metric_id) VALUES ((select id from model where name='decision_tree_regressor'), (select id from metric where name='classification-log-loss'));
INSERT INTO rel_model__incompatible_metrics(model_id, metric_id) VALUES ((select id from model where name='decision_tree_regressor'), (select id from metric where name='classification-roc'));
INSERT INTO parameter_type_definition(parameter_id, parameter_type_id, parameter_distribution_type_id, ordering) VALUES ((select id from parameter where name='ccp_alpha' and model_id=(select id from model where name='decision_tree_regressor')), (select id from parameter_type where name='float'), (select id from parameter_distribution_type where name='uniform'), 0);
INSERT INTO parameter_type_definition(parameter_id, parameter_type_id, parameter_distribution_type_id, ordering) VALUES ((select id from parameter where name='criterion' and model_id=(select id from model where name='decision_tree_regressor')), (select id from parameter_type where name='categorical'), (select id from parameter_distribution_type where name='uniform'), 0);
INSERT INTO parameter_type_definition(parameter_id, parameter_type_id, parameter_distribution_type_id, ordering) VALUES ((select id from parameter where name='max_depth' and model_id=(select id from model where name='decision_tree_regressor')), (select id from parameter_type where name='integer'), (select id from parameter_distribution_type where name='uniform'), 0);
INSERT INTO parameter_type_definition(parameter_id, parameter_type_id, parameter_distribution_type_id, ordering) VALUES ((select id from parameter where name='max_leaf_nodes' and model_id=(select id from model where name='decision_tree_regressor')), (select id from parameter_type where name='integer'), (select id from parameter_distribution_type where name='uniform'), 0);
INSERT INTO parameter_type_definition(parameter_id, parameter_type_id, parameter_distribution_type_id, ordering) VALUES ((select id from parameter where name='min_impurity_decrease' and model_id=(select id from model where name='decision_tree_regressor')), (select id from parameter_type where name='float'), (select id from parameter_distribution_type where name='uniform'), 0);
INSERT INTO parameter_type_definition(parameter_id, parameter_type_id, parameter_distribution_type_id, ordering) VALUES ((select id from parameter where name='min_samples_leaf' and model_id=(select id from model where name='decision_tree_regressor')), (select id from parameter_type where name='integer'), (select id from parameter_distribution_type where name='uniform'), 0);
INSERT INTO parameter_type_definition(parameter_id, parameter_type_id, parameter_distribution_type_id, ordering) VALUES ((select id from parameter where name='min_samples_split' and model_id=(select id from model where name='decision_tree_regressor')), (select id from parameter_type where name='float'), (select id from parameter_distribution_type where name='uniform'), 0);
INSERT INTO parameter_type_definition(parameter_id, parameter_type_id, parameter_distribution_type_id, ordering) VALUES ((select id from parameter where name='min_weight_fraction_leaf' and model_id=(select id from model where name='decision_tree_regressor')), (select id from parameter_type where name='float'), (select id from parameter_distribution_type where name='uniform'), 0);
INSERT INTO parameter_type_definition(parameter_id, parameter_type_id, parameter_distribution_type_id, ordering) VALUES ((select id from parameter where name='splitter' and model_id=(select id from model where name='decision_tree_regressor')), (select id from parameter_type where name='categorical'), (select id from parameter_distribution_type where name='uniform'), 0);
INSERT INTO float_parameter(parameter_type_definition_id, default_value) VALUES ((select id from parameter_type_definition where parameter_id=(select id from parameter where name='ccp_alpha' and model_id=(select id from model where name='decision_tree_regressor') and parameter_type_id=(select id from parameter_type where name='float'))), 0.000000);
INSERT INTO float_parameter_range(parameter_type_definition_id, is_left_open, is_right_open, lower, upper) VALUES ((select id from parameter_type_definition where parameter_id=(select id from parameter where name='ccp_alpha' and model_id=(select id from model where name='decision_tree_regressor') and parameter_type_id=(select id from parameter_type where name='float'))), true, true, 0.000000, 1.000000);
INSERT INTO categorical_parameter(parameter_type_definition_id, default_value) VALUES ((select id from parameter_type_definition where parameter_id=(select id from parameter where name='criterion' and model_id=(select id from model where name='decision_tree_regressor') and parameter_type_id=(select id from parameter_type where name='categorical'))), 'squared_error');
INSERT INTO categorical_parameter_value(parameter_type_definition_id, value) VALUES ((select id from parameter_type_definition where parameter_id=(select id from parameter where name='criterion' and model_id=(select id from model where name='decision_tree_regressor') and parameter_type_id=(select id from parameter_type where name='categorical'))), 'squared_error');
INSERT INTO categorical_parameter_value(parameter_type_definition_id, value) VALUES ((select id from parameter_type_definition where parameter_id=(select id from parameter where name='criterion' and model_id=(select id from model where name='decision_tree_regressor') and parameter_type_id=(select id from parameter_type where name='categorical'))), 'absolute_error');
INSERT INTO categorical_parameter_value(parameter_type_definition_id, value) VALUES ((select id from parameter_type_definition where parameter_id=(select id from parameter where name='criterion' and model_id=(select id from model where name='decision_tree_regressor') and parameter_type_id=(select id from parameter_type where name='categorical'))), 'friedman_mse');
INSERT INTO integer_parameter(parameter_type_definition_id, default_value) VALUES ((select id from parameter_type_definition where parameter_id=(select id from parameter where name='max_depth' and model_id=(select id from model where name='decision_tree_regressor') and parameter_type_id=(select id from parameter_type where name='integer'))), 10);
INSERT INTO integer_parameter_value(parameter_type_definition_id, lower, upper) VALUES ((select id from parameter_type_definition where parameter_id=(select id from parameter where name='max_depth' and model_id=(select id from model where name='decision_tree_regressor') and parameter_type_id=(select id from parameter_type where name='integer'))), 3, 17);
INSERT INTO integer_parameter(parameter_type_definition_id, default_value) VALUES ((select id from parameter_type_definition where parameter_id=(select id from parameter where name='max_leaf_nodes' and model_id=(select id from model where name='decision_tree_regressor') and parameter_type_id=(select id from parameter_type where name='integer'))), 10000);
INSERT INTO integer_parameter_value(parameter_type_definition_id, lower, upper) VALUES ((select id from parameter_type_definition where parameter_id=(select id from parameter where name='max_leaf_nodes' and model_id=(select id from model where name='decision_tree_regressor') and parameter_type_id=(select id from parameter_type where name='integer'))), 10, 10001);
INSERT INTO float_parameter(parameter_type_definition_id, default_value) VALUES ((select id from parameter_type_definition where parameter_id=(select id from parameter where name='min_impurity_decrease' and model_id=(select id from model where name='decision_tree_regressor') and parameter_type_id=(select id from parameter_type where name='float'))), 0.000000);
INSERT INTO float_parameter_range(parameter_type_definition_id, is_left_open, is_right_open, lower, upper) VALUES ((select id from parameter_type_definition where parameter_id=(select id from parameter where name='min_impurity_decrease' and model_id=(select id from model where name='decision_tree_regressor') and parameter_type_id=(select id from parameter_type where name='float'))), true, true, 0.000000, 1.000000);
INSERT INTO integer_parameter(parameter_type_definition_id, default_value) VALUES ((select id from parameter_type_definition where parameter_id=(select id from parameter where name='min_samples_leaf' and model_id=(select id from model where name='decision_tree_regressor') and parameter_type_id=(select id from parameter_type where name='integer'))), 1);
INSERT INTO integer_parameter_value(parameter_type_definition_id, lower, upper) VALUES ((select id from parameter_type_definition where parameter_id=(select id from parameter where name='min_samples_leaf' and model_id=(select id from model where name='decision_tree_regressor') and parameter_type_id=(select id from parameter_type where name='integer'))), 1, 21);
INSERT INTO float_parameter(parameter_type_definition_id, default_value) VALUES ((select id from parameter_type_definition where parameter_id=(select id from parameter where name='min_samples_split' and model_id=(select id from model where name='decision_tree_regressor') and parameter_type_id=(select id from parameter_type where name='float'))), 0.000100);
INSERT INTO float_parameter_range(parameter_type_definition_id, is_left_open, is_right_open, lower, upper) VALUES ((select id from parameter_type_definition where parameter_id=(select id from parameter where name='min_samples_split' and model_id=(select id from model where name='decision_tree_regressor') and parameter_type_id=(select id from parameter_type where name='float'))), true, true, 0.000100, 0.150000);
INSERT INTO float_parameter(parameter_type_definition_id, default_value) VALUES ((select id from parameter_type_definition where parameter_id=(select id from parameter where name='min_weight_fraction_leaf' and model_id=(select id from model where name='decision_tree_regressor') and parameter_type_id=(select id from parameter_type where name='float'))), 0.000000);
INSERT INTO float_parameter_range(parameter_type_definition_id, is_left_open, is_right_open, lower, upper) VALUES ((select id from parameter_type_definition where parameter_id=(select id from parameter where name='min_weight_fraction_leaf' and model_id=(select id from model where name='decision_tree_regressor') and parameter_type_id=(select id from parameter_type where name='float'))), true, true, 0.000000, 0.500000);
INSERT INTO categorical_parameter(parameter_type_definition_id, default_value) VALUES ((select id from parameter_type_definition where parameter_id=(select id from parameter where name='splitter' and model_id=(select id from model where name='decision_tree_regressor') and parameter_type_id=(select id from parameter_type where name='categorical'))), 'best');
INSERT INTO categorical_parameter_value(parameter_type_definition_id, value) VALUES ((select id from parameter_type_definition where parameter_id=(select id from parameter where name='splitter' and model_id=(select id from model where name='decision_tree_regressor') and parameter_type_id=(select id from parameter_type where name='categorical'))), 'best');
INSERT INTO categorical_parameter_value(parameter_type_definition_id, value) VALUES ((select id from parameter_type_definition where parameter_id=(select id from parameter where name='splitter' and model_id=(select id from model where name='decision_tree_regressor') and parameter_type_id=(select id from parameter_type where name='categorical'))), 'random');
INSERT INTO model(name, ml_task_id, description, display_name, structure_id, advantages, disadvantages, enabled, ensemble_type_id, family_type_id, decision_tree, model_type_id) VALUES ('elastic_net_regressor', (select id from ml_task_type where name='regression'),'The Elastic Net Regressor is a linear regression model that combines the strengths of both Lasso and Ridge regression techniques. By incorporating both L1 and L2 regularization terms, it provides a balanced approach to penalize coefficients, enabling the model to prevent overfitting while dealing effectively with correlated features. It is particularly useful when there are many correlated variables in the dataset, as it tends to distribute feature importance relatively equally among correlated variables while also performing feature selection.', 'Elastic Net Regressor', (select id from model_structure_type where name='base'), '{Versatility in Handling Correlated Features: Elastic Net can effectively manage correlated features by blending L1 and L2 regularizations. This provides a balanced approach that tends to distribute the weight of importance among correlated variables.,Prevents Overfitting While Enabling Feature Selection: Unlike Ridge regression, which can''t set coefficients to zero, or Lasso, which can be inconsistent in high-dimensional spaces, Elastic Net brings the best of both worlds. It helps to prevent overfitting and, at the same time, can shrink less important features'' coefficients to zero, performing automatic feature selection.,Stability and Uniqueness: Elastic Net provides model stability under conditions where Lasso would produce multiple solutions due to highly correlated predictors. The Ridge component of Elastic Net ensures that a unique solution exists, which aids in model interpretability and consistency.}', '{Computational Complexity: Elastic Net requires the tuning of two hyperparameters, which increases computational time and complexity. This can make grid search or other hyperparameter tuning methods more time-consuming compared to simpler models.,Reduced Interpretability: While still more interpretable than many non-linear models, the inclusion of both L1 and L2 regularizations makes Elastic Net somewhat harder to interpret than standard Linear Regression.,Sensitivity to Scaling: Elastic Net is sensitive to the scale of input features. Feature scaling is usually required to ensure that the regularization treats all features equally, adding an extra preprocessing step.}', true, (select id from model_ensemble_type where name='none'),(select id from model_family_type where name='linear'), false, (select id from model_type where name='Linear Model'));
INSERT INTO rel_model__groups(model_id, group_id) VALUES ((select id from Model where name='elastic_net_regressor'),(select id from model_group_type where name='explainable'));
INSERT INTO parameter(name, label, description, enabled, fixed_value, ordering, model_id) VALUES ('alpha', 'Alpha', 'Constant that multiplies the penalty terms.', true, false, 1, (select id from Model where name='elastic_net_regressor'));
INSERT INTO parameter(name, label, description, enabled, fixed_value, ordering, model_id) VALUES ('fit_intercept', 'Calculate Intercept', 'Whether to calculate the intercept for this model. If set to False, no intercept will be used in calculations (i.e. data is expected to be centered).', false, false, 2, (select id from Model where name='elastic_net_regressor'));
INSERT INTO parameter(name, label, description, enabled, fixed_value, ordering, model_id) VALUES ('l1_ratio', 'L1 ratio', 'The Elastic-Net mixing parameter, with 0 <= l1_ratio <= 1.', true, false, 3, (select id from Model where name='elastic_net_regressor'));
INSERT INTO parameter(name, label, description, enabled, fixed_value, ordering, model_id) VALUES ('max_iter', 'Maximum number of iterations', '    Maximum number of iterations taken for the solvers to converge.', true, false, 4, (select id from Model where name='elastic_net_regressor'));
INSERT INTO parameter(name, label, description, enabled, fixed_value, ordering, model_id) VALUES ('positive', 'Positive', 'When set to True, forces the coefficients to be positive.', false, false, 5, (select id from Model where name='elastic_net_regressor'));
INSERT INTO parameter(name, label, description, enabled, fixed_value, ordering, model_id) VALUES ('selection', 'Selection', 'If set to ''random'', a random coefficient is updated every iteration rather than looping over features sequentially by default. This (setting to ''random'') often leads to significantly faster convergence especially when tol is higher than 1e-4.', false, false, 6, (select id from Model where name='elastic_net_regressor'));
INSERT INTO parameter(name, label, description, enabled, fixed_value, ordering, model_id) VALUES ('tol', 'Tolerance', 'Maximum norm of the residual.', true, false, 7, (select id from Model where name='elastic_net_regressor'));
INSERT INTO rel_model__incompatible_metrics(model_id, metric_id) VALUES ((select id from model where name='elastic_net_regressor'), (select id from metric where name='classification-log-loss'));
INSERT INTO rel_model__incompatible_metrics(model_id, metric_id) VALUES ((select id from model where name='elastic_net_regressor'), (select id from metric where name='classification-roc'));
INSERT INTO parameter_type_definition(parameter_id, parameter_type_id, parameter_distribution_type_id, ordering) VALUES ((select id from parameter where name='alpha' and model_id=(select id from model where name='elastic_net_regressor')), (select id from parameter_type where name='float'), (select id from parameter_distribution_type where name='uniform'), 0);
INSERT INTO parameter_type_definition(parameter_id, parameter_type_id, parameter_distribution_type_id, ordering) VALUES ((select id from parameter where name='fit_intercept' and model_id=(select id from model where name='elastic_net_regressor')), (select id from parameter_type where name='boolean'), (select id from parameter_distribution_type where name='uniform'), 0);
INSERT INTO parameter_type_definition(parameter_id, parameter_type_id, parameter_distribution_type_id, ordering) VALUES ((select id from parameter where name='l1_ratio' and model_id=(select id from model where name='elastic_net_regressor')), (select id from parameter_type where name='float'), (select id from parameter_distribution_type where name='uniform'), 0);
INSERT INTO parameter_type_definition(parameter_id, parameter_type_id, parameter_distribution_type_id, ordering) VALUES ((select id from parameter where name='max_iter' and model_id=(select id from model where name='elastic_net_regressor')), (select id from parameter_type where name='integer'), (select id from parameter_distribution_type where name='uniform'), 0);
INSERT INTO parameter_type_definition(parameter_id, parameter_type_id, parameter_distribution_type_id, ordering) VALUES ((select id from parameter where name='positive' and model_id=(select id from model where name='elastic_net_regressor')), (select id from parameter_type where name='boolean'), (select id from parameter_distribution_type where name='uniform'), 0);
INSERT INTO parameter_type_definition(parameter_id, parameter_type_id, parameter_distribution_type_id, ordering) VALUES ((select id from parameter where name='selection' and model_id=(select id from model where name='elastic_net_regressor')), (select id from parameter_type where name='categorical'), (select id from parameter_distribution_type where name='uniform'), 0);
INSERT INTO parameter_type_definition(parameter_id, parameter_type_id, parameter_distribution_type_id, ordering) VALUES ((select id from parameter where name='tol' and model_id=(select id from model where name='elastic_net_regressor')), (select id from parameter_type where name='float'), (select id from parameter_distribution_type where name='uniform'), 0);
INSERT INTO float_parameter(parameter_type_definition_id, default_value) VALUES ((select id from parameter_type_definition where parameter_id=(select id from parameter where name='alpha' and model_id=(select id from model where name='elastic_net_regressor') and parameter_type_id=(select id from parameter_type where name='float'))), 1.000000);
INSERT INTO float_parameter_range(parameter_type_definition_id, is_left_open, is_right_open, lower, upper) VALUES ((select id from parameter_type_definition where parameter_id=(select id from parameter where name='alpha' and model_id=(select id from model where name='elastic_net_regressor') and parameter_type_id=(select id from parameter_type where name='float'))), true, true, 0.000000, 1.000000);
INSERT INTO boolean_parameter(parameter_type_definition_id, default_value) VALUES ((select id from parameter_type_definition where parameter_id=(select id from parameter where name='fit_intercept' and model_id=(select id from model where name='elastic_net_regressor') and parameter_type_id=(select id from parameter_type where name='boolean'))), true);
INSERT INTO float_parameter(parameter_type_definition_id, default_value) VALUES ((select id from parameter_type_definition where parameter_id=(select id from parameter where name='l1_ratio' and model_id=(select id from model where name='elastic_net_regressor') and parameter_type_id=(select id from parameter_type where name='float'))), 0.500000);
INSERT INTO float_parameter_range(parameter_type_definition_id, is_left_open, is_right_open, lower, upper) VALUES ((select id from parameter_type_definition where parameter_id=(select id from parameter where name='l1_ratio' and model_id=(select id from model where name='elastic_net_regressor') and parameter_type_id=(select id from parameter_type where name='float'))), true, true, 0.000000, 1.000000);
INSERT INTO integer_parameter(parameter_type_definition_id, default_value) VALUES ((select id from parameter_type_definition where parameter_id=(select id from parameter where name='max_iter' and model_id=(select id from model where name='elastic_net_regressor') and parameter_type_id=(select id from parameter_type where name='integer'))), 1000);
INSERT INTO integer_parameter_value(parameter_type_definition_id, lower, upper) VALUES ((select id from parameter_type_definition where parameter_id=(select id from parameter where name='max_iter' and model_id=(select id from model where name='elastic_net_regressor') and parameter_type_id=(select id from parameter_type where name='integer'))), 1, 5001);
INSERT INTO boolean_parameter(parameter_type_definition_id, default_value) VALUES ((select id from parameter_type_definition where parameter_id=(select id from parameter where name='positive' and model_id=(select id from model where name='elastic_net_regressor') and parameter_type_id=(select id from parameter_type where name='boolean'))), false);
INSERT INTO categorical_parameter(parameter_type_definition_id, default_value) VALUES ((select id from parameter_type_definition where parameter_id=(select id from parameter where name='selection' and model_id=(select id from model where name='elastic_net_regressor') and parameter_type_id=(select id from parameter_type where name='categorical'))), 'cyclic');
INSERT INTO categorical_parameter_value(parameter_type_definition_id, value) VALUES ((select id from parameter_type_definition where parameter_id=(select id from parameter where name='selection' and model_id=(select id from model where name='elastic_net_regressor') and parameter_type_id=(select id from parameter_type where name='categorical'))), 'cyclic');
INSERT INTO categorical_parameter_value(parameter_type_definition_id, value) VALUES ((select id from parameter_type_definition where parameter_id=(select id from parameter where name='selection' and model_id=(select id from model where name='elastic_net_regressor') and parameter_type_id=(select id from parameter_type where name='categorical'))), 'random');
INSERT INTO float_parameter(parameter_type_definition_id, default_value) VALUES ((select id from parameter_type_definition where parameter_id=(select id from parameter where name='tol' and model_id=(select id from model where name='elastic_net_regressor') and parameter_type_id=(select id from parameter_type where name='float'))), 0.000100);
INSERT INTO float_parameter_range(parameter_type_definition_id, is_left_open, is_right_open, lower, upper) VALUES ((select id from parameter_type_definition where parameter_id=(select id from parameter where name='tol' and model_id=(select id from model where name='elastic_net_regressor') and parameter_type_id=(select id from parameter_type where name='float'))), true, true, 0.000000, 0.100000);
INSERT INTO model(name, ml_task_id, description, display_name, structure_id, advantages, disadvantages, enabled, ensemble_type_id, family_type_id, decision_tree, model_type_id) VALUES ('gradient_boosting_regressor', (select id from ml_task_type where name='regression'),'Gradient Boosting Regressor builds an additive model in a forward stage-wise fashion; it allows for the optimization of arbitrary differentiable loss functions. In each stage, n_classes_ regression trees are fitted on the negative gradient of the binomial or multinomial deviance loss function.', 'Gradient Boosting Regressor', (select id from model_structure_type where name='base'), '{It requires no pre-processing of data like the normalization and the scaling of data}', '{It is sensitive to outliers,It has the problem of overfitting,It is computationally expensive}', true, (select id from model_ensemble_type where name='other'),(select id from model_family_type where name='tree'), false, (select id from model_type where name='Tree-Based Model'));
INSERT INTO rel_model__groups(model_id, group_id) VALUES ((select id from Model where name='gradient_boosting_regressor'),(select id from model_group_type where name='advanced'));
INSERT INTO parameter(name, label, description, enabled, fixed_value, ordering, model_id) VALUES ('alpha', 'Alpha', 'Constant that multiplies the penalty terms.', false, false, 1, (select id from Model where name='gradient_boosting_regressor'));
INSERT INTO parameter(name, label, description, enabled, fixed_value, ordering, model_id) VALUES ('ccp_alpha', 'Cost-Complexity Pruning alpha', 'Complexity parameter used for Minimal Cost-Complexity Pruning. The subtree with the largest cost complexity that is smaller than ccp_alpha will be chosen. By default, no pruning is performed.', true, false, 2, (select id from Model where name='gradient_boosting_regressor'));
INSERT INTO parameter(name, label, description, enabled, fixed_value, ordering, model_id) VALUES ('criterion', 'Criterion', 'The function to measure the quality of a split.', false, false, 3, (select id from Model where name='gradient_boosting_regressor'));
INSERT INTO parameter(name, label, description, enabled, fixed_value, ordering, model_id) VALUES ('learning_rate', 'Learning rate', 'Step size shrinkage used in update to prevents overfitting. After each boosting step, we can directly get the weights of new features, and eta shrinks the feature weights to make the boosting process more conservative.', false, false, 4, (select id from Model where name='gradient_boosting_regressor'));
INSERT INTO parameter(name, label, description, enabled, fixed_value, ordering, model_id) VALUES ('loss', 'Loss', 'Loss function to be optimized.', false, false, 5, (select id from Model where name='gradient_boosting_regressor'));
INSERT INTO parameter(name, label, description, enabled, fixed_value, ordering, model_id) VALUES ('max_depth', 'Maximum depth', 'The maximum depth of the tree. If None, then nodes are expanded until all leaves are pure or until all leaves contain less than min_samples_split samples.', true, false, 6, (select id from Model where name='gradient_boosting_regressor'));
INSERT INTO parameter(name, label, description, enabled, fixed_value, ordering, model_id) VALUES ('max_leaf_nodes', 'Maximum number of nodes', 'Grow a tree with max_leaf_nodes in best-first fashion. Best nodes are defined as relative reduction in impurity. If None then unlimited number of leaf nodes.', true, false, 7, (select id from Model where name='gradient_boosting_regressor'));
INSERT INTO parameter(name, label, description, enabled, fixed_value, ordering, model_id) VALUES ('min_impurity_decrease', 'Minimum impurity decrease', 'A node will be split if this split induces a decrease of the impurity greater than or equal to this value.', true, false, 8, (select id from Model where name='gradient_boosting_regressor'));
INSERT INTO parameter(name, label, description, enabled, fixed_value, ordering, model_id) VALUES ('min_samples_leaf', 'Minimum samples per leaf', 'The minimum number of samples required to be at a leaf node expressed as a fraction of all training samples.', false, false, 9, (select id from Model where name='gradient_boosting_regressor'));
INSERT INTO parameter(name, label, description, enabled, fixed_value, ordering, model_id) VALUES ('min_samples_split', 'Minimum sample split', 'The minimum number of samples required to split an internal node expressed as a fraction of all training samples.', true, false, 10, (select id from Model where name='gradient_boosting_regressor'));
INSERT INTO parameter(name, label, description, enabled, fixed_value, ordering, model_id) VALUES ('min_weight_fraction_leaf', 'Minimum weighted sum per leaf', 'The minimum weighted fraction of the sum total of weights (of all the input samples) required to be at a leaf node. Samples have equal weight when sample_weight is not provided.', false, false, 11, (select id from Model where name='gradient_boosting_regressor'));
INSERT INTO parameter(name, label, description, enabled, fixed_value, ordering, model_id) VALUES ('n_estimators', 'Number of estimators', 'The number of base estimators in the ensemble.', false, false, 12, (select id from Model where name='gradient_boosting_regressor'));
INSERT INTO parameter(name, label, description, enabled, fixed_value, ordering, model_id) VALUES ('n_iter_no_change', 'Maximum number of iterations with no change', 'Maximum number of epochs to not meet tol improvement. Only effective when solver=''sgd'' or ''adam''.', false, false, 13, (select id from Model where name='gradient_boosting_regressor'));
INSERT INTO parameter(name, label, description, enabled, fixed_value, ordering, model_id) VALUES ('subsample', 'Subsample', 'Subsample ratio of the training instances. Setting it to 0.5 means that XGBoost would randomly sample half of the training data prior to growing trees. and this will prevent overfitting. Subsampling will occur once in every boosting iteration.', false, false, 14, (select id from Model where name='gradient_boosting_regressor'));
INSERT INTO parameter(name, label, description, enabled, fixed_value, ordering, model_id) VALUES ('tol', 'Tolerance', 'Maximum norm of the residual.', false, false, 15, (select id from Model where name='gradient_boosting_regressor'));
INSERT INTO parameter(name, label, description, enabled, fixed_value, ordering, model_id) VALUES ('validation_fraction', 'Validation fraction', 'The proportion of training data to set aside as validation set for early stopping.', false, false, 16, (select id from Model where name='gradient_boosting_regressor'));
INSERT INTO rel_model__incompatible_metrics(model_id, metric_id) VALUES ((select id from model where name='gradient_boosting_regressor'), (select id from metric where name='classification-log-loss'));
INSERT INTO rel_model__incompatible_metrics(model_id, metric_id) VALUES ((select id from model where name='gradient_boosting_regressor'), (select id from metric where name='classification-roc'));
INSERT INTO parameter_type_definition(parameter_id, parameter_type_id, parameter_distribution_type_id, ordering) VALUES ((select id from parameter where name='alpha' and model_id=(select id from model where name='gradient_boosting_regressor')), (select id from parameter_type where name='float'), (select id from parameter_distribution_type where name='uniform'), 0);
INSERT INTO parameter_type_definition(parameter_id, parameter_type_id, parameter_distribution_type_id, ordering) VALUES ((select id from parameter where name='ccp_alpha' and model_id=(select id from model where name='gradient_boosting_regressor')), (select id from parameter_type where name='float'), (select id from parameter_distribution_type where name='uniform'), 0);
INSERT INTO parameter_type_definition(parameter_id, parameter_type_id, parameter_distribution_type_id, ordering) VALUES ((select id from parameter where name='criterion' and model_id=(select id from model where name='gradient_boosting_regressor')), (select id from parameter_type where name='categorical'), (select id from parameter_distribution_type where name='uniform'), 0);
INSERT INTO parameter_type_definition(parameter_id, parameter_type_id, parameter_distribution_type_id, ordering) VALUES ((select id from parameter where name='learning_rate' and model_id=(select id from model where name='gradient_boosting_regressor')), (select id from parameter_type where name='float'), (select id from parameter_distribution_type where name='uniform'), 0);
INSERT INTO parameter_type_definition(parameter_id, parameter_type_id, parameter_distribution_type_id, ordering) VALUES ((select id from parameter where name='loss' and model_id=(select id from model where name='gradient_boosting_regressor')), (select id from parameter_type where name='categorical'), (select id from parameter_distribution_type where name='uniform'), 0);
INSERT INTO parameter_type_definition(parameter_id, parameter_type_id, parameter_distribution_type_id, ordering) VALUES ((select id from parameter where name='max_depth' and model_id=(select id from model where name='gradient_boosting_regressor')), (select id from parameter_type where name='integer'), (select id from parameter_distribution_type where name='uniform'), 0);
INSERT INTO parameter_type_definition(parameter_id, parameter_type_id, parameter_distribution_type_id, ordering) VALUES ((select id from parameter where name='max_leaf_nodes' and model_id=(select id from model where name='gradient_boosting_regressor')), (select id from parameter_type where name='integer'), (select id from parameter_distribution_type where name='uniform'), 0);
INSERT INTO parameter_type_definition(parameter_id, parameter_type_id, parameter_distribution_type_id, ordering) VALUES ((select id from parameter where name='min_impurity_decrease' and model_id=(select id from model where name='gradient_boosting_regressor')), (select id from parameter_type where name='float'), (select id from parameter_distribution_type where name='uniform'), 0);
INSERT INTO parameter_type_definition(parameter_id, parameter_type_id, parameter_distribution_type_id, ordering) VALUES ((select id from parameter where name='min_samples_leaf' and model_id=(select id from model where name='gradient_boosting_regressor')), (select id from parameter_type where name='float'), (select id from parameter_distribution_type where name='uniform'), 0);
INSERT INTO parameter_type_definition(parameter_id, parameter_type_id, parameter_distribution_type_id, ordering) VALUES ((select id from parameter where name='min_samples_split' and model_id=(select id from model where name='gradient_boosting_regressor')), (select id from parameter_type where name='float'), (select id from parameter_distribution_type where name='uniform'), 0);
INSERT INTO parameter_type_definition(parameter_id, parameter_type_id, parameter_distribution_type_id, ordering) VALUES ((select id from parameter where name='min_weight_fraction_leaf' and model_id=(select id from model where name='gradient_boosting_regressor')), (select id from parameter_type where name='float'), (select id from parameter_distribution_type where name='uniform'), 0);
INSERT INTO parameter_type_definition(parameter_id, parameter_type_id, parameter_distribution_type_id, ordering) VALUES ((select id from parameter where name='n_estimators' and model_id=(select id from model where name='gradient_boosting_regressor')), (select id from parameter_type where name='integer'), (select id from parameter_distribution_type where name='uniform'), 0);
INSERT INTO parameter_type_definition(parameter_id, parameter_type_id, parameter_distribution_type_id, ordering) VALUES ((select id from parameter where name='n_iter_no_change' and model_id=(select id from model where name='gradient_boosting_regressor')), (select id from parameter_type where name='categorical'), (select id from parameter_distribution_type where name='uniform'), 0);
INSERT INTO parameter_type_definition(parameter_id, parameter_type_id, parameter_distribution_type_id, ordering) VALUES ((select id from parameter where name='n_iter_no_change' and model_id=(select id from model where name='gradient_boosting_regressor')), (select id from parameter_type where name='integer'), (select id from parameter_distribution_type where name='uniform'), 1);
INSERT INTO parameter_type_definition(parameter_id, parameter_type_id, parameter_distribution_type_id, ordering) VALUES ((select id from parameter where name='subsample' and model_id=(select id from model where name='gradient_boosting_regressor')), (select id from parameter_type where name='float'), (select id from parameter_distribution_type where name='uniform'), 0);
INSERT INTO parameter_type_definition(parameter_id, parameter_type_id, parameter_distribution_type_id, ordering) VALUES ((select id from parameter where name='tol' and model_id=(select id from model where name='gradient_boosting_regressor')), (select id from parameter_type where name='float'), (select id from parameter_distribution_type where name='uniform'), 0);
INSERT INTO parameter_type_definition(parameter_id, parameter_type_id, parameter_distribution_type_id, ordering) VALUES ((select id from parameter where name='validation_fraction' and model_id=(select id from model where name='gradient_boosting_regressor')), (select id from parameter_type where name='float'), (select id from parameter_distribution_type where name='uniform'), 0);
INSERT INTO float_parameter(parameter_type_definition_id, default_value) VALUES ((select id from parameter_type_definition where parameter_id=(select id from parameter where name='alpha' and model_id=(select id from model where name='gradient_boosting_regressor') and parameter_type_id=(select id from parameter_type where name='float'))), 0.900000);
INSERT INTO float_parameter_range(parameter_type_definition_id, is_left_open, is_right_open, lower, upper) VALUES ((select id from parameter_type_definition where parameter_id=(select id from parameter where name='alpha' and model_id=(select id from model where name='gradient_boosting_regressor') and parameter_type_id=(select id from parameter_type where name='float'))), true, true, 0.000100, 0.999900);
INSERT INTO float_parameter(parameter_type_definition_id, default_value) VALUES ((select id from parameter_type_definition where parameter_id=(select id from parameter where name='ccp_alpha' and model_id=(select id from model where name='gradient_boosting_regressor') and parameter_type_id=(select id from parameter_type where name='float'))), 0.000000);
INSERT INTO float_parameter_range(parameter_type_definition_id, is_left_open, is_right_open, lower, upper) VALUES ((select id from parameter_type_definition where parameter_id=(select id from parameter where name='ccp_alpha' and model_id=(select id from model where name='gradient_boosting_regressor') and parameter_type_id=(select id from parameter_type where name='float'))), true, true, 0.000000, 1.000000);
INSERT INTO categorical_parameter(parameter_type_definition_id, default_value) VALUES ((select id from parameter_type_definition where parameter_id=(select id from parameter where name='criterion' and model_id=(select id from model where name='gradient_boosting_regressor') and parameter_type_id=(select id from parameter_type where name='categorical'))), 'friedman_mse');
INSERT INTO categorical_parameter_value(parameter_type_definition_id, value) VALUES ((select id from parameter_type_definition where parameter_id=(select id from parameter where name='criterion' and model_id=(select id from model where name='gradient_boosting_regressor') and parameter_type_id=(select id from parameter_type where name='categorical'))), 'squared_error');
INSERT INTO categorical_parameter_value(parameter_type_definition_id, value) VALUES ((select id from parameter_type_definition where parameter_id=(select id from parameter where name='criterion' and model_id=(select id from model where name='gradient_boosting_regressor') and parameter_type_id=(select id from parameter_type where name='categorical'))), 'friedman_mse');
INSERT INTO float_parameter(parameter_type_definition_id, default_value) VALUES ((select id from parameter_type_definition where parameter_id=(select id from parameter where name='learning_rate' and model_id=(select id from model where name='gradient_boosting_regressor') and parameter_type_id=(select id from parameter_type where name='float'))), 0.100000);
INSERT INTO float_parameter_range(parameter_type_definition_id, is_left_open, is_right_open, lower, upper) VALUES ((select id from parameter_type_definition where parameter_id=(select id from parameter where name='learning_rate' and model_id=(select id from model where name='gradient_boosting_regressor') and parameter_type_id=(select id from parameter_type where name='float'))), true, true, 0.000100, 1.000000);
INSERT INTO categorical_parameter(parameter_type_definition_id, default_value) VALUES ((select id from parameter_type_definition where parameter_id=(select id from parameter where name='loss' and model_id=(select id from model where name='gradient_boosting_regressor') and parameter_type_id=(select id from parameter_type where name='categorical'))), 'squared_error');
INSERT INTO categorical_parameter_value(parameter_type_definition_id, value) VALUES ((select id from parameter_type_definition where parameter_id=(select id from parameter where name='loss' and model_id=(select id from model where name='gradient_boosting_regressor') and parameter_type_id=(select id from parameter_type where name='categorical'))), 'squared_error');
INSERT INTO categorical_parameter_value(parameter_type_definition_id, value) VALUES ((select id from parameter_type_definition where parameter_id=(select id from parameter where name='loss' and model_id=(select id from model where name='gradient_boosting_regressor') and parameter_type_id=(select id from parameter_type where name='categorical'))), 'absolute_error');
INSERT INTO categorical_parameter_value(parameter_type_definition_id, value) VALUES ((select id from parameter_type_definition where parameter_id=(select id from parameter where name='loss' and model_id=(select id from model where name='gradient_boosting_regressor') and parameter_type_id=(select id from parameter_type where name='categorical'))), 'huber');
INSERT INTO categorical_parameter_value(parameter_type_definition_id, value) VALUES ((select id from parameter_type_definition where parameter_id=(select id from parameter where name='loss' and model_id=(select id from model where name='gradient_boosting_regressor') and parameter_type_id=(select id from parameter_type where name='categorical'))), 'quantile');
INSERT INTO integer_parameter(parameter_type_definition_id, default_value) VALUES ((select id from parameter_type_definition where parameter_id=(select id from parameter where name='max_depth' and model_id=(select id from model where name='gradient_boosting_regressor') and parameter_type_id=(select id from parameter_type where name='integer'))), 10);
INSERT INTO integer_parameter_value(parameter_type_definition_id, lower, upper) VALUES ((select id from parameter_type_definition where parameter_id=(select id from parameter where name='max_depth' and model_id=(select id from model where name='gradient_boosting_regressor') and parameter_type_id=(select id from parameter_type where name='integer'))), 3, 17);
INSERT INTO integer_parameter(parameter_type_definition_id, default_value) VALUES ((select id from parameter_type_definition where parameter_id=(select id from parameter where name='max_leaf_nodes' and model_id=(select id from model where name='gradient_boosting_regressor') and parameter_type_id=(select id from parameter_type where name='integer'))), 10000);
INSERT INTO integer_parameter_value(parameter_type_definition_id, lower, upper) VALUES ((select id from parameter_type_definition where parameter_id=(select id from parameter where name='max_leaf_nodes' and model_id=(select id from model where name='gradient_boosting_regressor') and parameter_type_id=(select id from parameter_type where name='integer'))), 2, 10001);
INSERT INTO float_parameter(parameter_type_definition_id, default_value) VALUES ((select id from parameter_type_definition where parameter_id=(select id from parameter where name='min_impurity_decrease' and model_id=(select id from model where name='gradient_boosting_regressor') and parameter_type_id=(select id from parameter_type where name='float'))), 0.000000);
INSERT INTO float_parameter_range(parameter_type_definition_id, is_left_open, is_right_open, lower, upper) VALUES ((select id from parameter_type_definition where parameter_id=(select id from parameter where name='min_impurity_decrease' and model_id=(select id from model where name='gradient_boosting_regressor') and parameter_type_id=(select id from parameter_type where name='float'))), true, true, 0.000000, 1.000000);
INSERT INTO float_parameter(parameter_type_definition_id, default_value) VALUES ((select id from parameter_type_definition where parameter_id=(select id from parameter where name='min_samples_leaf' and model_id=(select id from model where name='gradient_boosting_regressor') and parameter_type_id=(select id from parameter_type where name='float'))), 0.000100);
INSERT INTO float_parameter_range(parameter_type_definition_id, is_left_open, is_right_open, lower, upper) VALUES ((select id from parameter_type_definition where parameter_id=(select id from parameter where name='min_samples_leaf' and model_id=(select id from model where name='gradient_boosting_regressor') and parameter_type_id=(select id from parameter_type where name='float'))), true, true, 0.000100, 0.500000);
INSERT INTO float_parameter(parameter_type_definition_id, default_value) VALUES ((select id from parameter_type_definition where parameter_id=(select id from parameter where name='min_samples_split' and model_id=(select id from model where name='gradient_boosting_regressor') and parameter_type_id=(select id from parameter_type where name='float'))), 0.000100);
INSERT INTO float_parameter_range(parameter_type_definition_id, is_left_open, is_right_open, lower, upper) VALUES ((select id from parameter_type_definition where parameter_id=(select id from parameter where name='min_samples_split' and model_id=(select id from model where name='gradient_boosting_regressor') and parameter_type_id=(select id from parameter_type where name='float'))), true, true, 0.000100, 0.500000);
INSERT INTO float_parameter(parameter_type_definition_id, default_value) VALUES ((select id from parameter_type_definition where parameter_id=(select id from parameter where name='min_weight_fraction_leaf' and model_id=(select id from model where name='gradient_boosting_regressor') and parameter_type_id=(select id from parameter_type where name='float'))), 0.000000);
INSERT INTO float_parameter_range(parameter_type_definition_id, is_left_open, is_right_open, lower, upper) VALUES ((select id from parameter_type_definition where parameter_id=(select id from parameter where name='min_weight_fraction_leaf' and model_id=(select id from model where name='gradient_boosting_regressor') and parameter_type_id=(select id from parameter_type where name='float'))), true, true, 0.000000, 0.500000);
INSERT INTO integer_parameter(parameter_type_definition_id, default_value) VALUES ((select id from parameter_type_definition where parameter_id=(select id from parameter where name='n_estimators' and model_id=(select id from model where name='gradient_boosting_regressor') and parameter_type_id=(select id from parameter_type where name='integer'))), 100);
INSERT INTO integer_parameter_value(parameter_type_definition_id, lower, upper) VALUES ((select id from parameter_type_definition where parameter_id=(select id from parameter where name='n_estimators' and model_id=(select id from model where name='gradient_boosting_regressor') and parameter_type_id=(select id from parameter_type where name='integer'))), 10, 201);
INSERT INTO categorical_parameter(parameter_type_definition_id, default_value) VALUES ((select id from parameter_type_definition where parameter_id=(select id from parameter where name='n_iter_no_change' and model_id=(select id from model where name='gradient_boosting_regressor') and parameter_type_id=(select id from parameter_type where name='categorical'))), 'None');
INSERT INTO categorical_parameter_value(parameter_type_definition_id, value) VALUES ((select id from parameter_type_definition where parameter_id=(select id from parameter where name='n_iter_no_change' and model_id=(select id from model where name='gradient_boosting_regressor') and parameter_type_id=(select id from parameter_type where name='categorical'))), 'None');
INSERT INTO integer_parameter(parameter_type_definition_id, default_value) VALUES ((select id from parameter_type_definition where parameter_id=(select id from parameter where name='n_iter_no_change' and model_id=(select id from model where name='gradient_boosting_regressor') and parameter_type_id=(select id from parameter_type where name='integer'))), null);
INSERT INTO integer_parameter_value(parameter_type_definition_id, lower, upper) VALUES ((select id from parameter_type_definition where parameter_id=(select id from parameter where name='n_iter_no_change' and model_id=(select id from model where name='gradient_boosting_regressor') and parameter_type_id=(select id from parameter_type where name='integer'))), 10, 21);
INSERT INTO float_parameter(parameter_type_definition_id, default_value) VALUES ((select id from parameter_type_definition where parameter_id=(select id from parameter where name='subsample' and model_id=(select id from model where name='gradient_boosting_regressor') and parameter_type_id=(select id from parameter_type where name='float'))), 1.000000);
INSERT INTO float_parameter_range(parameter_type_definition_id, is_left_open, is_right_open, lower, upper) VALUES ((select id from parameter_type_definition where parameter_id=(select id from parameter where name='subsample' and model_id=(select id from model where name='gradient_boosting_regressor') and parameter_type_id=(select id from parameter_type where name='float'))), true, true, 0.000000, 1.000000);
INSERT INTO float_parameter(parameter_type_definition_id, default_value) VALUES ((select id from parameter_type_definition where parameter_id=(select id from parameter where name='tol' and model_id=(select id from model where name='gradient_boosting_regressor') and parameter_type_id=(select id from parameter_type where name='float'))), 0.000100);
INSERT INTO float_parameter_range(parameter_type_definition_id, is_left_open, is_right_open, lower, upper) VALUES ((select id from parameter_type_definition where parameter_id=(select id from parameter where name='tol' and model_id=(select id from model where name='gradient_boosting_regressor') and parameter_type_id=(select id from parameter_type where name='float'))), true, true, 0.000100, 1.000000);
INSERT INTO float_parameter(parameter_type_definition_id, default_value) VALUES ((select id from parameter_type_definition where parameter_id=(select id from parameter where name='validation_fraction' and model_id=(select id from model where name='gradient_boosting_regressor') and parameter_type_id=(select id from parameter_type where name='float'))), 0.100000);
INSERT INTO float_parameter_range(parameter_type_definition_id, is_left_open, is_right_open, lower, upper) VALUES ((select id from parameter_type_definition where parameter_id=(select id from parameter where name='validation_fraction' and model_id=(select id from model where name='gradient_boosting_regressor') and parameter_type_id=(select id from parameter_type where name='float'))), true, true, 0.000000, 0.999900);
INSERT INTO model(name, ml_task_id, description, display_name, structure_id, advantages, disadvantages, enabled, ensemble_type_id, family_type_id, decision_tree, model_type_id) VALUES ('hist_gradient_boosting_regressor', (select id from ml_task_type where name='regression'),'Histogram-based Gradient Boosting Regressor is much faster than the Gradient Boosting Regressor for big datasets (n_samples >= 10 000). It has native support for missing values (NaNs). During training, the tree grower learns at each split point whether samples with missing values should go to the left or right child, based on the potential gain. When predicting, samples with missing values are assigned to the left or right child consequently.', 'Histogram-based Gradient Boosting Regressor', (select id from model_structure_type where name='base'), '{It requires no pre-processing of data like the normalization and the scaling of data}', '{It is sensitive to outliers,It has the problem of overfitting,It is computationally expensive}', false, (select id from model_ensemble_type where name='other'),(select id from model_family_type where name='tree'), false, (select id from model_type where name='Tree-Based Model'));
INSERT INTO parameter(name, label, description, enabled, fixed_value, ordering, model_id) VALUES ('l2_regularization', 'L2 regularization', 'The L2 regularization parameter. Use 0 for no regularization.', true, false, 1, (select id from Model where name='hist_gradient_boosting_regressor'));
INSERT INTO parameter(name, label, description, enabled, fixed_value, ordering, model_id) VALUES ('learning_rate', 'Learning rate', 'Step size shrinkage used in update to prevents overfitting. After each boosting step, we can directly get the weights of new features, and eta shrinks the feature weights to make the boosting process more conservative.', false, false, 2, (select id from Model where name='hist_gradient_boosting_regressor'));
INSERT INTO parameter(name, label, description, enabled, fixed_value, ordering, model_id) VALUES ('loss', 'Loss', 'Loss function to be optimized.', true, false, 3, (select id from Model where name='hist_gradient_boosting_regressor'));
INSERT INTO parameter(name, label, description, enabled, fixed_value, ordering, model_id) VALUES ('max_bins', 'Maximum bins', 'The maximum number of bins to use for non-missing values.', false, false, 4, (select id from Model where name='hist_gradient_boosting_regressor'));
INSERT INTO parameter(name, label, description, enabled, fixed_value, ordering, model_id) VALUES ('max_depth', 'Maximum depth', 'The maximum depth of the tree. If None, then nodes are expanded until all leaves are pure or until all leaves contain less than min_samples_split samples.', true, false, 5, (select id from Model where name='hist_gradient_boosting_regressor'));
INSERT INTO parameter(name, label, description, enabled, fixed_value, ordering, model_id) VALUES ('max_iter', 'Maximum number of iterations', '    Maximum number of iterations taken for the solvers to converge.', false, false, 6, (select id from Model where name='hist_gradient_boosting_regressor'));
INSERT INTO parameter(name, label, description, enabled, fixed_value, ordering, model_id) VALUES ('max_leaf_nodes', 'Maximum number of nodes', 'Grow a tree with max_leaf_nodes in best-first fashion. Best nodes are defined as relative reduction in impurity.', true, false, 7, (select id from Model where name='hist_gradient_boosting_regressor'));
INSERT INTO parameter(name, label, description, enabled, fixed_value, ordering, model_id) VALUES ('min_samples_leaf', 'Minimum samples per leaf', 'The minimum number of samples required to be at a leaf node.', false, false, 8, (select id from Model where name='hist_gradient_boosting_regressor'));
INSERT INTO parameter(name, label, description, enabled, fixed_value, ordering, model_id) VALUES ('n_iter_no_change', 'Maximum number of iterations with no change', 'Maximum number of epochs to not meet tol improvement. Only effective when solver=''sgd'' or ''adam''.', false, false, 9, (select id from Model where name='hist_gradient_boosting_regressor'));
INSERT INTO parameter(name, label, description, enabled, fixed_value, ordering, model_id) VALUES ('tol', 'Tolerance', 'Maximum norm of the residual.', true, false, 10, (select id from Model where name='hist_gradient_boosting_regressor'));
INSERT INTO rel_model__incompatible_metrics(model_id, metric_id) VALUES ((select id from model where name='hist_gradient_boosting_regressor'), (select id from metric where name='classification-log-loss'));
INSERT INTO rel_model__incompatible_metrics(model_id, metric_id) VALUES ((select id from model where name='hist_gradient_boosting_regressor'), (select id from metric where name='classification-roc'));
INSERT INTO parameter_type_definition(parameter_id, parameter_type_id, parameter_distribution_type_id, ordering) VALUES ((select id from parameter where name='l2_regularization' and model_id=(select id from model where name='hist_gradient_boosting_regressor')), (select id from parameter_type where name='float'), (select id from parameter_distribution_type where name='uniform'), 0);
INSERT INTO parameter_type_definition(parameter_id, parameter_type_id, parameter_distribution_type_id, ordering) VALUES ((select id from parameter where name='learning_rate' and model_id=(select id from model where name='hist_gradient_boosting_regressor')), (select id from parameter_type where name='float'), (select id from parameter_distribution_type where name='uniform'), 0);
INSERT INTO parameter_type_definition(parameter_id, parameter_type_id, parameter_distribution_type_id, ordering) VALUES ((select id from parameter where name='loss' and model_id=(select id from model where name='hist_gradient_boosting_regressor')), (select id from parameter_type where name='categorical'), (select id from parameter_distribution_type where name='uniform'), 0);
INSERT INTO parameter_type_definition(parameter_id, parameter_type_id, parameter_distribution_type_id, ordering) VALUES ((select id from parameter where name='max_bins' and model_id=(select id from model where name='hist_gradient_boosting_regressor')), (select id from parameter_type where name='integer'), (select id from parameter_distribution_type where name='uniform'), 0);
INSERT INTO parameter_type_definition(parameter_id, parameter_type_id, parameter_distribution_type_id, ordering) VALUES ((select id from parameter where name='max_depth' and model_id=(select id from model where name='hist_gradient_boosting_regressor')), (select id from parameter_type where name='integer'), (select id from parameter_distribution_type where name='uniform'), 0);
INSERT INTO parameter_type_definition(parameter_id, parameter_type_id, parameter_distribution_type_id, ordering) VALUES ((select id from parameter where name='max_iter' and model_id=(select id from model where name='hist_gradient_boosting_regressor')), (select id from parameter_type where name='integer'), (select id from parameter_distribution_type where name='uniform'), 0);
INSERT INTO parameter_type_definition(parameter_id, parameter_type_id, parameter_distribution_type_id, ordering) VALUES ((select id from parameter where name='max_leaf_nodes' and model_id=(select id from model where name='hist_gradient_boosting_regressor')), (select id from parameter_type where name='integer'), (select id from parameter_distribution_type where name='uniform'), 0);
INSERT INTO parameter_type_definition(parameter_id, parameter_type_id, parameter_distribution_type_id, ordering) VALUES ((select id from parameter where name='min_samples_leaf' and model_id=(select id from model where name='hist_gradient_boosting_regressor')), (select id from parameter_type where name='integer'), (select id from parameter_distribution_type where name='uniform'), 0);
INSERT INTO parameter_type_definition(parameter_id, parameter_type_id, parameter_distribution_type_id, ordering) VALUES ((select id from parameter where name='n_iter_no_change' and model_id=(select id from model where name='hist_gradient_boosting_regressor')), (select id from parameter_type where name='integer'), (select id from parameter_distribution_type where name='uniform'), 0);
INSERT INTO parameter_type_definition(parameter_id, parameter_type_id, parameter_distribution_type_id, ordering) VALUES ((select id from parameter where name='tol' and model_id=(select id from model where name='hist_gradient_boosting_regressor')), (select id from parameter_type where name='float'), (select id from parameter_distribution_type where name='uniform'), 0);
INSERT INTO float_parameter(parameter_type_definition_id, default_value) VALUES ((select id from parameter_type_definition where parameter_id=(select id from parameter where name='l2_regularization' and model_id=(select id from model where name='hist_gradient_boosting_regressor') and parameter_type_id=(select id from parameter_type where name='float'))), 0.000000);
INSERT INTO float_parameter_range(parameter_type_definition_id, is_left_open, is_right_open, lower, upper) VALUES ((select id from parameter_type_definition where parameter_id=(select id from parameter where name='l2_regularization' and model_id=(select id from model where name='hist_gradient_boosting_regressor') and parameter_type_id=(select id from parameter_type where name='float'))), true, true, 0.000000, 1.000000);
INSERT INTO float_parameter(parameter_type_definition_id, default_value) VALUES ((select id from parameter_type_definition where parameter_id=(select id from parameter where name='learning_rate' and model_id=(select id from model where name='hist_gradient_boosting_regressor') and parameter_type_id=(select id from parameter_type where name='float'))), 0.100000);
INSERT INTO float_parameter_range(parameter_type_definition_id, is_left_open, is_right_open, lower, upper) VALUES ((select id from parameter_type_definition where parameter_id=(select id from parameter where name='learning_rate' and model_id=(select id from model where name='hist_gradient_boosting_regressor') and parameter_type_id=(select id from parameter_type where name='float'))), true, true, 0.000100, 1.000000);
INSERT INTO categorical_parameter(parameter_type_definition_id, default_value) VALUES ((select id from parameter_type_definition where parameter_id=(select id from parameter where name='loss' and model_id=(select id from model where name='hist_gradient_boosting_regressor') and parameter_type_id=(select id from parameter_type where name='categorical'))), 'squared_error');
INSERT INTO categorical_parameter_value(parameter_type_definition_id, value) VALUES ((select id from parameter_type_definition where parameter_id=(select id from parameter where name='loss' and model_id=(select id from model where name='hist_gradient_boosting_regressor') and parameter_type_id=(select id from parameter_type where name='categorical'))), 'squared_error');
INSERT INTO categorical_parameter_value(parameter_type_definition_id, value) VALUES ((select id from parameter_type_definition where parameter_id=(select id from parameter where name='loss' and model_id=(select id from model where name='hist_gradient_boosting_regressor') and parameter_type_id=(select id from parameter_type where name='categorical'))), 'absolute_error');
INSERT INTO categorical_parameter_value(parameter_type_definition_id, value) VALUES ((select id from parameter_type_definition where parameter_id=(select id from parameter where name='loss' and model_id=(select id from model where name='hist_gradient_boosting_regressor') and parameter_type_id=(select id from parameter_type where name='categorical'))), 'poisson');
INSERT INTO integer_parameter(parameter_type_definition_id, default_value) VALUES ((select id from parameter_type_definition where parameter_id=(select id from parameter where name='max_bins' and model_id=(select id from model where name='hist_gradient_boosting_regressor') and parameter_type_id=(select id from parameter_type where name='integer'))), 255);
INSERT INTO integer_parameter_value(parameter_type_definition_id, lower, upper) VALUES ((select id from parameter_type_definition where parameter_id=(select id from parameter where name='max_bins' and model_id=(select id from model where name='hist_gradient_boosting_regressor') and parameter_type_id=(select id from parameter_type where name='integer'))), 2, 256);
INSERT INTO integer_parameter(parameter_type_definition_id, default_value) VALUES ((select id from parameter_type_definition where parameter_id=(select id from parameter where name='max_depth' and model_id=(select id from model where name='hist_gradient_boosting_regressor') and parameter_type_id=(select id from parameter_type where name='integer'))), 10);
INSERT INTO integer_parameter_value(parameter_type_definition_id, lower, upper) VALUES ((select id from parameter_type_definition where parameter_id=(select id from parameter where name='max_depth' and model_id=(select id from model where name='hist_gradient_boosting_regressor') and parameter_type_id=(select id from parameter_type where name='integer'))), 3, 17);
INSERT INTO integer_parameter(parameter_type_definition_id, default_value) VALUES ((select id from parameter_type_definition where parameter_id=(select id from parameter where name='max_iter' and model_id=(select id from model where name='hist_gradient_boosting_regressor') and parameter_type_id=(select id from parameter_type where name='integer'))), 100);
INSERT INTO integer_parameter_value(parameter_type_definition_id, lower, upper) VALUES ((select id from parameter_type_definition where parameter_id=(select id from parameter where name='max_iter' and model_id=(select id from model where name='hist_gradient_boosting_regressor') and parameter_type_id=(select id from parameter_type where name='integer'))), 50, 201);
INSERT INTO integer_parameter(parameter_type_definition_id, default_value) VALUES ((select id from parameter_type_definition where parameter_id=(select id from parameter where name='max_leaf_nodes' and model_id=(select id from model where name='hist_gradient_boosting_regressor') and parameter_type_id=(select id from parameter_type where name='integer'))), 31);
INSERT INTO integer_parameter_value(parameter_type_definition_id, lower, upper) VALUES ((select id from parameter_type_definition where parameter_id=(select id from parameter where name='max_leaf_nodes' and model_id=(select id from model where name='hist_gradient_boosting_regressor') and parameter_type_id=(select id from parameter_type where name='integer'))), 2, 101);
INSERT INTO integer_parameter(parameter_type_definition_id, default_value) VALUES ((select id from parameter_type_definition where parameter_id=(select id from parameter where name='min_samples_leaf' and model_id=(select id from model where name='hist_gradient_boosting_regressor') and parameter_type_id=(select id from parameter_type where name='integer'))), 20);
INSERT INTO integer_parameter_value(parameter_type_definition_id, lower, upper) VALUES ((select id from parameter_type_definition where parameter_id=(select id from parameter where name='min_samples_leaf' and model_id=(select id from model where name='hist_gradient_boosting_regressor') and parameter_type_id=(select id from parameter_type where name='integer'))), 1, 51);
INSERT INTO integer_parameter(parameter_type_definition_id, default_value) VALUES ((select id from parameter_type_definition where parameter_id=(select id from parameter where name='n_iter_no_change' and model_id=(select id from model where name='hist_gradient_boosting_regressor') and parameter_type_id=(select id from parameter_type where name='integer'))), 10);
INSERT INTO integer_parameter_value(parameter_type_definition_id, lower, upper) VALUES ((select id from parameter_type_definition where parameter_id=(select id from parameter where name='n_iter_no_change' and model_id=(select id from model where name='hist_gradient_boosting_regressor') and parameter_type_id=(select id from parameter_type where name='integer'))), 10, 21);
INSERT INTO float_parameter(parameter_type_definition_id, default_value) VALUES ((select id from parameter_type_definition where parameter_id=(select id from parameter where name='tol' and model_id=(select id from model where name='hist_gradient_boosting_regressor') and parameter_type_id=(select id from parameter_type where name='float'))), 0.000100);
INSERT INTO float_parameter_range(parameter_type_definition_id, is_left_open, is_right_open, lower, upper) VALUES ((select id from parameter_type_definition where parameter_id=(select id from parameter where name='tol' and model_id=(select id from model where name='hist_gradient_boosting_regressor') and parameter_type_id=(select id from parameter_type where name='float'))), true, true, 0.000000, 1.000000);
INSERT INTO model(name, ml_task_id, description, display_name, structure_id, advantages, disadvantages, enabled, ensemble_type_id, family_type_id, decision_tree, model_type_id) VALUES ('huber_regressor', (select id from ml_task_type where name='regression'),'Huber Regressor is a linear model optimizing the squared loss and the absolute loss for the samples controlled by the threshold.', 'Huber Regressor', (select id from model_structure_type where name='base'), '{It is robust to outliers}', '{It has problems with accuracy efficiency and stability}', true, (select id from model_ensemble_type where name='none'),(select id from model_family_type where name='linear'), false, (select id from model_type where name='Linear Model'));
INSERT INTO parameter(name, label, description, enabled, fixed_value, ordering, model_id) VALUES ('alpha', 'Alpha', 'Constant that multiplies the penalty terms.', true, false, 1, (select id from Model where name='huber_regressor'));
INSERT INTO parameter(name, label, description, enabled, fixed_value, ordering, model_id) VALUES ('epsilon', 'Epsilon', 'Value for numerical stability in adam. Only used when solver=''adam''.', false, false, 2, (select id from Model where name='huber_regressor'));
INSERT INTO parameter(name, label, description, enabled, fixed_value, ordering, model_id) VALUES ('fit_intercept', 'Calculate Intercept', 'Whether to calculate the intercept for this model. If set to False, no intercept will be used in calculations (i.e. data is expected to be centered).', false, false, 3, (select id from Model where name='huber_regressor'));
INSERT INTO parameter(name, label, description, enabled, fixed_value, ordering, model_id) VALUES ('max_iter', 'Maximum number of iterations', '    Maximum number of iterations taken for the solvers to converge.', true, false, 4, (select id from Model where name='huber_regressor'));
INSERT INTO parameter(name, label, description, enabled, fixed_value, ordering, model_id) VALUES ('tol', 'Tolerance', 'Maximum norm of the residual.', true, false, 5, (select id from Model where name='huber_regressor'));
INSERT INTO rel_model__incompatible_metrics(model_id, metric_id) VALUES ((select id from model where name='huber_regressor'), (select id from metric where name='classification-log-loss'));
INSERT INTO rel_model__incompatible_metrics(model_id, metric_id) VALUES ((select id from model where name='huber_regressor'), (select id from metric where name='classification-roc'));
INSERT INTO parameter_type_definition(parameter_id, parameter_type_id, parameter_distribution_type_id, ordering) VALUES ((select id from parameter where name='alpha' and model_id=(select id from model where name='huber_regressor')), (select id from parameter_type where name='float'), (select id from parameter_distribution_type where name='uniform'), 0);
INSERT INTO parameter_type_definition(parameter_id, parameter_type_id, parameter_distribution_type_id, ordering) VALUES ((select id from parameter where name='epsilon' and model_id=(select id from model where name='huber_regressor')), (select id from parameter_type where name='float'), (select id from parameter_distribution_type where name='uniform'), 0);
INSERT INTO parameter_type_definition(parameter_id, parameter_type_id, parameter_distribution_type_id, ordering) VALUES ((select id from parameter where name='fit_intercept' and model_id=(select id from model where name='huber_regressor')), (select id from parameter_type where name='boolean'), (select id from parameter_distribution_type where name='uniform'), 0);
INSERT INTO parameter_type_definition(parameter_id, parameter_type_id, parameter_distribution_type_id, ordering) VALUES ((select id from parameter where name='max_iter' and model_id=(select id from model where name='huber_regressor')), (select id from parameter_type where name='integer'), (select id from parameter_distribution_type where name='uniform'), 0);
INSERT INTO parameter_type_definition(parameter_id, parameter_type_id, parameter_distribution_type_id, ordering) VALUES ((select id from parameter where name='tol' and model_id=(select id from model where name='huber_regressor')), (select id from parameter_type where name='float'), (select id from parameter_distribution_type where name='uniform'), 0);
INSERT INTO float_parameter(parameter_type_definition_id, default_value) VALUES ((select id from parameter_type_definition where parameter_id=(select id from parameter where name='alpha' and model_id=(select id from model where name='huber_regressor') and parameter_type_id=(select id from parameter_type where name='float'))), 0.000100);
INSERT INTO float_parameter_range(parameter_type_definition_id, is_left_open, is_right_open, lower, upper) VALUES ((select id from parameter_type_definition where parameter_id=(select id from parameter where name='alpha' and model_id=(select id from model where name='huber_regressor') and parameter_type_id=(select id from parameter_type where name='float'))), true, true, 0.000000, 1.000000);
INSERT INTO float_parameter(parameter_type_definition_id, default_value) VALUES ((select id from parameter_type_definition where parameter_id=(select id from parameter where name='epsilon' and model_id=(select id from model where name='huber_regressor') and parameter_type_id=(select id from parameter_type where name='float'))), 1.350000);
INSERT INTO float_parameter_range(parameter_type_definition_id, is_left_open, is_right_open, lower, upper) VALUES ((select id from parameter_type_definition where parameter_id=(select id from parameter where name='epsilon' and model_id=(select id from model where name='huber_regressor') and parameter_type_id=(select id from parameter_type where name='float'))), true, true, 1.010000, 3.000000);
INSERT INTO boolean_parameter(parameter_type_definition_id, default_value) VALUES ((select id from parameter_type_definition where parameter_id=(select id from parameter where name='fit_intercept' and model_id=(select id from model where name='huber_regressor') and parameter_type_id=(select id from parameter_type where name='boolean'))), true);
INSERT INTO integer_parameter(parameter_type_definition_id, default_value) VALUES ((select id from parameter_type_definition where parameter_id=(select id from parameter where name='max_iter' and model_id=(select id from model where name='huber_regressor') and parameter_type_id=(select id from parameter_type where name='integer'))), 100);
INSERT INTO integer_parameter_value(parameter_type_definition_id, lower, upper) VALUES ((select id from parameter_type_definition where parameter_id=(select id from parameter where name='max_iter' and model_id=(select id from model where name='huber_regressor') and parameter_type_id=(select id from parameter_type where name='integer'))), 1, 501);
INSERT INTO float_parameter(parameter_type_definition_id, default_value) VALUES ((select id from parameter_type_definition where parameter_id=(select id from parameter where name='tol' and model_id=(select id from model where name='huber_regressor') and parameter_type_id=(select id from parameter_type where name='float'))), 0.000010);
INSERT INTO float_parameter_range(parameter_type_definition_id, is_left_open, is_right_open, lower, upper) VALUES ((select id from parameter_type_definition where parameter_id=(select id from parameter where name='tol' and model_id=(select id from model where name='huber_regressor') and parameter_type_id=(select id from parameter_type where name='float'))), true, true, 0.000010, 1.000000);
INSERT INTO model(name, ml_task_id, description, display_name, structure_id, advantages, disadvantages, enabled, ensemble_type_id, family_type_id, decision_tree, model_type_id) VALUES ('lasso_regressor', (select id from ml_task_type where name='regression'),'The Lasso Regressor is a linear regression model that employs L1 regularization to add a penalty term to the loss function, which is proportional to the absolute value of the coefficients. This form of regularization encourages sparsity by forcing some coefficients to be exactly zero, effectively performing feature selection. Lasso is particularly useful when you suspect that many features are irrelevant or redundant, and you want a model that is easier to interpret.', 'Lasso Regressor', (select id from model_structure_type where name='base'), '{Feature Selection: One of the key advantages of Lasso Regression is its ability to perform automatic feature selection. By forcing some coefficient estimates to be exactly zero, it provides a model that involves only a subset of the features, making the model easier to interpret and generalize.,Prevention of Overfitting: Similar to Ridge and Elastic Net, Lasso also adds a penalty term to the loss function, discouraging overly complex models and thus helping to prevent overfitting.,Works Well with High-Dimensional Data: Lasso Regression can provide good performance even when the number of features is greater than the number of samples, especially when only a subset of the features is relevant for prediction.}', '{Stability Issues: Lasso can be unstable in cases where predictors are highly correlated. In such cases, it may arbitrarily choose one feature over another, which may vary with slight changes in the data.,Hyperparameter Tuning: Just like Ridge and Elastic Net, Lasso also requires the tuning of a regularization strength hyperparameter, which can add to the complexity and computational time needed for model development.,Limitation in Model Complexity: By zeroing out some of the coefficients, Lasso may produce a model that is too simplistic to capture the underlying patterns in the data, especially if the true relationship requires inclusion of all features.}', true, (select id from model_ensemble_type where name='none'),(select id from model_family_type where name='other'), false, (select id from model_type where name='Linear Model'));
INSERT INTO parameter(name, label, description, enabled, fixed_value, ordering, model_id) VALUES ('alpha', 'Alpha', 'Constant that multiplies the L1 term, controlling regularization strength. ', true, false, 1, (select id from Model where name='lasso_regressor'));
INSERT INTO parameter(name, label, description, enabled, fixed_value, ordering, model_id) VALUES ('fit_intercept', 'Calculate Intercept', 'Whether to calculate the intercept for this model. If set to False, no intercept will be used in calculations (i.e. data is expected to be centered).', false, false, 2, (select id from Model where name='lasso_regressor'));
INSERT INTO parameter(name, label, description, enabled, fixed_value, ordering, model_id) VALUES ('max_iter', 'Maximum number of iterations', '    Maximum number of iterations taken for the solvers to converge.', true, false, 3, (select id from Model where name='lasso_regressor'));
INSERT INTO parameter(name, label, description, enabled, fixed_value, ordering, model_id) VALUES ('positive', 'Positive', 'When set to True, forces the coefficients to be positive.', false, false, 4, (select id from Model where name='lasso_regressor'));
INSERT INTO parameter(name, label, description, enabled, fixed_value, ordering, model_id) VALUES ('selection', 'Selection', 'If set to ''random'', a random coefficient is updated every iteration rather than looping over features sequentially by default. This (setting to ''random'') often leads to significantly faster convergence especially when tol is higher than 1e-4.', false, false, 5, (select id from Model where name='lasso_regressor'));
INSERT INTO parameter(name, label, description, enabled, fixed_value, ordering, model_id) VALUES ('tol', 'Tolerance', 'Maximum norm of the residual.', true, false, 6, (select id from Model where name='lasso_regressor'));
INSERT INTO rel_model__incompatible_metrics(model_id, metric_id) VALUES ((select id from model where name='lasso_regressor'), (select id from metric where name='classification-log-loss'));
INSERT INTO rel_model__incompatible_metrics(model_id, metric_id) VALUES ((select id from model where name='lasso_regressor'), (select id from metric where name='classification-roc'));
INSERT INTO parameter_type_definition(parameter_id, parameter_type_id, parameter_distribution_type_id, ordering) VALUES ((select id from parameter where name='alpha' and model_id=(select id from model where name='lasso_regressor')), (select id from parameter_type where name='float'), (select id from parameter_distribution_type where name='uniform'), 0);
INSERT INTO parameter_type_definition(parameter_id, parameter_type_id, parameter_distribution_type_id, ordering) VALUES ((select id from parameter where name='fit_intercept' and model_id=(select id from model where name='lasso_regressor')), (select id from parameter_type where name='boolean'), (select id from parameter_distribution_type where name='uniform'), 0);
INSERT INTO parameter_type_definition(parameter_id, parameter_type_id, parameter_distribution_type_id, ordering) VALUES ((select id from parameter where name='max_iter' and model_id=(select id from model where name='lasso_regressor')), (select id from parameter_type where name='integer'), (select id from parameter_distribution_type where name='uniform'), 0);
INSERT INTO parameter_type_definition(parameter_id, parameter_type_id, parameter_distribution_type_id, ordering) VALUES ((select id from parameter where name='positive' and model_id=(select id from model where name='lasso_regressor')), (select id from parameter_type where name='boolean'), (select id from parameter_distribution_type where name='uniform'), 0);
INSERT INTO parameter_type_definition(parameter_id, parameter_type_id, parameter_distribution_type_id, ordering) VALUES ((select id from parameter where name='selection' and model_id=(select id from model where name='lasso_regressor')), (select id from parameter_type where name='categorical'), (select id from parameter_distribution_type where name='uniform'), 0);
INSERT INTO parameter_type_definition(parameter_id, parameter_type_id, parameter_distribution_type_id, ordering) VALUES ((select id from parameter where name='tol' and model_id=(select id from model where name='lasso_regressor')), (select id from parameter_type where name='float'), (select id from parameter_distribution_type where name='uniform'), 0);
INSERT INTO float_parameter(parameter_type_definition_id, default_value) VALUES ((select id from parameter_type_definition where parameter_id=(select id from parameter where name='alpha' and model_id=(select id from model where name='lasso_regressor') and parameter_type_id=(select id from parameter_type where name='float'))), 1.000000);
INSERT INTO float_parameter_range(parameter_type_definition_id, is_left_open, is_right_open, lower, upper) VALUES ((select id from parameter_type_definition where parameter_id=(select id from parameter where name='alpha' and model_id=(select id from model where name='lasso_regressor') and parameter_type_id=(select id from parameter_type where name='float'))), true, true, 0.000000, 1.000000);
INSERT INTO boolean_parameter(parameter_type_definition_id, default_value) VALUES ((select id from parameter_type_definition where parameter_id=(select id from parameter where name='fit_intercept' and model_id=(select id from model where name='lasso_regressor') and parameter_type_id=(select id from parameter_type where name='boolean'))), true);
INSERT INTO integer_parameter(parameter_type_definition_id, default_value) VALUES ((select id from parameter_type_definition where parameter_id=(select id from parameter where name='max_iter' and model_id=(select id from model where name='lasso_regressor') and parameter_type_id=(select id from parameter_type where name='integer'))), 1000);
INSERT INTO integer_parameter_value(parameter_type_definition_id, lower, upper) VALUES ((select id from parameter_type_definition where parameter_id=(select id from parameter where name='max_iter' and model_id=(select id from model where name='lasso_regressor') and parameter_type_id=(select id from parameter_type where name='integer'))), 1, 5001);
INSERT INTO boolean_parameter(parameter_type_definition_id, default_value) VALUES ((select id from parameter_type_definition where parameter_id=(select id from parameter where name='positive' and model_id=(select id from model where name='lasso_regressor') and parameter_type_id=(select id from parameter_type where name='boolean'))), false);
INSERT INTO categorical_parameter(parameter_type_definition_id, default_value) VALUES ((select id from parameter_type_definition where parameter_id=(select id from parameter where name='selection' and model_id=(select id from model where name='lasso_regressor') and parameter_type_id=(select id from parameter_type where name='categorical'))), 'cyclic');
INSERT INTO categorical_parameter_value(parameter_type_definition_id, value) VALUES ((select id from parameter_type_definition where parameter_id=(select id from parameter where name='selection' and model_id=(select id from model where name='lasso_regressor') and parameter_type_id=(select id from parameter_type where name='categorical'))), 'cyclic');
INSERT INTO categorical_parameter_value(parameter_type_definition_id, value) VALUES ((select id from parameter_type_definition where parameter_id=(select id from parameter where name='selection' and model_id=(select id from model where name='lasso_regressor') and parameter_type_id=(select id from parameter_type where name='categorical'))), 'random');
INSERT INTO float_parameter(parameter_type_definition_id, default_value) VALUES ((select id from parameter_type_definition where parameter_id=(select id from parameter where name='tol' and model_id=(select id from model where name='lasso_regressor') and parameter_type_id=(select id from parameter_type where name='float'))), 0.000100);
INSERT INTO float_parameter_range(parameter_type_definition_id, is_left_open, is_right_open, lower, upper) VALUES ((select id from parameter_type_definition where parameter_id=(select id from parameter where name='tol' and model_id=(select id from model where name='lasso_regressor') and parameter_type_id=(select id from parameter_type where name='float'))), true, true, 0.000000, 0.100000);
INSERT INTO model(name, ml_task_id, description, display_name, structure_id, advantages, disadvantages, enabled, ensemble_type_id, family_type_id, decision_tree, model_type_id) VALUES ('linear_regressor', (select id from ml_task_type where name='regression'),'The Linear Regressor is a fundamental statistical model that aims to establish a linear relationship between a set of input features and a continuous output variable. It is simple, interpretable, and computationally efficient, making it a good baseline model for many predictive tasks. The method seeks to fit a linear equation to observed data by minimizing the sum of the squared differences between the observed outcomes and the outcomes predicted by the model.', 'Linear Regressor', (select id from model_structure_type where name='base'), '{Interpretability: One of the main advantages of Linear Regression is its high interpretability. The coefficients of the model directly indicate the impact of each feature on the target variable, making it easy to explain the model''s decisions.,Low Computational Cost: Linear Regression is computationally inexpensive to train and predict, making it highly scalable for datasets with a large number of samples and features.,Fast to Implement and Train: Due to its simplicity and the availability of analytical solutions, a Linear Regressor can be quickly implemented and trained, serving as a useful baseline model in many machine learning projects.}', '{Prone to Overfitting with High-Dimensional Data: In cases where the number of features is greater than the number of observations, or when features are highly correlated, Linear Regression is susceptible to overfitting.,Assumes Linear Relationship: Linear Regression assumes that the relationship between the features and the target variable is linear. This assumption may not hold for complex, real-world data sets where relationships can be non-linear.,Sensitive to Outliers: The model is sensitive to outliers in the data, which can disproportionately affect the slope of the regression line and, consequently, the predictions.}', true, (select id from model_ensemble_type where name='none'),(select id from model_family_type where name='linear'), false, (select id from model_type where name='Linear Model'));
INSERT INTO rel_model__groups(model_id, group_id) VALUES ((select id from Model where name='linear_regressor'),(select id from model_group_type where name='fast'));
INSERT INTO rel_model__groups(model_id, group_id) VALUES ((select id from Model where name='linear_regressor'),(select id from model_group_type where name='explainable'));
INSERT INTO parameter(name, label, description, enabled, fixed_value, ordering, model_id) VALUES ('fit_intercept', 'Calculate Intercept', 'Determines whether to include an intercept term in the linear regression model. If set to True, the model will calculate the intercept; if set to False, the model assumes that the data is centered and will not use an intercept in calculations.', true, false, 1, (select id from Model where name='linear_regressor'));
INSERT INTO rel_model__incompatible_metrics(model_id, metric_id) VALUES ((select id from model where name='linear_regressor'), (select id from metric where name='classification-log-loss'));
INSERT INTO rel_model__incompatible_metrics(model_id, metric_id) VALUES ((select id from model where name='linear_regressor'), (select id from metric where name='classification-roc'));
INSERT INTO parameter_type_definition(parameter_id, parameter_type_id, parameter_distribution_type_id, ordering) VALUES ((select id from parameter where name='fit_intercept' and model_id=(select id from model where name='linear_regressor')), (select id from parameter_type where name='boolean'), (select id from parameter_distribution_type where name='uniform'), 0);
INSERT INTO boolean_parameter(parameter_type_definition_id, default_value) VALUES ((select id from parameter_type_definition where parameter_id=(select id from parameter where name='fit_intercept' and model_id=(select id from model where name='linear_regressor') and parameter_type_id=(select id from parameter_type where name='boolean'))), true);
INSERT INTO model(name, ml_task_id, description, display_name, structure_id, advantages, disadvantages, enabled, ensemble_type_id, family_type_id, decision_tree, model_type_id) VALUES ('linearsvr_regressor', (select id from ml_task_type where name='regression'),'Linear Support Vector Machine Regressor is similar to Support Vector Machine Regressor with the linear kernel but has more flexibility in the choice of penalties and loss functions.', 'Linear Support Vector Machine Regressor', (select id from model_structure_type where name='base'), '{It performs well in higher dimension spaces,It is robust to outliers}', '{It is computationally expensive,It is tricky in selecting the appropriate kernel function}', true, (select id from model_ensemble_type where name='none'),(select id from model_family_type where name='other'), false, (select id from model_type where name='Kernel Model'));
INSERT INTO parameter(name, label, description, enabled, fixed_value, ordering, model_id) VALUES ('C', 'C', 'Inverse of regularization strength; must be a positive float. Like in support vector machines, smaller values specify stronger regularization.', true, false, 1, (select id from Model where name='linearsvr_regressor'));
INSERT INTO parameter(name, label, description, enabled, fixed_value, ordering, model_id) VALUES ('dual', 'Dual', 'Select the algorithm to either solve the dual or primal optimization problem. Prefer dual=False when n_samples > n_features.', false, false, 2, (select id from Model where name='linearsvr_regressor'));
INSERT INTO parameter(name, label, description, enabled, fixed_value, ordering, model_id) VALUES ('epsilon', 'Epsilon', 'Value for numerical stability in adam. Only used when solver=''adam''.', false, false, 3, (select id from Model where name='linearsvr_regressor'));
INSERT INTO parameter(name, label, description, enabled, fixed_value, ordering, model_id) VALUES ('fit_intercept', 'Calculate Intercept', 'Whether to calculate the intercept for this model. If set to False, no intercept will be used in calculations (i.e. data is expected to be centered).', false, false, 4, (select id from Model where name='linearsvr_regressor'));
INSERT INTO parameter(name, label, description, enabled, fixed_value, ordering, model_id) VALUES ('intercept_scaling', 'Intercept scaling', 'Useful only when the solver ''liblinear'' is used and self.fit_intercept is set to True. In this case, x becomes [x, self.intercept_scaling], i.e. a synthetic feature with constant value equal to intercept_scaling is appended to the instance vector. The intercept becomes intercept_scaling * synthetic_feature_weight.', false, false, 5, (select id from Model where name='linearsvr_regressor'));
INSERT INTO parameter(name, label, description, enabled, fixed_value, ordering, model_id) VALUES ('loss', 'Loss', 'Specifies the loss function. The epsilon-insensitive loss (standard SVR) is the L1 loss, while the squared epsilon-insensitive loss (squared_epsilon_insensitive) is the L2 loss.', false, false, 6, (select id from Model where name='linearsvr_regressor'));
INSERT INTO parameter(name, label, description, enabled, fixed_value, ordering, model_id) VALUES ('max_iter', 'Maximum number of iterations', '    Maximum number of iterations taken for the solvers to converge.', true, false, 7, (select id from Model where name='linearsvr_regressor'));
INSERT INTO parameter(name, label, description, enabled, fixed_value, ordering, model_id) VALUES ('tol', 'Tolerance', 'Maximum norm of the residual.', true, false, 8, (select id from Model where name='linearsvr_regressor'));
INSERT INTO rel_model__incompatible_metrics(model_id, metric_id) VALUES ((select id from model where name='linearsvr_regressor'), (select id from metric where name='classification-log-loss'));
INSERT INTO rel_model__incompatible_metrics(model_id, metric_id) VALUES ((select id from model where name='linearsvr_regressor'), (select id from metric where name='classification-roc'));
INSERT INTO parameter_type_definition(parameter_id, parameter_type_id, parameter_distribution_type_id, ordering) VALUES ((select id from parameter where name='C' and model_id=(select id from model where name='linearsvr_regressor')), (select id from parameter_type where name='float'), (select id from parameter_distribution_type where name='uniform'), 0);
INSERT INTO parameter_type_definition(parameter_id, parameter_type_id, parameter_distribution_type_id, ordering) VALUES ((select id from parameter where name='dual' and model_id=(select id from model where name='linearsvr_regressor')), (select id from parameter_type where name='boolean'), (select id from parameter_distribution_type where name='uniform'), 0);
INSERT INTO parameter_type_definition(parameter_id, parameter_type_id, parameter_distribution_type_id, ordering) VALUES ((select id from parameter where name='epsilon' and model_id=(select id from model where name='linearsvr_regressor')), (select id from parameter_type where name='float'), (select id from parameter_distribution_type where name='uniform'), 0);
INSERT INTO parameter_type_definition(parameter_id, parameter_type_id, parameter_distribution_type_id, ordering) VALUES ((select id from parameter where name='fit_intercept' and model_id=(select id from model where name='linearsvr_regressor')), (select id from parameter_type where name='boolean'), (select id from parameter_distribution_type where name='uniform'), 0);
INSERT INTO parameter_type_definition(parameter_id, parameter_type_id, parameter_distribution_type_id, ordering) VALUES ((select id from parameter where name='intercept_scaling' and model_id=(select id from model where name='linearsvr_regressor')), (select id from parameter_type where name='float'), (select id from parameter_distribution_type where name='uniform'), 0);
INSERT INTO parameter_type_definition(parameter_id, parameter_type_id, parameter_distribution_type_id, ordering) VALUES ((select id from parameter where name='loss' and model_id=(select id from model where name='linearsvr_regressor')), (select id from parameter_type where name='categorical'), (select id from parameter_distribution_type where name='uniform'), 0);
INSERT INTO parameter_type_definition(parameter_id, parameter_type_id, parameter_distribution_type_id, ordering) VALUES ((select id from parameter where name='max_iter' and model_id=(select id from model where name='linearsvr_regressor')), (select id from parameter_type where name='integer'), (select id from parameter_distribution_type where name='uniform'), 0);
INSERT INTO parameter_type_definition(parameter_id, parameter_type_id, parameter_distribution_type_id, ordering) VALUES ((select id from parameter where name='tol' and model_id=(select id from model where name='linearsvr_regressor')), (select id from parameter_type where name='float'), (select id from parameter_distribution_type where name='uniform'), 0);
INSERT INTO float_parameter(parameter_type_definition_id, default_value) VALUES ((select id from parameter_type_definition where parameter_id=(select id from parameter where name='C' and model_id=(select id from model where name='linearsvr_regressor') and parameter_type_id=(select id from parameter_type where name='float'))), 1.000000);
INSERT INTO float_parameter_range(parameter_type_definition_id, is_left_open, is_right_open, lower, upper) VALUES ((select id from parameter_type_definition where parameter_id=(select id from parameter where name='C' and model_id=(select id from model where name='linearsvr_regressor') and parameter_type_id=(select id from parameter_type where name='float'))), true, true, 0.000000, 25.000000);
INSERT INTO boolean_parameter(parameter_type_definition_id, default_value) VALUES ((select id from parameter_type_definition where parameter_id=(select id from parameter where name='dual' and model_id=(select id from model where name='linearsvr_regressor') and parameter_type_id=(select id from parameter_type where name='boolean'))), true);
INSERT INTO float_parameter(parameter_type_definition_id, default_value) VALUES ((select id from parameter_type_definition where parameter_id=(select id from parameter where name='epsilon' and model_id=(select id from model where name='linearsvr_regressor') and parameter_type_id=(select id from parameter_type where name='float'))), 0.000000);
INSERT INTO float_parameter_range(parameter_type_definition_id, is_left_open, is_right_open, lower, upper) VALUES ((select id from parameter_type_definition where parameter_id=(select id from parameter where name='epsilon' and model_id=(select id from model where name='linearsvr_regressor') and parameter_type_id=(select id from parameter_type where name='float'))), true, true, 0.000000, 1.000000);
INSERT INTO boolean_parameter(parameter_type_definition_id, default_value) VALUES ((select id from parameter_type_definition where parameter_id=(select id from parameter where name='fit_intercept' and model_id=(select id from model where name='linearsvr_regressor') and parameter_type_id=(select id from parameter_type where name='boolean'))), true);
INSERT INTO float_parameter(parameter_type_definition_id, default_value) VALUES ((select id from parameter_type_definition where parameter_id=(select id from parameter where name='intercept_scaling' and model_id=(select id from model where name='linearsvr_regressor') and parameter_type_id=(select id from parameter_type where name='float'))), 1.000000);
INSERT INTO float_parameter_range(parameter_type_definition_id, is_left_open, is_right_open, lower, upper) VALUES ((select id from parameter_type_definition where parameter_id=(select id from parameter where name='intercept_scaling' and model_id=(select id from model where name='linearsvr_regressor') and parameter_type_id=(select id from parameter_type where name='float'))), true, true, 0.000000, 1.000000);
INSERT INTO categorical_parameter(parameter_type_definition_id, default_value) VALUES ((select id from parameter_type_definition where parameter_id=(select id from parameter where name='loss' and model_id=(select id from model where name='linearsvr_regressor') and parameter_type_id=(select id from parameter_type where name='categorical'))), 'epsilon_insensitive');
INSERT INTO categorical_parameter_value(parameter_type_definition_id, value) VALUES ((select id from parameter_type_definition where parameter_id=(select id from parameter where name='loss' and model_id=(select id from model where name='linearsvr_regressor') and parameter_type_id=(select id from parameter_type where name='categorical'))), 'squared_epsilon_insensitive');
INSERT INTO categorical_parameter_value(parameter_type_definition_id, value) VALUES ((select id from parameter_type_definition where parameter_id=(select id from parameter where name='loss' and model_id=(select id from model where name='linearsvr_regressor') and parameter_type_id=(select id from parameter_type where name='categorical'))), 'epsilon_insensitive');
INSERT INTO integer_parameter(parameter_type_definition_id, default_value) VALUES ((select id from parameter_type_definition where parameter_id=(select id from parameter where name='max_iter' and model_id=(select id from model where name='linearsvr_regressor') and parameter_type_id=(select id from parameter_type where name='integer'))), 1000);
INSERT INTO integer_parameter_value(parameter_type_definition_id, lower, upper) VALUES ((select id from parameter_type_definition where parameter_id=(select id from parameter where name='max_iter' and model_id=(select id from model where name='linearsvr_regressor') and parameter_type_id=(select id from parameter_type where name='integer'))), 500, 2001);
INSERT INTO float_parameter(parameter_type_definition_id, default_value) VALUES ((select id from parameter_type_definition where parameter_id=(select id from parameter where name='tol' and model_id=(select id from model where name='linearsvr_regressor') and parameter_type_id=(select id from parameter_type where name='float'))), 0.000100);
INSERT INTO float_parameter_range(parameter_type_definition_id, is_left_open, is_right_open, lower, upper) VALUES ((select id from parameter_type_definition where parameter_id=(select id from parameter where name='tol' and model_id=(select id from model where name='linearsvr_regressor') and parameter_type_id=(select id from parameter_type where name='float'))), true, true, 0.000100, 1.000000);
INSERT INTO model(name, ml_task_id, description, display_name, structure_id, advantages, disadvantages, enabled, ensemble_type_id, family_type_id, decision_tree, model_type_id) VALUES ('mean_dummy_regressor', (select id from ml_task_type where name='regression'),'The mean dummy regressor always predicts the mean of the training set.', 'Mean Dummy Regressor', (select id from model_structure_type where name='base'), '{Easily explainable.,Fast to train.,Provides a baseline with which to compare other models.}', '{Ignores all feature information.}', true, (select id from model_ensemble_type where name='none'),(select id from model_family_type where name='other'), false, (select id from model_type where name='Baseline Model'));
INSERT INTO rel_model__incompatible_metrics(model_id, metric_id) VALUES ((select id from model where name='mean_dummy_regressor'), (select id from metric where name='classification-log-loss'));
INSERT INTO rel_model__incompatible_metrics(model_id, metric_id) VALUES ((select id from model where name='mean_dummy_regressor'), (select id from metric where name='classification-roc'));
INSERT INTO model(name, ml_task_id, description, display_name, structure_id, advantages, disadvantages, enabled, ensemble_type_id, family_type_id, decision_tree, model_type_id) VALUES ('median_dummy_regressor', (select id from ml_task_type where name='regression'),'The median dummy regressor always predicts the median of the training set.', 'Median Dummy Regressor', (select id from model_structure_type where name='base'), '{Easily explainable.,Fast to train.,Provides a baseline with which to compare other models.}', '{Ignores all feature information.}', true, (select id from model_ensemble_type where name='none'),(select id from model_family_type where name='other'), false, (select id from model_type where name='Baseline Model'));
INSERT INTO rel_model__incompatible_metrics(model_id, metric_id) VALUES ((select id from model where name='median_dummy_regressor'), (select id from metric where name='classification-log-loss'));
INSERT INTO rel_model__incompatible_metrics(model_id, metric_id) VALUES ((select id from model where name='median_dummy_regressor'), (select id from metric where name='classification-roc'));
INSERT INTO model(name, ml_task_id, description, display_name, structure_id, advantages, disadvantages, enabled, ensemble_type_id, family_type_id, decision_tree, model_type_id) VALUES ('passive_aggressive_regressor', (select id from ml_task_type where name='regression'),'The Passive Aggressive Regressor is a linear model from the scikit-learn library. It is an online learning algorithm particularly suitable for large-scale data and streaming data scenarios where the model is incrementally updated with new data points. The algorithm derives its name from its approach to updating the model''s weights: it is "passive" when the current model''s prediction error is within a specified margin (controlled by the epsilon parameter), and "aggressive" when the prediction error exceeds this margin. The aggressiveness of the weight updates is controlled by a regularization parameter, which balances the trade-off between model stability and adaptability to new data. The Passive Aggressive Regressor is computationally efficient and can handle high-dimensional feature spaces, making it a valuable choice for various regression tasks, such as predicting numerical values in time-series data, forecasting sales, or estimating user ratings in recommendation systems.', 'Passive Aggressive Regressor', (select id from model_structure_type where name='base'), '{Efficient for large-scale learning tasks,Suitable for online learning and streaming data,Can handle high-dimensional data,Supports early stopping to prevent overfitting}', '{Sensitive to feature scaling,Requires tuning of hyperparameters,May not perform well on small datasets}', true, (select id from model_ensemble_type where name='none'),(select id from model_family_type where name='linear'), false, (select id from model_type where name='Linear Model'));
INSERT INTO parameter(name, label, description, enabled, fixed_value, ordering, model_id) VALUES ('C', 'C', 'Controls the inverse of regularization strength, with smaller values resulting in stronger regularization. Regularization helps prevent overfitting by penalizing large weights.', true, false, 1, (select id from Model where name='passive_aggressive_regressor'));
INSERT INTO parameter(name, label, description, enabled, fixed_value, ordering, model_id) VALUES ('early_stopping', 'Early stopping', 'Determines if early stopping should be used to halt training when the validation score is not improving, preventing overfitting and reducing training time.', false, false, 2, (select id from Model where name='passive_aggressive_regressor'));
INSERT INTO parameter(name, label, description, enabled, fixed_value, ordering, model_id) VALUES ('epsilon', 'Epsilon', 'Determines the threshold for the loss function, below which the model will not be updated. This balances the model''s sensitivity to small errors and its robustness to noise.', false, false, 3, (select id from Model where name='passive_aggressive_regressor'));
INSERT INTO parameter(name, label, description, enabled, fixed_value, ordering, model_id) VALUES ('fit_intercept', 'Calculate Intercept', 'Indicates if an intercept should be calculated for the model.', false, false, 4, (select id from Model where name='passive_aggressive_regressor'));
INSERT INTO parameter(name, label, description, enabled, fixed_value, ordering, model_id) VALUES ('loss', 'Loss', 'Specifies the loss function to be optimized during training.', true, false, 5, (select id from Model where name='passive_aggressive_regressor'));
INSERT INTO parameter(name, label, description, enabled, fixed_value, ordering, model_id) VALUES ('max_iter', 'Maximum number of iterations', 'Sets the maximum number of iterations for the solver to converge, controlling the maximum training time.', true, false, 6, (select id from Model where name='passive_aggressive_regressor'));
INSERT INTO parameter(name, label, description, enabled, fixed_value, ordering, model_id) VALUES ('n_iter_no_change', 'Maximum number of iterations with no change', 'Defines the maximum number of epochs without improvement in the validation score before stopping. Only effective when the solver is ''sgd'' or ''adam''.', false, false, 7, (select id from Model where name='passive_aggressive_regressor'));
INSERT INTO parameter(name, label, description, enabled, fixed_value, ordering, model_id) VALUES ('shuffle', 'Shuffle', 'Determines if samples should be shuffled in each iteration, which can help avoid getting stuck in local minima.', false, false, 8, (select id from Model where name='passive_aggressive_regressor'));
INSERT INTO parameter(name, label, description, enabled, fixed_value, ordering, model_id) VALUES ('tol', 'Tolerance', 'Controls the stopping criterion in iterative algorithms, specifying the minimum improvement in the objective function or loss between consecutive iterations required for the algorithm to continue training.', true, false, 9, (select id from Model where name='passive_aggressive_regressor'));
INSERT INTO parameter(name, label, description, enabled, fixed_value, ordering, model_id) VALUES ('validation_fraction', 'Validation fraction', 'Specifies the proportion of training data to be set aside as a validation set for early stopping.', false, false, 10, (select id from Model where name='passive_aggressive_regressor'));
INSERT INTO rel_model__incompatible_metrics(model_id, metric_id) VALUES ((select id from model where name='passive_aggressive_regressor'), (select id from metric where name='classification-log-loss'));
INSERT INTO rel_model__incompatible_metrics(model_id, metric_id) VALUES ((select id from model where name='passive_aggressive_regressor'), (select id from metric where name='classification-roc'));
INSERT INTO parameter_type_definition(parameter_id, parameter_type_id, parameter_distribution_type_id, ordering) VALUES ((select id from parameter where name='C' and model_id=(select id from model where name='passive_aggressive_regressor')), (select id from parameter_type where name='float'), (select id from parameter_distribution_type where name='uniform'), 0);
INSERT INTO parameter_type_definition(parameter_id, parameter_type_id, parameter_distribution_type_id, ordering) VALUES ((select id from parameter where name='early_stopping' and model_id=(select id from model where name='passive_aggressive_regressor')), (select id from parameter_type where name='boolean'), (select id from parameter_distribution_type where name='uniform'), 0);
INSERT INTO parameter_type_definition(parameter_id, parameter_type_id, parameter_distribution_type_id, ordering) VALUES ((select id from parameter where name='epsilon' and model_id=(select id from model where name='passive_aggressive_regressor')), (select id from parameter_type where name='float'), (select id from parameter_distribution_type where name='uniform'), 0);
INSERT INTO parameter_type_definition(parameter_id, parameter_type_id, parameter_distribution_type_id, ordering) VALUES ((select id from parameter where name='fit_intercept' and model_id=(select id from model where name='passive_aggressive_regressor')), (select id from parameter_type where name='boolean'), (select id from parameter_distribution_type where name='uniform'), 0);
INSERT INTO parameter_type_definition(parameter_id, parameter_type_id, parameter_distribution_type_id, ordering) VALUES ((select id from parameter where name='loss' and model_id=(select id from model where name='passive_aggressive_regressor')), (select id from parameter_type where name='categorical'), (select id from parameter_distribution_type where name='uniform'), 0);
INSERT INTO parameter_type_definition(parameter_id, parameter_type_id, parameter_distribution_type_id, ordering) VALUES ((select id from parameter where name='max_iter' and model_id=(select id from model where name='passive_aggressive_regressor')), (select id from parameter_type where name='integer'), (select id from parameter_distribution_type where name='uniform'), 0);
INSERT INTO parameter_type_definition(parameter_id, parameter_type_id, parameter_distribution_type_id, ordering) VALUES ((select id from parameter where name='n_iter_no_change' and model_id=(select id from model where name='passive_aggressive_regressor')), (select id from parameter_type where name='integer'), (select id from parameter_distribution_type where name='uniform'), 0);
INSERT INTO parameter_type_definition(parameter_id, parameter_type_id, parameter_distribution_type_id, ordering) VALUES ((select id from parameter where name='shuffle' and model_id=(select id from model where name='passive_aggressive_regressor')), (select id from parameter_type where name='boolean'), (select id from parameter_distribution_type where name='uniform'), 0);
INSERT INTO parameter_type_definition(parameter_id, parameter_type_id, parameter_distribution_type_id, ordering) VALUES ((select id from parameter where name='tol' and model_id=(select id from model where name='passive_aggressive_regressor')), (select id from parameter_type where name='float'), (select id from parameter_distribution_type where name='uniform'), 0);
INSERT INTO parameter_type_definition(parameter_id, parameter_type_id, parameter_distribution_type_id, ordering) VALUES ((select id from parameter where name='validation_fraction' and model_id=(select id from model where name='passive_aggressive_regressor')), (select id from parameter_type where name='float'), (select id from parameter_distribution_type where name='uniform'), 0);
INSERT INTO float_parameter(parameter_type_definition_id, default_value) VALUES ((select id from parameter_type_definition where parameter_id=(select id from parameter where name='C' and model_id=(select id from model where name='passive_aggressive_regressor') and parameter_type_id=(select id from parameter_type where name='float'))), 1.000000);
INSERT INTO float_parameter_range(parameter_type_definition_id, is_left_open, is_right_open, lower, upper) VALUES ((select id from parameter_type_definition where parameter_id=(select id from parameter where name='C' and model_id=(select id from model where name='passive_aggressive_regressor') and parameter_type_id=(select id from parameter_type where name='float'))), true, true, 0.000000, 1.000000);
INSERT INTO boolean_parameter(parameter_type_definition_id, default_value) VALUES ((select id from parameter_type_definition where parameter_id=(select id from parameter where name='early_stopping' and model_id=(select id from model where name='passive_aggressive_regressor') and parameter_type_id=(select id from parameter_type where name='boolean'))), false);
INSERT INTO float_parameter(parameter_type_definition_id, default_value) VALUES ((select id from parameter_type_definition where parameter_id=(select id from parameter where name='epsilon' and model_id=(select id from model where name='passive_aggressive_regressor') and parameter_type_id=(select id from parameter_type where name='float'))), 0.100000);
INSERT INTO float_parameter_range(parameter_type_definition_id, is_left_open, is_right_open, lower, upper) VALUES ((select id from parameter_type_definition where parameter_id=(select id from parameter where name='epsilon' and model_id=(select id from model where name='passive_aggressive_regressor') and parameter_type_id=(select id from parameter_type where name='float'))), true, true, 0.000100, 1.000000);
INSERT INTO boolean_parameter(parameter_type_definition_id, default_value) VALUES ((select id from parameter_type_definition where parameter_id=(select id from parameter where name='fit_intercept' and model_id=(select id from model where name='passive_aggressive_regressor') and parameter_type_id=(select id from parameter_type where name='boolean'))), true);
INSERT INTO categorical_parameter(parameter_type_definition_id, default_value) VALUES ((select id from parameter_type_definition where parameter_id=(select id from parameter where name='loss' and model_id=(select id from model where name='passive_aggressive_regressor') and parameter_type_id=(select id from parameter_type where name='categorical'))), 'epsilon_insensitive');
INSERT INTO categorical_parameter_value(parameter_type_definition_id, value) VALUES ((select id from parameter_type_definition where parameter_id=(select id from parameter where name='loss' and model_id=(select id from model where name='passive_aggressive_regressor') and parameter_type_id=(select id from parameter_type where name='categorical'))), 'squared_epsilon_insensitive');
INSERT INTO categorical_parameter_value(parameter_type_definition_id, value) VALUES ((select id from parameter_type_definition where parameter_id=(select id from parameter where name='loss' and model_id=(select id from model where name='passive_aggressive_regressor') and parameter_type_id=(select id from parameter_type where name='categorical'))), 'epsilon_insensitive');
INSERT INTO integer_parameter(parameter_type_definition_id, default_value) VALUES ((select id from parameter_type_definition where parameter_id=(select id from parameter where name='max_iter' and model_id=(select id from model where name='passive_aggressive_regressor') and parameter_type_id=(select id from parameter_type where name='integer'))), 1000);
INSERT INTO integer_parameter_value(parameter_type_definition_id, lower, upper) VALUES ((select id from parameter_type_definition where parameter_id=(select id from parameter where name='max_iter' and model_id=(select id from model where name='passive_aggressive_regressor') and parameter_type_id=(select id from parameter_type where name='integer'))), 0, 2001);
INSERT INTO integer_parameter(parameter_type_definition_id, default_value) VALUES ((select id from parameter_type_definition where parameter_id=(select id from parameter where name='n_iter_no_change' and model_id=(select id from model where name='passive_aggressive_regressor') and parameter_type_id=(select id from parameter_type where name='integer'))), 5);
INSERT INTO integer_parameter_value(parameter_type_definition_id, lower, upper) VALUES ((select id from parameter_type_definition where parameter_id=(select id from parameter where name='n_iter_no_change' and model_id=(select id from model where name='passive_aggressive_regressor') and parameter_type_id=(select id from parameter_type where name='integer'))), 2, 11);
INSERT INTO boolean_parameter(parameter_type_definition_id, default_value) VALUES ((select id from parameter_type_definition where parameter_id=(select id from parameter where name='shuffle' and model_id=(select id from model where name='passive_aggressive_regressor') and parameter_type_id=(select id from parameter_type where name='boolean'))), true);
INSERT INTO float_parameter(parameter_type_definition_id, default_value) VALUES ((select id from parameter_type_definition where parameter_id=(select id from parameter where name='tol' and model_id=(select id from model where name='passive_aggressive_regressor') and parameter_type_id=(select id from parameter_type where name='float'))), 0.001000);
INSERT INTO float_parameter_range(parameter_type_definition_id, is_left_open, is_right_open, lower, upper) VALUES ((select id from parameter_type_definition where parameter_id=(select id from parameter where name='tol' and model_id=(select id from model where name='passive_aggressive_regressor') and parameter_type_id=(select id from parameter_type where name='float'))), true, true, 0.000000, 1.000000);
INSERT INTO float_parameter(parameter_type_definition_id, default_value) VALUES ((select id from parameter_type_definition where parameter_id=(select id from parameter where name='validation_fraction' and model_id=(select id from model where name='passive_aggressive_regressor') and parameter_type_id=(select id from parameter_type where name='float'))), 0.100000);
INSERT INTO float_parameter_range(parameter_type_definition_id, is_left_open, is_right_open, lower, upper) VALUES ((select id from parameter_type_definition where parameter_id=(select id from parameter where name='validation_fraction' and model_id=(select id from model where name='passive_aggressive_regressor') and parameter_type_id=(select id from parameter_type where name='float'))), true, true, 0.000000, 0.999900);
INSERT INTO model(name, ml_task_id, description, display_name, structure_id, advantages, disadvantages, enabled, ensemble_type_id, family_type_id, decision_tree, model_type_id) VALUES ('random_forest_regressor', (select id from ml_task_type where name='regression'),'The Random Forest Regressor is a versatile and powerful ensemble learning method from the scikit-learn library. It works by constructing multiple decision trees during training and outputting the mean prediction of the individual trees. This model is particularly effective for handling large datasets with high dimensionality and can automatically learn feature interactions.', 'Random Forest Regressor', (select id from model_structure_type where name='base'), '{Effective for large datasets and high-dimensional features,Automatically learns feature interactions,Reduces overfitting compared to single decision trees,Provides feature importance scores,Can handle missing data and requires minimal data preprocessing}', '{Can be computationally expensive due to the large number of trees,Less interpretable than single decision trees,Slower prediction time compared to some other models,May not perform well on very small datasets or with very noisy data}', true, (select id from model_ensemble_type where name='forest'),(select id from model_family_type where name='tree'), false, (select id from model_type where name='Tree-Based Model'));
INSERT INTO rel_model__groups(model_id, group_id) VALUES ((select id from Model where name='random_forest_regressor'),(select id from model_group_type where name='advanced'));
INSERT INTO parameter(name, label, description, enabled, fixed_value, ordering, model_id) VALUES ('bootstrap', 'Bootstrap', 'Indicates if bootstrap samples are used when building trees. If set to False, the entire dataset is used to build each tree, which may lead to overfitting.', false, false, 1, (select id from Model where name='random_forest_regressor'));
INSERT INTO parameter(name, label, description, enabled, fixed_value, ordering, model_id) VALUES ('ccp_alpha', 'Cost-Complexity Pruning alpha', 'The complexity parameter for Minimal Cost-Complexity Pruning, which helps prevent overfitting by pruning the tree. Larger values of alpha result in more aggressive pruning. By default, no pruning is performed.', false, false, 2, (select id from Model where name='random_forest_regressor'));
INSERT INTO parameter(name, label, description, enabled, fixed_value, ordering, model_id) VALUES ('criterion', 'Criterion', 'The function used to measure the quality of a split in a decision tree.', false, false, 3, (select id from Model where name='random_forest_regressor'));
INSERT INTO parameter(name, label, description, enabled, fixed_value, ordering, model_id) VALUES ('max_depth', 'Maximum depth', 'The maximum depth allowed for each tree, which helps prevent overfitting by limiting complexity.', true, false, 4, (select id from Model where name='random_forest_regressor'));
INSERT INTO parameter(name, label, description, enabled, fixed_value, ordering, model_id) VALUES ('max_features', 'Maximum features', 'Specifies the maximum number of features to consider when making a split in each decision tree, introducing randomness and diversity among the trees to improve the model''s generalization ability. ', true, false, 5, (select id from Model where name='random_forest_regressor'));
INSERT INTO parameter(name, label, description, enabled, fixed_value, ordering, model_id) VALUES ('max_leaf_nodes', 'Maximum number of nodes', 'The maximum number of leaf nodes allowed in each tree, grown in a best-first fashion. Limits the number of leaf nodes in each decision tree, controlling the tree''s complexity and helping to prevent overfitting.', false, false, 6, (select id from Model where name='random_forest_regressor'));
INSERT INTO parameter(name, label, description, enabled, fixed_value, ordering, model_id) VALUES ('max_samples', 'Maximum samples', 'The number of samples randomly drawn from the input data to train each base estimator.', false, false, 7, (select id from Model where name='random_forest_regressor'));
INSERT INTO parameter(name, label, description, enabled, fixed_value, ordering, model_id) VALUES ('min_impurity_decrease', 'Minimum impurity decrease', 'The minimum decrease in impurity required for a node to be split. Helps prevent overfitting by controlling tree growth.', false, false, 8, (select id from Model where name='random_forest_regressor'));
INSERT INTO parameter(name, label, description, enabled, fixed_value, ordering, model_id) VALUES ('min_samples_leaf', 'Minimum samples per leaf', 'The minimum number of samples required for a node to be considered a leaf. This parameter helps prevent overfitting by ensuring that leaves have a sufficient number of samples.', false, false, 9, (select id from Model where name='random_forest_regressor'));
INSERT INTO parameter(name, label, description, enabled, fixed_value, ordering, model_id) VALUES ('min_samples_split', 'Minimum sample split', 'The minimum number of samples required to split an internal node, which helps control the growth of the tree and prevent overfitting.', false, false, 10, (select id from Model where name='random_forest_regressor'));
INSERT INTO parameter(name, label, description, enabled, fixed_value, ordering, model_id) VALUES ('min_weight_fraction_leaf', 'Minimum weighted sum per leaf', 'The minimum weighted fraction of the total sample weights required for a node to be considered a leaf. By default, all samples have equal weight.', false, false, 11, (select id from Model where name='random_forest_regressor'));
INSERT INTO parameter(name, label, description, enabled, fixed_value, ordering, model_id) VALUES ('n_estimators', 'Number of estimators', 'The number of decision trees in the ensemble, which affects the model''s performance and complexity.', true, false, 12, (select id from Model where name='random_forest_regressor'));
INSERT INTO rel_model__incompatible_metrics(model_id, metric_id) VALUES ((select id from model where name='random_forest_regressor'), (select id from metric where name='classification-log-loss'));
INSERT INTO rel_model__incompatible_metrics(model_id, metric_id) VALUES ((select id from model where name='random_forest_regressor'), (select id from metric where name='classification-roc'));
INSERT INTO parameter_type_definition(parameter_id, parameter_type_id, parameter_distribution_type_id, ordering) VALUES ((select id from parameter where name='bootstrap' and model_id=(select id from model where name='random_forest_regressor')), (select id from parameter_type where name='boolean'), (select id from parameter_distribution_type where name='uniform'), 0);
INSERT INTO parameter_type_definition(parameter_id, parameter_type_id, parameter_distribution_type_id, ordering) VALUES ((select id from parameter where name='ccp_alpha' and model_id=(select id from model where name='random_forest_regressor')), (select id from parameter_type where name='float'), (select id from parameter_distribution_type where name='uniform'), 0);
INSERT INTO parameter_type_definition(parameter_id, parameter_type_id, parameter_distribution_type_id, ordering) VALUES ((select id from parameter where name='criterion' and model_id=(select id from model where name='random_forest_regressor')), (select id from parameter_type where name='categorical'), (select id from parameter_distribution_type where name='uniform'), 0);
INSERT INTO parameter_type_definition(parameter_id, parameter_type_id, parameter_distribution_type_id, ordering) VALUES ((select id from parameter where name='max_depth' and model_id=(select id from model where name='random_forest_regressor')), (select id from parameter_type where name='integer'), (select id from parameter_distribution_type where name='uniform'), 0);
INSERT INTO parameter_type_definition(parameter_id, parameter_type_id, parameter_distribution_type_id, ordering) VALUES ((select id from parameter where name='max_features' and model_id=(select id from model where name='random_forest_regressor')), (select id from parameter_type where name='categorical'), (select id from parameter_distribution_type where name='uniform'), 0);
INSERT INTO parameter_type_definition(parameter_id, parameter_type_id, parameter_distribution_type_id, ordering) VALUES ((select id from parameter where name='max_features' and model_id=(select id from model where name='random_forest_regressor')), (select id from parameter_type where name='float'), (select id from parameter_distribution_type where name='uniform'), 1);
INSERT INTO parameter_type_definition(parameter_id, parameter_type_id, parameter_distribution_type_id, ordering) VALUES ((select id from parameter where name='max_leaf_nodes' and model_id=(select id from model where name='random_forest_regressor')), (select id from parameter_type where name='integer'), (select id from parameter_distribution_type where name='uniform'), 0);
INSERT INTO parameter_type_definition(parameter_id, parameter_type_id, parameter_distribution_type_id, ordering) VALUES ((select id from parameter where name='max_samples' and model_id=(select id from model where name='random_forest_regressor')), (select id from parameter_type where name='categorical'), (select id from parameter_distribution_type where name='uniform'), 0);
INSERT INTO parameter_type_definition(parameter_id, parameter_type_id, parameter_distribution_type_id, ordering) VALUES ((select id from parameter where name='max_samples' and model_id=(select id from model where name='random_forest_regressor')), (select id from parameter_type where name='float'), (select id from parameter_distribution_type where name='uniform'), 1);
INSERT INTO parameter_type_definition(parameter_id, parameter_type_id, parameter_distribution_type_id, ordering) VALUES ((select id from parameter where name='min_impurity_decrease' and model_id=(select id from model where name='random_forest_regressor')), (select id from parameter_type where name='float'), (select id from parameter_distribution_type where name='uniform'), 0);
INSERT INTO parameter_type_definition(parameter_id, parameter_type_id, parameter_distribution_type_id, ordering) VALUES ((select id from parameter where name='min_samples_leaf' and model_id=(select id from model where name='random_forest_regressor')), (select id from parameter_type where name='float'), (select id from parameter_distribution_type where name='uniform'), 0);
INSERT INTO parameter_type_definition(parameter_id, parameter_type_id, parameter_distribution_type_id, ordering) VALUES ((select id from parameter where name='min_samples_split' and model_id=(select id from model where name='random_forest_regressor')), (select id from parameter_type where name='float'), (select id from parameter_distribution_type where name='uniform'), 0);
INSERT INTO parameter_type_definition(parameter_id, parameter_type_id, parameter_distribution_type_id, ordering) VALUES ((select id from parameter where name='min_weight_fraction_leaf' and model_id=(select id from model where name='random_forest_regressor')), (select id from parameter_type where name='float'), (select id from parameter_distribution_type where name='uniform'), 0);
INSERT INTO parameter_type_definition(parameter_id, parameter_type_id, parameter_distribution_type_id, ordering) VALUES ((select id from parameter where name='n_estimators' and model_id=(select id from model where name='random_forest_regressor')), (select id from parameter_type where name='integer'), (select id from parameter_distribution_type where name='uniform'), 0);
INSERT INTO boolean_parameter(parameter_type_definition_id, default_value) VALUES ((select id from parameter_type_definition where parameter_id=(select id from parameter where name='bootstrap' and model_id=(select id from model where name='random_forest_regressor') and parameter_type_id=(select id from parameter_type where name='boolean'))), true);
INSERT INTO float_parameter(parameter_type_definition_id, default_value) VALUES ((select id from parameter_type_definition where parameter_id=(select id from parameter where name='ccp_alpha' and model_id=(select id from model where name='random_forest_regressor') and parameter_type_id=(select id from parameter_type where name='float'))), 0.000000);
INSERT INTO float_parameter_range(parameter_type_definition_id, is_left_open, is_right_open, lower, upper) VALUES ((select id from parameter_type_definition where parameter_id=(select id from parameter where name='ccp_alpha' and model_id=(select id from model where name='random_forest_regressor') and parameter_type_id=(select id from parameter_type where name='float'))), true, true, 0.000000, 0.050000);
INSERT INTO categorical_parameter(parameter_type_definition_id, default_value) VALUES ((select id from parameter_type_definition where parameter_id=(select id from parameter where name='criterion' and model_id=(select id from model where name='random_forest_regressor') and parameter_type_id=(select id from parameter_type where name='categorical'))), 'squared_error');
INSERT INTO categorical_parameter_value(parameter_type_definition_id, value) VALUES ((select id from parameter_type_definition where parameter_id=(select id from parameter where name='criterion' and model_id=(select id from model where name='random_forest_regressor') and parameter_type_id=(select id from parameter_type where name='categorical'))), 'squared_error');
INSERT INTO categorical_parameter_value(parameter_type_definition_id, value) VALUES ((select id from parameter_type_definition where parameter_id=(select id from parameter where name='criterion' and model_id=(select id from model where name='random_forest_regressor') and parameter_type_id=(select id from parameter_type where name='categorical'))), 'absolute_error');
INSERT INTO categorical_parameter_value(parameter_type_definition_id, value) VALUES ((select id from parameter_type_definition where parameter_id=(select id from parameter where name='criterion' and model_id=(select id from model where name='random_forest_regressor') and parameter_type_id=(select id from parameter_type where name='categorical'))), 'poisson');
INSERT INTO integer_parameter(parameter_type_definition_id, default_value) VALUES ((select id from parameter_type_definition where parameter_id=(select id from parameter where name='max_depth' and model_id=(select id from model where name='random_forest_regressor') and parameter_type_id=(select id from parameter_type where name='integer'))), 10);
INSERT INTO integer_parameter_value(parameter_type_definition_id, lower, upper) VALUES ((select id from parameter_type_definition where parameter_id=(select id from parameter where name='max_depth' and model_id=(select id from model where name='random_forest_regressor') and parameter_type_id=(select id from parameter_type where name='integer'))), 3, 17);
INSERT INTO categorical_parameter(parameter_type_definition_id, default_value) VALUES ((select id from parameter_type_definition where parameter_id=(select id from parameter where name='max_features' and model_id=(select id from model where name='random_forest_regressor') and parameter_type_id=(select id from parameter_type where name='categorical'))), null);
INSERT INTO categorical_parameter_value(parameter_type_definition_id, value) VALUES ((select id from parameter_type_definition where parameter_id=(select id from parameter where name='max_features' and model_id=(select id from model where name='random_forest_regressor') and parameter_type_id=(select id from parameter_type where name='categorical'))), 'sqrt');
INSERT INTO categorical_parameter_value(parameter_type_definition_id, value) VALUES ((select id from parameter_type_definition where parameter_id=(select id from parameter where name='max_features' and model_id=(select id from model where name='random_forest_regressor') and parameter_type_id=(select id from parameter_type where name='categorical'))), 'log2');
INSERT INTO float_parameter(parameter_type_definition_id, default_value) VALUES ((select id from parameter_type_definition where parameter_id=(select id from parameter where name='max_features' and model_id=(select id from model where name='random_forest_regressor') and parameter_type_id=(select id from parameter_type where name='float'))), 1.000000);
INSERT INTO float_parameter_range(parameter_type_definition_id, is_left_open, is_right_open, lower, upper) VALUES ((select id from parameter_type_definition where parameter_id=(select id from parameter where name='max_features' and model_id=(select id from model where name='random_forest_regressor') and parameter_type_id=(select id from parameter_type where name='float'))), true, true, 0.100000, 1.000000);
INSERT INTO integer_parameter(parameter_type_definition_id, default_value) VALUES ((select id from parameter_type_definition where parameter_id=(select id from parameter where name='max_leaf_nodes' and model_id=(select id from model where name='random_forest_regressor') and parameter_type_id=(select id from parameter_type where name='integer'))), 1024);
INSERT INTO integer_parameter_value(parameter_type_definition_id, lower, upper) VALUES ((select id from parameter_type_definition where parameter_id=(select id from parameter where name='max_leaf_nodes' and model_id=(select id from model where name='random_forest_regressor') and parameter_type_id=(select id from parameter_type where name='integer'))), 2, 1025);
INSERT INTO categorical_parameter(parameter_type_definition_id, default_value) VALUES ((select id from parameter_type_definition where parameter_id=(select id from parameter where name='max_samples' and model_id=(select id from model where name='random_forest_regressor') and parameter_type_id=(select id from parameter_type where name='categorical'))), null);
INSERT INTO categorical_parameter_value(parameter_type_definition_id, value) VALUES ((select id from parameter_type_definition where parameter_id=(select id from parameter where name='max_samples' and model_id=(select id from model where name='random_forest_regressor') and parameter_type_id=(select id from parameter_type where name='categorical'))), 'None');
INSERT INTO float_parameter(parameter_type_definition_id, default_value) VALUES ((select id from parameter_type_definition where parameter_id=(select id from parameter where name='max_samples' and model_id=(select id from model where name='random_forest_regressor') and parameter_type_id=(select id from parameter_type where name='float'))), 1.000000);
INSERT INTO float_parameter_range(parameter_type_definition_id, is_left_open, is_right_open, lower, upper) VALUES ((select id from parameter_type_definition where parameter_id=(select id from parameter where name='max_samples' and model_id=(select id from model where name='random_forest_regressor') and parameter_type_id=(select id from parameter_type where name='float'))), true, true, 0.100000, 1.000000);
INSERT INTO float_parameter(parameter_type_definition_id, default_value) VALUES ((select id from parameter_type_definition where parameter_id=(select id from parameter where name='min_impurity_decrease' and model_id=(select id from model where name='random_forest_regressor') and parameter_type_id=(select id from parameter_type where name='float'))), 0.000000);
INSERT INTO float_parameter_range(parameter_type_definition_id, is_left_open, is_right_open, lower, upper) VALUES ((select id from parameter_type_definition where parameter_id=(select id from parameter where name='min_impurity_decrease' and model_id=(select id from model where name='random_forest_regressor') and parameter_type_id=(select id from parameter_type where name='float'))), true, true, 0.000000, 0.100000);
INSERT INTO float_parameter(parameter_type_definition_id, default_value) VALUES ((select id from parameter_type_definition where parameter_id=(select id from parameter where name='min_samples_leaf' and model_id=(select id from model where name='random_forest_regressor') and parameter_type_id=(select id from parameter_type where name='float'))), 0.000100);
INSERT INTO float_parameter_range(parameter_type_definition_id, is_left_open, is_right_open, lower, upper) VALUES ((select id from parameter_type_definition where parameter_id=(select id from parameter where name='min_samples_leaf' and model_id=(select id from model where name='random_forest_regressor') and parameter_type_id=(select id from parameter_type where name='float'))), true, true, 0.000100, 0.050000);
INSERT INTO float_parameter(parameter_type_definition_id, default_value) VALUES ((select id from parameter_type_definition where parameter_id=(select id from parameter where name='min_samples_split' and model_id=(select id from model where name='random_forest_regressor') and parameter_type_id=(select id from parameter_type where name='float'))), 0.000100);
INSERT INTO float_parameter_range(parameter_type_definition_id, is_left_open, is_right_open, lower, upper) VALUES ((select id from parameter_type_definition where parameter_id=(select id from parameter where name='min_samples_split' and model_id=(select id from model where name='random_forest_regressor') and parameter_type_id=(select id from parameter_type where name='float'))), true, true, 0.000100, 0.050000);
INSERT INTO float_parameter(parameter_type_definition_id, default_value) VALUES ((select id from parameter_type_definition where parameter_id=(select id from parameter where name='min_weight_fraction_leaf' and model_id=(select id from model where name='random_forest_regressor') and parameter_type_id=(select id from parameter_type where name='float'))), 0.000000);
INSERT INTO float_parameter_range(parameter_type_definition_id, is_left_open, is_right_open, lower, upper) VALUES ((select id from parameter_type_definition where parameter_id=(select id from parameter where name='min_weight_fraction_leaf' and model_id=(select id from model where name='random_forest_regressor') and parameter_type_id=(select id from parameter_type where name='float'))), true, true, 0.000000, 0.010000);
INSERT INTO integer_parameter(parameter_type_definition_id, default_value) VALUES ((select id from parameter_type_definition where parameter_id=(select id from parameter where name='n_estimators' and model_id=(select id from model where name='random_forest_regressor') and parameter_type_id=(select id from parameter_type where name='integer'))), 100);
INSERT INTO integer_parameter_value(parameter_type_definition_id, lower, upper) VALUES ((select id from parameter_type_definition where parameter_id=(select id from parameter where name='n_estimators' and model_id=(select id from model where name='random_forest_regressor') and parameter_type_id=(select id from parameter_type where name='integer'))), 10, 201);
INSERT INTO model(name, ml_task_id, description, display_name, structure_id, advantages, disadvantages, enabled, ensemble_type_id, family_type_id, decision_tree, model_type_id) VALUES ('ridge_regressor', (select id from ml_task_type where name='regression'),'The Ridge Regressor is a type of linear regression model that incorporates L2 regularization to penalize large coefficients in the predictive variables. By adding a squared magnitude term of the coefficients in the loss function, Ridge regression discourages overly complex models, thereby reducing overfitting. It is particularly useful in scenarios where the number of features is large compared to the number of observations or when features are correlated, which can lead to multicollinearity issues in standard linear regression.', 'Ridge Regressor', (select id from model_structure_type where name='base'), '{Prevention of Overfitting: Ridge Regression helps prevent overfitting by adding a penalty term to the loss function, encouraging the model to keep the weight of each feature as small as possible. This makes it more robust when faced with irrelevant or highly correlated features.,Stable Solutions in High-Dimensional Space: Ridge Regression performs well even when the number of features is greater than the number of observations, providing a stable solution where ordinary least squares would fail.,Handles Multicollinearity: Ridge Regression deals effectively with multicollinearity (correlation between predictor variables) by distributing the coefficients among them. This makes it useful in applications where features are correlated, as it provides a more stable and robust estimate.}', '{No Feature Selection: Unlike methods such as Lasso or Elastic Net, Ridge Regression does not set any coefficients to zero, making all features part of the final model. This can make the model less interpretable when there are many irrelevant features.,Requires Hyperparameter Tuning: The strength of the regularization is controlled by a hyperparameter that needs to be tuned, adding to the complexity and computational cost of model development.,Sensitive to Feature Scaling: Just like Elastic Net, Ridge Regression is sensitive to the scale of input features. Therefore, feature scaling is often necessary as a preprocessing step to ensure that all features are treated equally by the regularization term.}', true, (select id from model_ensemble_type where name='null'),(select id from model_family_type where name='null'), false, (select id from model_type where name='Linear Model'));
INSERT INTO parameter(name, label, description, enabled, fixed_value, ordering, model_id) VALUES ('alpha', 'Alpha', 'Constant that multiplies the L2 term, controlling regularization strength.', true, false, 1, (select id from Model where name='ridge_regressor'));
INSERT INTO parameter(name, label, description, enabled, fixed_value, ordering, model_id) VALUES ('fit_intercept', 'Calculate Intercept', 'Whether to calculate the intercept for this model. If set to False, no intercept will be used in calculations (i.e. data is expected to be centered).', false, false, 2, (select id from Model where name='ridge_regressor'));
INSERT INTO parameter(name, label, description, enabled, fixed_value, ordering, model_id) VALUES ('max_iter', 'Maximum number of iterations', '    Maximum number of iterations taken for the solvers to converge.', true, false, 3, (select id from Model where name='ridge_regressor'));
INSERT INTO parameter(name, label, description, enabled, fixed_value, ordering, model_id) VALUES ('positive', 'Positive', 'When set to True, forces the coefficients to be positive.', false, false, 4, (select id from Model where name='ridge_regressor'));
INSERT INTO parameter(name, label, description, enabled, fixed_value, ordering, model_id) VALUES ('tol', 'Tolerance', 'Maximum norm of the residual.', true, false, 5, (select id from Model where name='ridge_regressor'));
INSERT INTO rel_model__incompatible_metrics(model_id, metric_id) VALUES ((select id from model where name='ridge_regressor'), (select id from metric where name='classification-log-loss'));
INSERT INTO rel_model__incompatible_metrics(model_id, metric_id) VALUES ((select id from model where name='ridge_regressor'), (select id from metric where name='classification-roc'));
INSERT INTO parameter_type_definition(parameter_id, parameter_type_id, parameter_distribution_type_id, ordering) VALUES ((select id from parameter where name='alpha' and model_id=(select id from model where name='ridge_regressor')), (select id from parameter_type where name='float'), (select id from parameter_distribution_type where name='uniform'), 0);
INSERT INTO parameter_type_definition(parameter_id, parameter_type_id, parameter_distribution_type_id, ordering) VALUES ((select id from parameter where name='fit_intercept' and model_id=(select id from model where name='ridge_regressor')), (select id from parameter_type where name='boolean'), (select id from parameter_distribution_type where name='uniform'), 0);
INSERT INTO parameter_type_definition(parameter_id, parameter_type_id, parameter_distribution_type_id, ordering) VALUES ((select id from parameter where name='max_iter' and model_id=(select id from model where name='ridge_regressor')), (select id from parameter_type where name='integer'), (select id from parameter_distribution_type where name='uniform'), 0);
INSERT INTO parameter_type_definition(parameter_id, parameter_type_id, parameter_distribution_type_id, ordering) VALUES ((select id from parameter where name='positive' and model_id=(select id from model where name='ridge_regressor')), (select id from parameter_type where name='boolean'), (select id from parameter_distribution_type where name='uniform'), 0);
INSERT INTO parameter_type_definition(parameter_id, parameter_type_id, parameter_distribution_type_id, ordering) VALUES ((select id from parameter where name='tol' and model_id=(select id from model where name='ridge_regressor')), (select id from parameter_type where name='float'), (select id from parameter_distribution_type where name='uniform'), 0);
INSERT INTO float_parameter(parameter_type_definition_id, default_value) VALUES ((select id from parameter_type_definition where parameter_id=(select id from parameter where name='alpha' and model_id=(select id from model where name='ridge_regressor') and parameter_type_id=(select id from parameter_type where name='float'))), 1.000000);
INSERT INTO float_parameter_range(parameter_type_definition_id, is_left_open, is_right_open, lower, upper) VALUES ((select id from parameter_type_definition where parameter_id=(select id from parameter where name='alpha' and model_id=(select id from model where name='ridge_regressor') and parameter_type_id=(select id from parameter_type where name='float'))), true, true, 0.000000, 1.000000);
INSERT INTO boolean_parameter(parameter_type_definition_id, default_value) VALUES ((select id from parameter_type_definition where parameter_id=(select id from parameter where name='fit_intercept' and model_id=(select id from model where name='ridge_regressor') and parameter_type_id=(select id from parameter_type where name='boolean'))), true);
INSERT INTO integer_parameter(parameter_type_definition_id, default_value) VALUES ((select id from parameter_type_definition where parameter_id=(select id from parameter where name='max_iter' and model_id=(select id from model where name='ridge_regressor') and parameter_type_id=(select id from parameter_type where name='integer'))), 1000);
INSERT INTO integer_parameter_value(parameter_type_definition_id, lower, upper) VALUES ((select id from parameter_type_definition where parameter_id=(select id from parameter where name='max_iter' and model_id=(select id from model where name='ridge_regressor') and parameter_type_id=(select id from parameter_type where name='integer'))), 1, 5001);
INSERT INTO boolean_parameter(parameter_type_definition_id, default_value) VALUES ((select id from parameter_type_definition where parameter_id=(select id from parameter where name='positive' and model_id=(select id from model where name='ridge_regressor') and parameter_type_id=(select id from parameter_type where name='boolean'))), false);
INSERT INTO float_parameter(parameter_type_definition_id, default_value) VALUES ((select id from parameter_type_definition where parameter_id=(select id from parameter where name='tol' and model_id=(select id from model where name='ridge_regressor') and parameter_type_id=(select id from parameter_type where name='float'))), 0.000100);
INSERT INTO float_parameter_range(parameter_type_definition_id, is_left_open, is_right_open, lower, upper) VALUES ((select id from parameter_type_definition where parameter_id=(select id from parameter where name='tol' and model_id=(select id from model where name='ridge_regressor') and parameter_type_id=(select id from parameter_type where name='float'))), true, true, 0.000000, 0.100000);
INSERT INTO model(name, ml_task_id, description, display_name, structure_id, advantages, disadvantages, enabled, ensemble_type_id, family_type_id, decision_tree, model_type_id) VALUES ('sgd_regressor', (select id from ml_task_type where name='regression'),'Stochastic Gradient Descent Regressor is a linear regression model with stochastic gradient descent (SGD) training. The gradient of the loss is estimated each sample at a time and the model is updated along the way with a decreasing strength schedule.', 'Stochastic Gradient Descent Regressor', (select id from model_structure_type where name='base'), '{It is computationally efficient,It has fast convergence for larger datasets}', '{It is not stable}', true, (select id from model_ensemble_type where name='none'),(select id from model_family_type where name='linear'), false, (select id from model_type where name='Linear Model'));
INSERT INTO parameter(name, label, description, enabled, fixed_value, ordering, model_id) VALUES ('alpha', 'Alpha', 'Constant that multiplies the penalty terms.', true, false, 1, (select id from Model where name='sgd_regressor'));
INSERT INTO parameter(name, label, description, enabled, fixed_value, ordering, model_id) VALUES ('average', 'Average', 'When set to True, computes the averaged SGD weights accross all updates and stores the result in the coef_ attribute.', false, false, 2, (select id from Model where name='sgd_regressor'));
INSERT INTO parameter(name, label, description, enabled, fixed_value, ordering, model_id) VALUES ('early_stopping', 'Early stopping', 'Whether to use early stopping to terminate training when validation score is not improving.', false, false, 3, (select id from Model where name='sgd_regressor'));
INSERT INTO parameter(name, label, description, enabled, fixed_value, ordering, model_id) VALUES ('epsilon', 'Epsilon', 'Value for numerical stability in adam. Only used when solver=''adam''.', false, false, 4, (select id from Model where name='sgd_regressor'));
INSERT INTO parameter(name, label, description, enabled, fixed_value, ordering, model_id) VALUES ('eta0', 'Eta0', 'The initial learning rate for the ''constant'', ''invscaling'' or ''adaptive'' schedules.', false, false, 5, (select id from Model where name='sgd_regressor'));
INSERT INTO parameter(name, label, description, enabled, fixed_value, ordering, model_id) VALUES ('fit_intercept', 'Calculate Intercept', 'Whether to calculate the intercept for this model. If set to False, no intercept will be used in calculations (i.e. data is expected to be centered).', false, false, 6, (select id from Model where name='sgd_regressor'));
INSERT INTO parameter(name, label, description, enabled, fixed_value, ordering, model_id) VALUES ('l1_ratio', 'L1 ratio', 'The Elastic-Net mixing parameter, with 0 <= l1_ratio <= 1.', true, false, 7, (select id from Model where name='sgd_regressor'));
INSERT INTO parameter(name, label, description, enabled, fixed_value, ordering, model_id) VALUES ('learning_rate', 'Learning rate', 'Step size shrinkage used in update to prevents overfitting. After each boosting step, we can directly get the weights of new features, and eta shrinks the feature weights to make the boosting process more conservative.', false, false, 8, (select id from Model where name='sgd_regressor'));
INSERT INTO parameter(name, label, description, enabled, fixed_value, ordering, model_id) VALUES ('loss', 'Loss', 'Loss function to be optimized.', true, false, 9, (select id from Model where name='sgd_regressor'));
INSERT INTO parameter(name, label, description, enabled, fixed_value, ordering, model_id) VALUES ('max_iter', 'Maximum number of iterations', '    Maximum number of iterations taken for the solvers to converge.', false, false, 10, (select id from Model where name='sgd_regressor'));
INSERT INTO parameter(name, label, description, enabled, fixed_value, ordering, model_id) VALUES ('n_iter_no_change', 'Maximum number of iterations with no change', 'Maximum number of epochs to not meet tol improvement. Only effective when solver=''sgd'' or ''adam''.', false, false, 11, (select id from Model where name='sgd_regressor'));
INSERT INTO parameter(name, label, description, enabled, fixed_value, ordering, model_id) VALUES ('penalty', 'Penalty', 'The penalty (aka regularization term) to be used.', true, false, 12, (select id from Model where name='sgd_regressor'));
INSERT INTO parameter(name, label, description, enabled, fixed_value, ordering, model_id) VALUES ('power_t', 'Power t', 'The exponent for inverse scaling learning rate.', false, false, 13, (select id from Model where name='sgd_regressor'));
INSERT INTO parameter(name, label, description, enabled, fixed_value, ordering, model_id) VALUES ('shuffle', 'Shuffle', 'Whether to shuffle samples in each iteration.', false, false, 14, (select id from Model where name='sgd_regressor'));
INSERT INTO parameter(name, label, description, enabled, fixed_value, ordering, model_id) VALUES ('tol', 'Tolerance', 'Maximum norm of the residual.', true, false, 15, (select id from Model where name='sgd_regressor'));
INSERT INTO parameter(name, label, description, enabled, fixed_value, ordering, model_id) VALUES ('validation_fraction', 'Validation fraction', 'The proportion of training data to set aside as validation set for early stopping.', false, false, 16, (select id from Model where name='sgd_regressor'));
INSERT INTO rel_model__incompatible_metrics(model_id, metric_id) VALUES ((select id from model where name='sgd_regressor'), (select id from metric where name='classification-log-loss'));
INSERT INTO rel_model__incompatible_metrics(model_id, metric_id) VALUES ((select id from model where name='sgd_regressor'), (select id from metric where name='classification-roc'));
INSERT INTO parameter_type_definition(parameter_id, parameter_type_id, parameter_distribution_type_id, ordering) VALUES ((select id from parameter where name='alpha' and model_id=(select id from model where name='sgd_regressor')), (select id from parameter_type where name='float'), (select id from parameter_distribution_type where name='uniform'), 0);
INSERT INTO parameter_type_definition(parameter_id, parameter_type_id, parameter_distribution_type_id, ordering) VALUES ((select id from parameter where name='average' and model_id=(select id from model where name='sgd_regressor')), (select id from parameter_type where name='boolean'), (select id from parameter_distribution_type where name='uniform'), 0);
INSERT INTO parameter_type_definition(parameter_id, parameter_type_id, parameter_distribution_type_id, ordering) VALUES ((select id from parameter where name='early_stopping' and model_id=(select id from model where name='sgd_regressor')), (select id from parameter_type where name='boolean'), (select id from parameter_distribution_type where name='uniform'), 0);
INSERT INTO parameter_type_definition(parameter_id, parameter_type_id, parameter_distribution_type_id, ordering) VALUES ((select id from parameter where name='epsilon' and model_id=(select id from model where name='sgd_regressor')), (select id from parameter_type where name='float'), (select id from parameter_distribution_type where name='uniform'), 0);
INSERT INTO parameter_type_definition(parameter_id, parameter_type_id, parameter_distribution_type_id, ordering) VALUES ((select id from parameter where name='eta0' and model_id=(select id from model where name='sgd_regressor')), (select id from parameter_type where name='float'), (select id from parameter_distribution_type where name='uniform'), 0);
INSERT INTO parameter_type_definition(parameter_id, parameter_type_id, parameter_distribution_type_id, ordering) VALUES ((select id from parameter where name='fit_intercept' and model_id=(select id from model where name='sgd_regressor')), (select id from parameter_type where name='boolean'), (select id from parameter_distribution_type where name='uniform'), 0);
INSERT INTO parameter_type_definition(parameter_id, parameter_type_id, parameter_distribution_type_id, ordering) VALUES ((select id from parameter where name='l1_ratio' and model_id=(select id from model where name='sgd_regressor')), (select id from parameter_type where name='float'), (select id from parameter_distribution_type where name='uniform'), 0);
INSERT INTO parameter_type_definition(parameter_id, parameter_type_id, parameter_distribution_type_id, ordering) VALUES ((select id from parameter where name='learning_rate' and model_id=(select id from model where name='sgd_regressor')), (select id from parameter_type where name='categorical'), (select id from parameter_distribution_type where name='uniform'), 0);
INSERT INTO parameter_type_definition(parameter_id, parameter_type_id, parameter_distribution_type_id, ordering) VALUES ((select id from parameter where name='loss' and model_id=(select id from model where name='sgd_regressor')), (select id from parameter_type where name='categorical'), (select id from parameter_distribution_type where name='uniform'), 0);
INSERT INTO parameter_type_definition(parameter_id, parameter_type_id, parameter_distribution_type_id, ordering) VALUES ((select id from parameter where name='max_iter' and model_id=(select id from model where name='sgd_regressor')), (select id from parameter_type where name='integer'), (select id from parameter_distribution_type where name='uniform'), 0);
INSERT INTO parameter_type_definition(parameter_id, parameter_type_id, parameter_distribution_type_id, ordering) VALUES ((select id from parameter where name='n_iter_no_change' and model_id=(select id from model where name='sgd_regressor')), (select id from parameter_type where name='integer'), (select id from parameter_distribution_type where name='uniform'), 0);
INSERT INTO parameter_type_definition(parameter_id, parameter_type_id, parameter_distribution_type_id, ordering) VALUES ((select id from parameter where name='penalty' and model_id=(select id from model where name='sgd_regressor')), (select id from parameter_type where name='categorical'), (select id from parameter_distribution_type where name='uniform'), 0);
INSERT INTO parameter_type_definition(parameter_id, parameter_type_id, parameter_distribution_type_id, ordering) VALUES ((select id from parameter where name='power_t' and model_id=(select id from model where name='sgd_regressor')), (select id from parameter_type where name='float'), (select id from parameter_distribution_type where name='uniform'), 0);
INSERT INTO parameter_type_definition(parameter_id, parameter_type_id, parameter_distribution_type_id, ordering) VALUES ((select id from parameter where name='shuffle' and model_id=(select id from model where name='sgd_regressor')), (select id from parameter_type where name='boolean'), (select id from parameter_distribution_type where name='uniform'), 0);
INSERT INTO parameter_type_definition(parameter_id, parameter_type_id, parameter_distribution_type_id, ordering) VALUES ((select id from parameter where name='tol' and model_id=(select id from model where name='sgd_regressor')), (select id from parameter_type where name='float'), (select id from parameter_distribution_type where name='uniform'), 0);
INSERT INTO parameter_type_definition(parameter_id, parameter_type_id, parameter_distribution_type_id, ordering) VALUES ((select id from parameter where name='validation_fraction' and model_id=(select id from model where name='sgd_regressor')), (select id from parameter_type where name='float'), (select id from parameter_distribution_type where name='uniform'), 0);
INSERT INTO float_parameter(parameter_type_definition_id, default_value) VALUES ((select id from parameter_type_definition where parameter_id=(select id from parameter where name='alpha' and model_id=(select id from model where name='sgd_regressor') and parameter_type_id=(select id from parameter_type where name='float'))), 0.000100);
INSERT INTO float_parameter_range(parameter_type_definition_id, is_left_open, is_right_open, lower, upper) VALUES ((select id from parameter_type_definition where parameter_id=(select id from parameter where name='alpha' and model_id=(select id from model where name='sgd_regressor') and parameter_type_id=(select id from parameter_type where name='float'))), true, true, 0.000000, 0.100000);
INSERT INTO boolean_parameter(parameter_type_definition_id, default_value) VALUES ((select id from parameter_type_definition where parameter_id=(select id from parameter where name='average' and model_id=(select id from model where name='sgd_regressor') and parameter_type_id=(select id from parameter_type where name='boolean'))), false);
INSERT INTO boolean_parameter(parameter_type_definition_id, default_value) VALUES ((select id from parameter_type_definition where parameter_id=(select id from parameter where name='early_stopping' and model_id=(select id from model where name='sgd_regressor') and parameter_type_id=(select id from parameter_type where name='boolean'))), false);
INSERT INTO float_parameter(parameter_type_definition_id, default_value) VALUES ((select id from parameter_type_definition where parameter_id=(select id from parameter where name='epsilon' and model_id=(select id from model where name='sgd_regressor') and parameter_type_id=(select id from parameter_type where name='float'))), 0.100000);
INSERT INTO float_parameter_range(parameter_type_definition_id, is_left_open, is_right_open, lower, upper) VALUES ((select id from parameter_type_definition where parameter_id=(select id from parameter where name='epsilon' and model_id=(select id from model where name='sgd_regressor') and parameter_type_id=(select id from parameter_type where name='float'))), true, true, 0.000100, 1.000000);
INSERT INTO float_parameter(parameter_type_definition_id, default_value) VALUES ((select id from parameter_type_definition where parameter_id=(select id from parameter where name='eta0' and model_id=(select id from model where name='sgd_regressor') and parameter_type_id=(select id from parameter_type where name='float'))), 0.010000);
INSERT INTO float_parameter_range(parameter_type_definition_id, is_left_open, is_right_open, lower, upper) VALUES ((select id from parameter_type_definition where parameter_id=(select id from parameter where name='eta0' and model_id=(select id from model where name='sgd_regressor') and parameter_type_id=(select id from parameter_type where name='float'))), true, true, 0.000000, 1.000000);
INSERT INTO boolean_parameter(parameter_type_definition_id, default_value) VALUES ((select id from parameter_type_definition where parameter_id=(select id from parameter where name='fit_intercept' and model_id=(select id from model where name='sgd_regressor') and parameter_type_id=(select id from parameter_type where name='boolean'))), true);
INSERT INTO float_parameter(parameter_type_definition_id, default_value) VALUES ((select id from parameter_type_definition where parameter_id=(select id from parameter where name='l1_ratio' and model_id=(select id from model where name='sgd_regressor') and parameter_type_id=(select id from parameter_type where name='float'))), 0.150000);
INSERT INTO float_parameter_range(parameter_type_definition_id, is_left_open, is_right_open, lower, upper) VALUES ((select id from parameter_type_definition where parameter_id=(select id from parameter where name='l1_ratio' and model_id=(select id from model where name='sgd_regressor') and parameter_type_id=(select id from parameter_type where name='float'))), true, true, 0.000000, 1.000000);
INSERT INTO categorical_parameter(parameter_type_definition_id, default_value) VALUES ((select id from parameter_type_definition where parameter_id=(select id from parameter where name='learning_rate' and model_id=(select id from model where name='sgd_regressor') and parameter_type_id=(select id from parameter_type where name='categorical'))), 'invscaling');
INSERT INTO categorical_parameter_value(parameter_type_definition_id, value) VALUES ((select id from parameter_type_definition where parameter_id=(select id from parameter where name='learning_rate' and model_id=(select id from model where name='sgd_regressor') and parameter_type_id=(select id from parameter_type where name='categorical'))), 'invscaling');
INSERT INTO categorical_parameter_value(parameter_type_definition_id, value) VALUES ((select id from parameter_type_definition where parameter_id=(select id from parameter where name='learning_rate' and model_id=(select id from model where name='sgd_regressor') and parameter_type_id=(select id from parameter_type where name='categorical'))), 'adaptive');
INSERT INTO categorical_parameter_value(parameter_type_definition_id, value) VALUES ((select id from parameter_type_definition where parameter_id=(select id from parameter where name='learning_rate' and model_id=(select id from model where name='sgd_regressor') and parameter_type_id=(select id from parameter_type where name='categorical'))), 'constant');
INSERT INTO categorical_parameter_value(parameter_type_definition_id, value) VALUES ((select id from parameter_type_definition where parameter_id=(select id from parameter where name='learning_rate' and model_id=(select id from model where name='sgd_regressor') and parameter_type_id=(select id from parameter_type where name='categorical'))), 'optimal');
INSERT INTO categorical_parameter(parameter_type_definition_id, default_value) VALUES ((select id from parameter_type_definition where parameter_id=(select id from parameter where name='loss' and model_id=(select id from model where name='sgd_regressor') and parameter_type_id=(select id from parameter_type where name='categorical'))), 'squared_error');
INSERT INTO categorical_parameter_value(parameter_type_definition_id, value) VALUES ((select id from parameter_type_definition where parameter_id=(select id from parameter where name='loss' and model_id=(select id from model where name='sgd_regressor') and parameter_type_id=(select id from parameter_type where name='categorical'))), 'squared_error');
INSERT INTO categorical_parameter_value(parameter_type_definition_id, value) VALUES ((select id from parameter_type_definition where parameter_id=(select id from parameter where name='loss' and model_id=(select id from model where name='sgd_regressor') and parameter_type_id=(select id from parameter_type where name='categorical'))), 'squared_epsilon_insensitive');
INSERT INTO categorical_parameter_value(parameter_type_definition_id, value) VALUES ((select id from parameter_type_definition where parameter_id=(select id from parameter where name='loss' and model_id=(select id from model where name='sgd_regressor') and parameter_type_id=(select id from parameter_type where name='categorical'))), 'epsilon_insensitive');
INSERT INTO categorical_parameter_value(parameter_type_definition_id, value) VALUES ((select id from parameter_type_definition where parameter_id=(select id from parameter where name='loss' and model_id=(select id from model where name='sgd_regressor') and parameter_type_id=(select id from parameter_type where name='categorical'))), 'huber');
INSERT INTO integer_parameter(parameter_type_definition_id, default_value) VALUES ((select id from parameter_type_definition where parameter_id=(select id from parameter where name='max_iter' and model_id=(select id from model where name='sgd_regressor') and parameter_type_id=(select id from parameter_type where name='integer'))), 1000);
INSERT INTO integer_parameter_value(parameter_type_definition_id, lower, upper) VALUES ((select id from parameter_type_definition where parameter_id=(select id from parameter where name='max_iter' and model_id=(select id from model where name='sgd_regressor') and parameter_type_id=(select id from parameter_type where name='integer'))), 1, 2001);
INSERT INTO integer_parameter(parameter_type_definition_id, default_value) VALUES ((select id from parameter_type_definition where parameter_id=(select id from parameter where name='n_iter_no_change' and model_id=(select id from model where name='sgd_regressor') and parameter_type_id=(select id from parameter_type where name='integer'))), 5);
INSERT INTO integer_parameter_value(parameter_type_definition_id, lower, upper) VALUES ((select id from parameter_type_definition where parameter_id=(select id from parameter where name='n_iter_no_change' and model_id=(select id from model where name='sgd_regressor') and parameter_type_id=(select id from parameter_type where name='integer'))), 1, 101);
INSERT INTO categorical_parameter(parameter_type_definition_id, default_value) VALUES ((select id from parameter_type_definition where parameter_id=(select id from parameter where name='penalty' and model_id=(select id from model where name='sgd_regressor') and parameter_type_id=(select id from parameter_type where name='categorical'))), 'l2');
INSERT INTO categorical_parameter_value(parameter_type_definition_id, value) VALUES ((select id from parameter_type_definition where parameter_id=(select id from parameter where name='penalty' and model_id=(select id from model where name='sgd_regressor') and parameter_type_id=(select id from parameter_type where name='categorical'))), 'l1');
INSERT INTO categorical_parameter_value(parameter_type_definition_id, value) VALUES ((select id from parameter_type_definition where parameter_id=(select id from parameter where name='penalty' and model_id=(select id from model where name='sgd_regressor') and parameter_type_id=(select id from parameter_type where name='categorical'))), 'l2');
INSERT INTO categorical_parameter_value(parameter_type_definition_id, value) VALUES ((select id from parameter_type_definition where parameter_id=(select id from parameter where name='penalty' and model_id=(select id from model where name='sgd_regressor') and parameter_type_id=(select id from parameter_type where name='categorical'))), 'elasticnet');
INSERT INTO float_parameter(parameter_type_definition_id, default_value) VALUES ((select id from parameter_type_definition where parameter_id=(select id from parameter where name='power_t' and model_id=(select id from model where name='sgd_regressor') and parameter_type_id=(select id from parameter_type where name='float'))), 0.250000);
INSERT INTO float_parameter_range(parameter_type_definition_id, is_left_open, is_right_open, lower, upper) VALUES ((select id from parameter_type_definition where parameter_id=(select id from parameter where name='power_t' and model_id=(select id from model where name='sgd_regressor') and parameter_type_id=(select id from parameter_type where name='float'))), true, true, 0.000000, 50.000000);
INSERT INTO boolean_parameter(parameter_type_definition_id, default_value) VALUES ((select id from parameter_type_definition where parameter_id=(select id from parameter where name='shuffle' and model_id=(select id from model where name='sgd_regressor') and parameter_type_id=(select id from parameter_type where name='boolean'))), true);
INSERT INTO float_parameter(parameter_type_definition_id, default_value) VALUES ((select id from parameter_type_definition where parameter_id=(select id from parameter where name='tol' and model_id=(select id from model where name='sgd_regressor') and parameter_type_id=(select id from parameter_type where name='float'))), 0.001000);
INSERT INTO float_parameter_range(parameter_type_definition_id, is_left_open, is_right_open, lower, upper) VALUES ((select id from parameter_type_definition where parameter_id=(select id from parameter where name='tol' and model_id=(select id from model where name='sgd_regressor') and parameter_type_id=(select id from parameter_type where name='float'))), true, true, 0.000000, 1.000000);
INSERT INTO float_parameter(parameter_type_definition_id, default_value) VALUES ((select id from parameter_type_definition where parameter_id=(select id from parameter where name='validation_fraction' and model_id=(select id from model where name='sgd_regressor') and parameter_type_id=(select id from parameter_type where name='float'))), 0.100000);
INSERT INTO float_parameter_range(parameter_type_definition_id, is_left_open, is_right_open, lower, upper) VALUES ((select id from parameter_type_definition where parameter_id=(select id from parameter where name='validation_fraction' and model_id=(select id from model where name='sgd_regressor') and parameter_type_id=(select id from parameter_type where name='float'))), true, true, 0.000000, 0.999900);
INSERT INTO model(name, ml_task_id, description, display_name, structure_id, advantages, disadvantages, enabled, ensemble_type_id, family_type_id, decision_tree, model_type_id) VALUES ('svr_regressor', (select id from ml_task_type where name='regression'),'The SVR Regressor is a Support Vector Regression model from the scikit-learn library. It is an extension of the Support Vector Machine (SVM) algorithm for regression tasks. The model aims to find a function that approximates the relationship between input features and target values with a specified tolerance (epsilon). It uses different kernel functions to transform the input data into a higher-dimensional space, where a linear function is fitted to minimize the error between predicted and actual target values.', 'SVR Regressor', (select id from model_structure_type where name='base'), '{Effective in high-dimensional spaces.,Supports different kernel functions for versatile modeling.,Robust against overfitting, especially when using a high-dimensional feature space.}', '{Can be slow to train on large datasets.,Requires careful selection of kernel and hyperparameters.}', false, (select id from model_ensemble_type where name='none'),(select id from model_family_type where name='other'), false, (select id from model_type where name='Kernel Model'));
INSERT INTO parameter(name, label, description, enabled, fixed_value, ordering, model_id) VALUES ('C', 'C', 'Inverse of the regularization strength. Controls the trade-off between achieving a low training error and a low testing error. A smaller value creates a wider margin, which may result in more training errors but better generalization to the test data.', true, false, 1, (select id from Model where name='svr_regressor'));
INSERT INTO parameter(name, label, description, enabled, fixed_value, ordering, model_id) VALUES ('coef0', 'Coefficient 0', 'Affects the shape of the decision boundary in ''poly'' and ''sigmoid'' kernels. It represents the independent term in the kernel function.', false, false, 2, (select id from Model where name='svr_regressor'));
INSERT INTO parameter(name, label, description, enabled, fixed_value, ordering, model_id) VALUES ('degree', 'Degree', 'Specifies the degree of the polynomial kernel function (''poly''). Higher degrees result in more complex decision boundaries. This parameter is ignored by all other kernels.', false, false, 3, (select id from Model where name='svr_regressor'));
INSERT INTO parameter(name, label, description, enabled, fixed_value, ordering, model_id) VALUES ('epsilon', 'Epsilon', 'Defines the margin of tolerance within which no penalty is given to errors. It determines the width of the epsilon-insensitive zone used to fit the training data.', false, false, 4, (select id from Model where name='svr_regressor'));
INSERT INTO parameter(name, label, description, enabled, fixed_value, ordering, model_id) VALUES ('kernel', 'Kernel', 'Determines the kernel function used in the algorithm. The kernel function transforms the input data into a higher-dimensional space where a linear function is fitted.', true, false, 5, (select id from Model where name='svr_regressor'));
INSERT INTO parameter(name, label, description, enabled, fixed_value, ordering, model_id) VALUES ('max_iter', 'Maximum number of iterations', 'Sets the maximum number of iterations for the solver to converge. Early stopping may result in a suboptimal solution.', true, false, 6, (select id from Model where name='svr_regressor'));
INSERT INTO parameter(name, label, description, enabled, fixed_value, ordering, model_id) VALUES ('shrinking', 'Shrinking', 'Indicates whether to use the shrinking heuristic, which is a technique used to remove some of the constraints in the optimization problem to speed up training.', false, false, 7, (select id from Model where name='svr_regressor'));
INSERT INTO parameter(name, label, description, enabled, fixed_value, ordering, model_id) VALUES ('tol', 'Tolerance', 'Specifies the tolerance for stopping criterion. The solver stops when the change in the residual is smaller than this value.', true, false, 8, (select id from Model where name='svr_regressor'));
INSERT INTO rel_model__incompatible_metrics(model_id, metric_id) VALUES ((select id from model where name='svr_regressor'), (select id from metric where name='classification-log-loss'));
INSERT INTO rel_model__incompatible_metrics(model_id, metric_id) VALUES ((select id from model where name='svr_regressor'), (select id from metric where name='classification-roc'));
INSERT INTO parameter_type_definition(parameter_id, parameter_type_id, parameter_distribution_type_id, ordering) VALUES ((select id from parameter where name='C' and model_id=(select id from model where name='svr_regressor')), (select id from parameter_type where name='float'), (select id from parameter_distribution_type where name='uniform'), 0);
INSERT INTO parameter_type_definition(parameter_id, parameter_type_id, parameter_distribution_type_id, ordering) VALUES ((select id from parameter where name='coef0' and model_id=(select id from model where name='svr_regressor')), (select id from parameter_type where name='float'), (select id from parameter_distribution_type where name='uniform'), 0);
INSERT INTO parameter_type_definition(parameter_id, parameter_type_id, parameter_distribution_type_id, ordering) VALUES ((select id from parameter where name='degree' and model_id=(select id from model where name='svr_regressor')), (select id from parameter_type where name='integer'), (select id from parameter_distribution_type where name='uniform'), 0);
INSERT INTO parameter_type_definition(parameter_id, parameter_type_id, parameter_distribution_type_id, ordering) VALUES ((select id from parameter where name='epsilon' and model_id=(select id from model where name='svr_regressor')), (select id from parameter_type where name='float'), (select id from parameter_distribution_type where name='uniform'), 0);
INSERT INTO parameter_type_definition(parameter_id, parameter_type_id, parameter_distribution_type_id, ordering) VALUES ((select id from parameter where name='kernel' and model_id=(select id from model where name='svr_regressor')), (select id from parameter_type where name='categorical'), (select id from parameter_distribution_type where name='uniform'), 0);
INSERT INTO parameter_type_definition(parameter_id, parameter_type_id, parameter_distribution_type_id, ordering) VALUES ((select id from parameter where name='max_iter' and model_id=(select id from model where name='svr_regressor')), (select id from parameter_type where name='integer'), (select id from parameter_distribution_type where name='uniform'), 0);
INSERT INTO parameter_type_definition(parameter_id, parameter_type_id, parameter_distribution_type_id, ordering) VALUES ((select id from parameter where name='shrinking' and model_id=(select id from model where name='svr_regressor')), (select id from parameter_type where name='boolean'), (select id from parameter_distribution_type where name='uniform'), 0);
INSERT INTO parameter_type_definition(parameter_id, parameter_type_id, parameter_distribution_type_id, ordering) VALUES ((select id from parameter where name='tol' and model_id=(select id from model where name='svr_regressor')), (select id from parameter_type where name='float'), (select id from parameter_distribution_type where name='uniform'), 0);
INSERT INTO float_parameter(parameter_type_definition_id, default_value) VALUES ((select id from parameter_type_definition where parameter_id=(select id from parameter where name='C' and model_id=(select id from model where name='svr_regressor') and parameter_type_id=(select id from parameter_type where name='float'))), 1.000000);
INSERT INTO float_parameter_range(parameter_type_definition_id, is_left_open, is_right_open, lower, upper) VALUES ((select id from parameter_type_definition where parameter_id=(select id from parameter where name='C' and model_id=(select id from model where name='svr_regressor') and parameter_type_id=(select id from parameter_type where name='float'))), true, true, 0.001000, 10.000000);
INSERT INTO float_parameter(parameter_type_definition_id, default_value) VALUES ((select id from parameter_type_definition where parameter_id=(select id from parameter where name='coef0' and model_id=(select id from model where name='svr_regressor') and parameter_type_id=(select id from parameter_type where name='float'))), 0.000000);
INSERT INTO float_parameter_range(parameter_type_definition_id, is_left_open, is_right_open, lower, upper) VALUES ((select id from parameter_type_definition where parameter_id=(select id from parameter where name='coef0' and model_id=(select id from model where name='svr_regressor') and parameter_type_id=(select id from parameter_type where name='float'))), true, true, 0.000000, 1.000000);
INSERT INTO integer_parameter(parameter_type_definition_id, default_value) VALUES ((select id from parameter_type_definition where parameter_id=(select id from parameter where name='degree' and model_id=(select id from model where name='svr_regressor') and parameter_type_id=(select id from parameter_type where name='integer'))), 3);
INSERT INTO integer_parameter_value(parameter_type_definition_id, lower, upper) VALUES ((select id from parameter_type_definition where parameter_id=(select id from parameter where name='degree' and model_id=(select id from model where name='svr_regressor') and parameter_type_id=(select id from parameter_type where name='integer'))), 0, 6);
INSERT INTO float_parameter(parameter_type_definition_id, default_value) VALUES ((select id from parameter_type_definition where parameter_id=(select id from parameter where name='epsilon' and model_id=(select id from model where name='svr_regressor') and parameter_type_id=(select id from parameter_type where name='float'))), 0.100000);
INSERT INTO float_parameter_range(parameter_type_definition_id, is_left_open, is_right_open, lower, upper) VALUES ((select id from parameter_type_definition where parameter_id=(select id from parameter where name='epsilon' and model_id=(select id from model where name='svr_regressor') and parameter_type_id=(select id from parameter_type where name='float'))), true, true, 0.000100, 2.000000);
INSERT INTO categorical_parameter(parameter_type_definition_id, default_value) VALUES ((select id from parameter_type_definition where parameter_id=(select id from parameter where name='kernel' and model_id=(select id from model where name='svr_regressor') and parameter_type_id=(select id from parameter_type where name='categorical'))), 'rbf');
INSERT INTO categorical_parameter_value(parameter_type_definition_id, value) VALUES ((select id from parameter_type_definition where parameter_id=(select id from parameter where name='kernel' and model_id=(select id from model where name='svr_regressor') and parameter_type_id=(select id from parameter_type where name='categorical'))), 'sigmoid');
INSERT INTO categorical_parameter_value(parameter_type_definition_id, value) VALUES ((select id from parameter_type_definition where parameter_id=(select id from parameter where name='kernel' and model_id=(select id from model where name='svr_regressor') and parameter_type_id=(select id from parameter_type where name='categorical'))), 'rbf');
INSERT INTO categorical_parameter_value(parameter_type_definition_id, value) VALUES ((select id from parameter_type_definition where parameter_id=(select id from parameter where name='kernel' and model_id=(select id from model where name='svr_regressor') and parameter_type_id=(select id from parameter_type where name='categorical'))), 'poly');
INSERT INTO integer_parameter(parameter_type_definition_id, default_value) VALUES ((select id from parameter_type_definition where parameter_id=(select id from parameter where name='max_iter' and model_id=(select id from model where name='svr_regressor') and parameter_type_id=(select id from parameter_type where name='integer'))), 1000);
INSERT INTO integer_parameter_value(parameter_type_definition_id, lower, upper) VALUES ((select id from parameter_type_definition where parameter_id=(select id from parameter where name='max_iter' and model_id=(select id from model where name='svr_regressor') and parameter_type_id=(select id from parameter_type where name='integer'))), 1, 1001);
INSERT INTO boolean_parameter(parameter_type_definition_id, default_value) VALUES ((select id from parameter_type_definition where parameter_id=(select id from parameter where name='shrinking' and model_id=(select id from model where name='svr_regressor') and parameter_type_id=(select id from parameter_type where name='boolean'))), true);
INSERT INTO float_parameter(parameter_type_definition_id, default_value) VALUES ((select id from parameter_type_definition where parameter_id=(select id from parameter where name='tol' and model_id=(select id from model where name='svr_regressor') and parameter_type_id=(select id from parameter_type where name='float'))), 0.001000);
INSERT INTO float_parameter_range(parameter_type_definition_id, is_left_open, is_right_open, lower, upper) VALUES ((select id from parameter_type_definition where parameter_id=(select id from parameter where name='tol' and model_id=(select id from model where name='svr_regressor') and parameter_type_id=(select id from parameter_type where name='float'))), true, true, 0.000100, 1.000000);
INSERT INTO model(name, ml_task_id, description, display_name, structure_id, advantages, disadvantages, enabled, ensemble_type_id, family_type_id, decision_tree, model_type_id) VALUES ('nlp_sequence_regressor', (select id from ml_task_type where name='regression'),'An NLP sequence regressor is a pretrained machine learning model that can be fine tuned to predict continuous values from sequences of text.', 'NLP Sequence Regressor', (select id from model_structure_type where name='base'), '{Easy to use,High accuracy}', '{Slow training}', true, (select id from model_ensemble_type where name='null'),(select id from model_family_type where name='null'), false, (select id from model_type where name='Deep Learning Model'));
INSERT INTO parameter(name, label, description, enabled, fixed_value, ordering, model_id) VALUES ('model', 'Transformer Model Name', 'Name of the transformer model.', false, false, 1, (select id from Model where name='nlp_sequence_regressor'));
INSERT INTO parameter(name, label, description, enabled, fixed_value, ordering, model_id) VALUES ('epochs', 'Epochs', 'Number of epochs to train the model.', false, false, 2, (select id from Model where name='nlp_sequence_regressor'));
INSERT INTO parameter(name, label, description, enabled, fixed_value, ordering, model_id) VALUES ('learning_rate', 'Learning Rate', 'Learning rate for the optimizer.', false, false, 3, (select id from Model where name='nlp_sequence_regressor'));
INSERT INTO parameter(name, label, description, enabled, fixed_value, ordering, model_id) VALUES ('max_length', 'Max Length', 'Maximum length of the input sequence.', false, false, 4, (select id from Model where name='nlp_sequence_regressor'));
INSERT INTO rel_model__incompatible_metrics(model_id, metric_id) VALUES ((select id from model where name='nlp_sequence_regressor'), (select id from metric where name='classification-log-loss'));
INSERT INTO rel_model__incompatible_metrics(model_id, metric_id) VALUES ((select id from model where name='nlp_sequence_regressor'), (select id from metric where name='classification-roc'));
INSERT INTO parameter_type_definition(parameter_id, parameter_type_id, parameter_distribution_type_id, ordering) VALUES ((select id from parameter where name='epochs' and model_id=(select id from model where name='nlp_sequence_regressor')), (select id from parameter_type where name='integer'), (select id from parameter_distribution_type where name='uniform'), 0);
INSERT INTO parameter_type_definition(parameter_id, parameter_type_id, parameter_distribution_type_id, ordering) VALUES ((select id from parameter where name='learning_rate' and model_id=(select id from model where name='nlp_sequence_regressor')), (select id from parameter_type where name='float'), (select id from parameter_distribution_type where name='uniform'), 0);
INSERT INTO parameter_type_definition(parameter_id, parameter_type_id, parameter_distribution_type_id, ordering) VALUES ((select id from parameter where name='max_length' and model_id=(select id from model where name='nlp_sequence_regressor')), (select id from parameter_type where name='integer'), (select id from parameter_distribution_type where name='uniform'), 0);
INSERT INTO parameter_type_definition(parameter_id, parameter_type_id, parameter_distribution_type_id, ordering) VALUES ((select id from parameter where name='model' and model_id=(select id from model where name='nlp_sequence_regressor')), (select id from parameter_type where name='categorical'), (select id from parameter_distribution_type where name='uniform'), 0);
INSERT INTO integer_parameter(parameter_type_definition_id, default_value) VALUES ((select id from parameter_type_definition where parameter_id=(select id from parameter where name='epochs' and model_id=(select id from model where name='nlp_sequence_regressor') and parameter_type_id=(select id from parameter_type where name='integer'))), 2);
INSERT INTO integer_parameter_value(parameter_type_definition_id, lower, upper) VALUES ((select id from parameter_type_definition where parameter_id=(select id from parameter where name='epochs' and model_id=(select id from model where name='nlp_sequence_regressor') and parameter_type_id=(select id from parameter_type where name='integer'))), 1, 11);
INSERT INTO float_parameter(parameter_type_definition_id, default_value) VALUES ((select id from parameter_type_definition where parameter_id=(select id from parameter where name='learning_rate' and model_id=(select id from model where name='nlp_sequence_regressor') and parameter_type_id=(select id from parameter_type where name='float'))), 0.000050);
INSERT INTO float_parameter_range(parameter_type_definition_id, is_left_open, is_right_open, lower, upper) VALUES ((select id from parameter_type_definition where parameter_id=(select id from parameter where name='learning_rate' and model_id=(select id from model where name='nlp_sequence_regressor') and parameter_type_id=(select id from parameter_type where name='float'))), true, true, 0.000001, 0.000100);
INSERT INTO integer_parameter(parameter_type_definition_id, default_value) VALUES ((select id from parameter_type_definition where parameter_id=(select id from parameter where name='max_length' and model_id=(select id from model where name='nlp_sequence_regressor') and parameter_type_id=(select id from parameter_type where name='integer'))), 64);
INSERT INTO integer_parameter_value(parameter_type_definition_id, lower, upper) VALUES ((select id from parameter_type_definition where parameter_id=(select id from parameter where name='max_length' and model_id=(select id from model where name='nlp_sequence_regressor') and parameter_type_id=(select id from parameter_type where name='integer'))), 32, 513);
INSERT INTO categorical_parameter(parameter_type_definition_id, default_value) VALUES ((select id from parameter_type_definition where parameter_id=(select id from parameter where name='model' and model_id=(select id from model where name='nlp_sequence_regressor') and parameter_type_id=(select id from parameter_type where name='categorical'))), 'bert-base-cased');
INSERT INTO categorical_parameter_value(parameter_type_definition_id, value) VALUES ((select id from parameter_type_definition where parameter_id=(select id from parameter where name='model' and model_id=(select id from model where name='nlp_sequence_regressor') and parameter_type_id=(select id from parameter_type where name='categorical'))), 'distilbert-base-cased');
INSERT INTO categorical_parameter_value(parameter_type_definition_id, value) VALUES ((select id from parameter_type_definition where parameter_id=(select id from parameter where name='model' and model_id=(select id from model where name='nlp_sequence_regressor') and parameter_type_id=(select id from parameter_type where name='categorical'))), 'roberta-base');
INSERT INTO categorical_parameter_value(parameter_type_definition_id, value) VALUES ((select id from parameter_type_definition where parameter_id=(select id from parameter where name='model' and model_id=(select id from model where name='nlp_sequence_regressor') and parameter_type_id=(select id from parameter_type where name='categorical'))), 'bert-base-cased');
INSERT INTO categorical_parameter_value(parameter_type_definition_id, value) VALUES ((select id from parameter_type_definition where parameter_id=(select id from parameter where name='model' and model_id=(select id from model where name='nlp_sequence_regressor') and parameter_type_id=(select id from parameter_type where name='categorical'))), 'bert-base-uncased');
INSERT INTO categorical_parameter_value(parameter_type_definition_id, value) VALUES ((select id from parameter_type_definition where parameter_id=(select id from parameter where name='model' and model_id=(select id from model where name='nlp_sequence_regressor') and parameter_type_id=(select id from parameter_type where name='categorical'))), 'distilbert-base-uncased');
INSERT INTO categorical_parameter_value(parameter_type_definition_id, value) VALUES ((select id from parameter_type_definition where parameter_id=(select id from parameter where name='model' and model_id=(select id from model where name='nlp_sequence_regressor') and parameter_type_id=(select id from parameter_type where name='categorical'))), 'albert-base-v2');
INSERT INTO model(name, ml_task_id, description, display_name, structure_id, advantages, disadvantages, enabled, ensemble_type_id, family_type_id, decision_tree, model_type_id) VALUES ('intelex_elastic_net_regressor', (select id from ml_task_type where name='regression'),'The Elastic Net Regressor is a linear regression model that combines the strengths of both Lasso and Ridge regression techniques. By incorporating both L1 and L2 regularization terms, it provides a balanced approach to penalize coefficients, enabling the model to prevent overfitting while dealing effectively with correlated features. It is particularly useful when there are many correlated variables in the dataset, as it tends to distribute feature importance relatively equally among correlated variables while also performing feature selection.', 'Intelex Elastic Net Regressor', (select id from model_structure_type where name='base'), '{Versatility in Handling Correlated Features: Elastic Net can effectively manage correlated features by blending L1 and L2 regularizations. This provides a balanced approach that tends to distribute the weight of importance among correlated variables.,Prevents Overfitting While Enabling Feature Selection: Unlike Ridge regression, which can''t set coefficients to zero, or Lasso, which can be inconsistent in high-dimensional spaces, Elastic Net brings the best of both worlds. It helps to prevent overfitting and, at the same time, can shrink less important features'' coefficients to zero, performing automatic feature selection.,Stability and Uniqueness: Elastic Net provides model stability under conditions where Lasso would produce multiple solutions due to highly correlated predictors. The Ridge component of Elastic Net ensures that a unique solution exists, which aids in model interpretability and consistency.}', '{Computational Complexity: Elastic Net requires the tuning of two hyperparameters, which increases computational time and complexity. This can make grid search or other hyperparameter tuning methods more time-consuming compared to simpler models.,Reduced Interpretability: While still more interpretable than many non-linear models, the inclusion of both L1 and L2 regularizations makes Elastic Net somewhat harder to interpret than standard Linear Regression.,Sensitivity to Scaling: Elastic Net is sensitive to the scale of input features. Feature scaling is usually required to ensure that the regularization treats all features equally, adding an extra preprocessing step.}', true, (select id from model_ensemble_type where name='none'),(select id from model_family_type where name='linear'), false, (select id from model_type where name='Linear Model'));
INSERT INTO parameter(name, label, description, enabled, fixed_value, ordering, model_id) VALUES ('alpha', 'Alpha', 'Constant that multiplies the penalty terms.', true, false, 1, (select id from Model where name='intelex_elastic_net_regressor'));
INSERT INTO parameter(name, label, description, enabled, fixed_value, ordering, model_id) VALUES ('fit_intercept', 'Calculate Intercept', 'Whether to calculate the intercept for this model. If set to False, no intercept will be used in calculations (i.e. data is expected to be centered).', false, false, 2, (select id from Model where name='intelex_elastic_net_regressor'));
INSERT INTO parameter(name, label, description, enabled, fixed_value, ordering, model_id) VALUES ('l1_ratio', 'L1 ratio', 'The Elastic-Net mixing parameter, with 0 <= l1_ratio <= 1.', true, false, 3, (select id from Model where name='intelex_elastic_net_regressor'));
INSERT INTO parameter(name, label, description, enabled, fixed_value, ordering, model_id) VALUES ('max_iter', 'Maximum number of iterations', '    Maximum number of iterations taken for the solvers to converge.', true, false, 4, (select id from Model where name='intelex_elastic_net_regressor'));
INSERT INTO parameter(name, label, description, enabled, fixed_value, ordering, model_id) VALUES ('positive', 'Positive', 'When set to True, forces the coefficients to be positive.', false, false, 5, (select id from Model where name='intelex_elastic_net_regressor'));
INSERT INTO parameter(name, label, description, enabled, fixed_value, ordering, model_id) VALUES ('selection', 'Selection', 'If set to ''random'', a random coefficient is updated every iteration rather than looping over features sequentially by default. This (setting to ''random'') often leads to significantly faster convergence especially when tol is higher than 1e-4.', false, false, 6, (select id from Model where name='intelex_elastic_net_regressor'));
INSERT INTO parameter(name, label, description, enabled, fixed_value, ordering, model_id) VALUES ('tol', 'Tolerance', 'Maximum norm of the residual.', true, false, 7, (select id from Model where name='intelex_elastic_net_regressor'));
INSERT INTO rel_model__incompatible_metrics(model_id, metric_id) VALUES ((select id from model where name='intelex_elastic_net_regressor'), (select id from metric where name='classification-log-loss'));
INSERT INTO rel_model__incompatible_metrics(model_id, metric_id) VALUES ((select id from model where name='intelex_elastic_net_regressor'), (select id from metric where name='classification-roc'));
INSERT INTO parameter_type_definition(parameter_id, parameter_type_id, parameter_distribution_type_id, ordering) VALUES ((select id from parameter where name='alpha' and model_id=(select id from model where name='intelex_elastic_net_regressor')), (select id from parameter_type where name='float'), (select id from parameter_distribution_type where name='uniform'), 0);
INSERT INTO parameter_type_definition(parameter_id, parameter_type_id, parameter_distribution_type_id, ordering) VALUES ((select id from parameter where name='fit_intercept' and model_id=(select id from model where name='intelex_elastic_net_regressor')), (select id from parameter_type where name='boolean'), (select id from parameter_distribution_type where name='uniform'), 0);
INSERT INTO parameter_type_definition(parameter_id, parameter_type_id, parameter_distribution_type_id, ordering) VALUES ((select id from parameter where name='l1_ratio' and model_id=(select id from model where name='intelex_elastic_net_regressor')), (select id from parameter_type where name='float'), (select id from parameter_distribution_type where name='uniform'), 0);
INSERT INTO parameter_type_definition(parameter_id, parameter_type_id, parameter_distribution_type_id, ordering) VALUES ((select id from parameter where name='max_iter' and model_id=(select id from model where name='intelex_elastic_net_regressor')), (select id from parameter_type where name='integer'), (select id from parameter_distribution_type where name='uniform'), 0);
INSERT INTO parameter_type_definition(parameter_id, parameter_type_id, parameter_distribution_type_id, ordering) VALUES ((select id from parameter where name='positive' and model_id=(select id from model where name='intelex_elastic_net_regressor')), (select id from parameter_type where name='boolean'), (select id from parameter_distribution_type where name='uniform'), 0);
INSERT INTO parameter_type_definition(parameter_id, parameter_type_id, parameter_distribution_type_id, ordering) VALUES ((select id from parameter where name='selection' and model_id=(select id from model where name='intelex_elastic_net_regressor')), (select id from parameter_type where name='categorical'), (select id from parameter_distribution_type where name='uniform'), 0);
INSERT INTO parameter_type_definition(parameter_id, parameter_type_id, parameter_distribution_type_id, ordering) VALUES ((select id from parameter where name='tol' and model_id=(select id from model where name='intelex_elastic_net_regressor')), (select id from parameter_type where name='float'), (select id from parameter_distribution_type where name='uniform'), 0);
INSERT INTO float_parameter(parameter_type_definition_id, default_value) VALUES ((select id from parameter_type_definition where parameter_id=(select id from parameter where name='alpha' and model_id=(select id from model where name='intelex_elastic_net_regressor') and parameter_type_id=(select id from parameter_type where name='float'))), 1.000000);
INSERT INTO float_parameter_range(parameter_type_definition_id, is_left_open, is_right_open, lower, upper) VALUES ((select id from parameter_type_definition where parameter_id=(select id from parameter where name='alpha' and model_id=(select id from model where name='intelex_elastic_net_regressor') and parameter_type_id=(select id from parameter_type where name='float'))), true, true, 0.000000, 1.000000);
INSERT INTO boolean_parameter(parameter_type_definition_id, default_value) VALUES ((select id from parameter_type_definition where parameter_id=(select id from parameter where name='fit_intercept' and model_id=(select id from model where name='intelex_elastic_net_regressor') and parameter_type_id=(select id from parameter_type where name='boolean'))), true);
INSERT INTO float_parameter(parameter_type_definition_id, default_value) VALUES ((select id from parameter_type_definition where parameter_id=(select id from parameter where name='l1_ratio' and model_id=(select id from model where name='intelex_elastic_net_regressor') and parameter_type_id=(select id from parameter_type where name='float'))), 0.500000);
INSERT INTO float_parameter_range(parameter_type_definition_id, is_left_open, is_right_open, lower, upper) VALUES ((select id from parameter_type_definition where parameter_id=(select id from parameter where name='l1_ratio' and model_id=(select id from model where name='intelex_elastic_net_regressor') and parameter_type_id=(select id from parameter_type where name='float'))), true, true, 0.000000, 1.000000);
INSERT INTO integer_parameter(parameter_type_definition_id, default_value) VALUES ((select id from parameter_type_definition where parameter_id=(select id from parameter where name='max_iter' and model_id=(select id from model where name='intelex_elastic_net_regressor') and parameter_type_id=(select id from parameter_type where name='integer'))), 1000);
INSERT INTO integer_parameter_value(parameter_type_definition_id, lower, upper) VALUES ((select id from parameter_type_definition where parameter_id=(select id from parameter where name='max_iter' and model_id=(select id from model where name='intelex_elastic_net_regressor') and parameter_type_id=(select id from parameter_type where name='integer'))), 1, 5001);
INSERT INTO boolean_parameter(parameter_type_definition_id, default_value) VALUES ((select id from parameter_type_definition where parameter_id=(select id from parameter where name='positive' and model_id=(select id from model where name='intelex_elastic_net_regressor') and parameter_type_id=(select id from parameter_type where name='boolean'))), false);
INSERT INTO categorical_parameter(parameter_type_definition_id, default_value) VALUES ((select id from parameter_type_definition where parameter_id=(select id from parameter where name='selection' and model_id=(select id from model where name='intelex_elastic_net_regressor') and parameter_type_id=(select id from parameter_type where name='categorical'))), 'cyclic');
INSERT INTO categorical_parameter_value(parameter_type_definition_id, value) VALUES ((select id from parameter_type_definition where parameter_id=(select id from parameter where name='selection' and model_id=(select id from model where name='intelex_elastic_net_regressor') and parameter_type_id=(select id from parameter_type where name='categorical'))), 'cyclic');
INSERT INTO categorical_parameter_value(parameter_type_definition_id, value) VALUES ((select id from parameter_type_definition where parameter_id=(select id from parameter where name='selection' and model_id=(select id from model where name='intelex_elastic_net_regressor') and parameter_type_id=(select id from parameter_type where name='categorical'))), 'random');
INSERT INTO float_parameter(parameter_type_definition_id, default_value) VALUES ((select id from parameter_type_definition where parameter_id=(select id from parameter where name='tol' and model_id=(select id from model where name='intelex_elastic_net_regressor') and parameter_type_id=(select id from parameter_type where name='float'))), 0.000100);
INSERT INTO float_parameter_range(parameter_type_definition_id, is_left_open, is_right_open, lower, upper) VALUES ((select id from parameter_type_definition where parameter_id=(select id from parameter where name='tol' and model_id=(select id from model where name='intelex_elastic_net_regressor') and parameter_type_id=(select id from parameter_type where name='float'))), true, true, 0.000000, 0.100000);
INSERT INTO model(name, ml_task_id, description, display_name, structure_id, advantages, disadvantages, enabled, ensemble_type_id, family_type_id, decision_tree, model_type_id) VALUES ('intelex_linear_regressor', (select id from ml_task_type where name='regression'),'The Linear Regressor is a fundamental statistical model that aims to establish a linear relationship between a set of input features and a continuous output variable. It is simple, interpretable, and computationally efficient, making it a good baseline model for many predictive tasks. The method seeks to fit a linear equation to observed data by minimizing the sum of the squared differences between the observed outcomes and the outcomes predicted by the model.', 'Intelex Linear Regressor', (select id from model_structure_type where name='base'), '{Interpretability: One of the main advantages of Linear Regression is its high interpretability. The coefficients of the model directly indicate the impact of each feature on the target variable, making it easy to explain the model''s decisions.,Low Computational Cost: Linear Regression is computationally inexpensive to train and predict, making it highly scalable for datasets with a large number of samples and features.,Fast to Implement and Train: Due to its simplicity and the availability of analytical solutions, a Linear Regressor can be quickly implemented and trained, serving as a useful baseline model in many machine learning projects.}', '{Prone to Overfitting with High-Dimensional Data: In cases where the number of features is greater than the number of observations, or when features are highly correlated, Linear Regression is susceptible to overfitting.,Assumes Linear Relationship: Linear Regression assumes that the relationship between the features and the target variable is linear. This assumption may not hold for complex, real-world data sets where relationships can be non-linear.,Sensitive to Outliers: The model is sensitive to outliers in the data, which can disproportionately affect the slope of the regression line and, consequently, the predictions.}', true, (select id from model_ensemble_type where name='none'),(select id from model_family_type where name='linear'), false, (select id from model_type where name='Linear Model'));
INSERT INTO parameter(name, label, description, enabled, fixed_value, ordering, model_id) VALUES ('fit_intercept', 'Calculate Intercept', 'Determines whether to include an intercept term in the linear regression model. If set to True, the model will calculate the intercept; if set to False, the model assumes that the data is centered and will not use an intercept in calculations.', true, false, 1, (select id from Model where name='intelex_linear_regressor'));
INSERT INTO rel_model__incompatible_metrics(model_id, metric_id) VALUES ((select id from model where name='intelex_linear_regressor'), (select id from metric where name='classification-log-loss'));
INSERT INTO rel_model__incompatible_metrics(model_id, metric_id) VALUES ((select id from model where name='intelex_linear_regressor'), (select id from metric where name='classification-roc'));
INSERT INTO parameter_type_definition(parameter_id, parameter_type_id, parameter_distribution_type_id, ordering) VALUES ((select id from parameter where name='fit_intercept' and model_id=(select id from model where name='intelex_linear_regressor')), (select id from parameter_type where name='boolean'), (select id from parameter_distribution_type where name='uniform'), 0);
INSERT INTO boolean_parameter(parameter_type_definition_id, default_value) VALUES ((select id from parameter_type_definition where parameter_id=(select id from parameter where name='fit_intercept' and model_id=(select id from model where name='intelex_linear_regressor') and parameter_type_id=(select id from parameter_type where name='boolean'))), true);
INSERT INTO model(name, ml_task_id, description, display_name, structure_id, advantages, disadvantages, enabled, ensemble_type_id, family_type_id, decision_tree, model_type_id) VALUES ('intelex_random_forest_regressor', (select id from ml_task_type where name='regression'),'The Random Forest Regressor, powered by Intel oneDAL, is a versatile and powerful ensemble learning method. It works by constructing multiple decision trees during training and outputting the mean prediction of the individual trees. This model is particularly effective for handling large datasets with high dimensionality and can automatically learn feature interactions. Intel''s oneDAL significantly improves the performance of this model, making it suitable for applications that demand high performance.', 'Intelex Random Forest Regressor', (select id from model_structure_type where name='base'), '{Effective for large datasets and high-dimensional features,Automatically learns feature interactions,Reduces overfitting compared to single decision trees,Provides feature importance scores,Can handle missing data and requires minimal data preprocessing,Leverages Intel oneDAL for high-performance and scalability on Intel hardware}', '{Can be computationally expensive due to the large number of trees,Less interpretable than single decision trees,Slower prediction time compared to some other models,May not perform well on very small datasets or with very noisy data}', true, (select id from model_ensemble_type where name='forest'),(select id from model_family_type where name='tree'), false, (select id from model_type where name='Tree-Based Model'));
INSERT INTO parameter(name, label, description, enabled, fixed_value, ordering, model_id) VALUES ('bootstrap', 'Bootstrap', 'Indicates if bootstrap samples are used when building trees. If set to False, the entire dataset is used to build each tree, which may lead to overfitting.', false, false, 1, (select id from Model where name='intelex_random_forest_regressor'));
INSERT INTO parameter(name, label, description, enabled, fixed_value, ordering, model_id) VALUES ('ccp_alpha', 'Cost-Complexity Pruning alpha', 'The complexity parameter for Minimal Cost-Complexity Pruning, which helps prevent overfitting by pruning the tree. Larger values of alpha result in more aggressive pruning. By default, no pruning is performed.', false, false, 2, (select id from Model where name='intelex_random_forest_regressor'));
INSERT INTO parameter(name, label, description, enabled, fixed_value, ordering, model_id) VALUES ('criterion', 'Criterion', 'The function used to measure the quality of a split in a decision tree.', false, false, 3, (select id from Model where name='intelex_random_forest_regressor'));
INSERT INTO parameter(name, label, description, enabled, fixed_value, ordering, model_id) VALUES ('max_depth', 'Maximum depth', 'The maximum depth allowed for each tree, which helps prevent overfitting by limiting complexity.', true, false, 4, (select id from Model where name='intelex_random_forest_regressor'));
INSERT INTO parameter(name, label, description, enabled, fixed_value, ordering, model_id) VALUES ('max_features', 'Maximum features', 'Specifies the maximum number of features to consider when making a split in each decision tree, introducing randomness and diversity among the trees to improve the model''s generalization ability. ', true, false, 5, (select id from Model where name='intelex_random_forest_regressor'));
INSERT INTO parameter(name, label, description, enabled, fixed_value, ordering, model_id) VALUES ('max_leaf_nodes', 'Maximum number of nodes', 'The maximum number of leaf nodes allowed in each tree, grown in a best-first fashion. Limits the number of leaf nodes in each decision tree, controlling the tree''s complexity and helping to prevent overfitting.', false, false, 6, (select id from Model where name='intelex_random_forest_regressor'));
INSERT INTO parameter(name, label, description, enabled, fixed_value, ordering, model_id) VALUES ('max_samples', 'Maximum samples', 'The number of samples randomly drawn from the input data to train each base estimator.', false, false, 7, (select id from Model where name='intelex_random_forest_regressor'));
INSERT INTO parameter(name, label, description, enabled, fixed_value, ordering, model_id) VALUES ('min_impurity_decrease', 'Minimum impurity decrease', 'The minimum decrease in impurity required for a node to be split. Helps prevent overfitting by controlling tree growth.', false, false, 8, (select id from Model where name='intelex_random_forest_regressor'));
INSERT INTO parameter(name, label, description, enabled, fixed_value, ordering, model_id) VALUES ('min_samples_leaf', 'Minimum samples per leaf', 'The minimum number of samples required for a node to be considered a leaf. This parameter helps prevent overfitting by ensuring that leaves have a sufficient number of samples.', false, false, 9, (select id from Model where name='intelex_random_forest_regressor'));
INSERT INTO parameter(name, label, description, enabled, fixed_value, ordering, model_id) VALUES ('min_samples_split', 'Minimum sample split', 'The minimum number of samples required to split an internal node, which helps control the growth of the tree and prevent overfitting.', false, false, 10, (select id from Model where name='intelex_random_forest_regressor'));
INSERT INTO parameter(name, label, description, enabled, fixed_value, ordering, model_id) VALUES ('min_weight_fraction_leaf', 'Minimum weighted sum per leaf', 'The minimum weighted fraction of the total sample weights required for a node to be considered a leaf. By default, all samples have equal weight.', false, false, 11, (select id from Model where name='intelex_random_forest_regressor'));
INSERT INTO parameter(name, label, description, enabled, fixed_value, ordering, model_id) VALUES ('n_estimators', 'Number of estimators', 'The number of decision trees in the ensemble, which affects the model''s performance and complexity.', true, false, 12, (select id from Model where name='intelex_random_forest_regressor'));
INSERT INTO rel_model__incompatible_metrics(model_id, metric_id) VALUES ((select id from model where name='intelex_random_forest_regressor'), (select id from metric where name='classification-log-loss'));
INSERT INTO rel_model__incompatible_metrics(model_id, metric_id) VALUES ((select id from model where name='intelex_random_forest_regressor'), (select id from metric where name='classification-roc'));
INSERT INTO parameter_type_definition(parameter_id, parameter_type_id, parameter_distribution_type_id, ordering) VALUES ((select id from parameter where name='bootstrap' and model_id=(select id from model where name='intelex_random_forest_regressor')), (select id from parameter_type where name='boolean'), (select id from parameter_distribution_type where name='uniform'), 0);
INSERT INTO parameter_type_definition(parameter_id, parameter_type_id, parameter_distribution_type_id, ordering) VALUES ((select id from parameter where name='ccp_alpha' and model_id=(select id from model where name='intelex_random_forest_regressor')), (select id from parameter_type where name='float'), (select id from parameter_distribution_type where name='uniform'), 0);
INSERT INTO parameter_type_definition(parameter_id, parameter_type_id, parameter_distribution_type_id, ordering) VALUES ((select id from parameter where name='criterion' and model_id=(select id from model where name='intelex_random_forest_regressor')), (select id from parameter_type where name='categorical'), (select id from parameter_distribution_type where name='uniform'), 0);
INSERT INTO parameter_type_definition(parameter_id, parameter_type_id, parameter_distribution_type_id, ordering) VALUES ((select id from parameter where name='max_depth' and model_id=(select id from model where name='intelex_random_forest_regressor')), (select id from parameter_type where name='integer'), (select id from parameter_distribution_type where name='uniform'), 0);
INSERT INTO parameter_type_definition(parameter_id, parameter_type_id, parameter_distribution_type_id, ordering) VALUES ((select id from parameter where name='max_features' and model_id=(select id from model where name='intelex_random_forest_regressor')), (select id from parameter_type where name='categorical'), (select id from parameter_distribution_type where name='uniform'), 0);
INSERT INTO parameter_type_definition(parameter_id, parameter_type_id, parameter_distribution_type_id, ordering) VALUES ((select id from parameter where name='max_features' and model_id=(select id from model where name='intelex_random_forest_regressor')), (select id from parameter_type where name='float'), (select id from parameter_distribution_type where name='uniform'), 1);
INSERT INTO parameter_type_definition(parameter_id, parameter_type_id, parameter_distribution_type_id, ordering) VALUES ((select id from parameter where name='max_leaf_nodes' and model_id=(select id from model where name='intelex_random_forest_regressor')), (select id from parameter_type where name='integer'), (select id from parameter_distribution_type where name='uniform'), 0);
INSERT INTO parameter_type_definition(parameter_id, parameter_type_id, parameter_distribution_type_id, ordering) VALUES ((select id from parameter where name='max_samples' and model_id=(select id from model where name='intelex_random_forest_regressor')), (select id from parameter_type where name='categorical'), (select id from parameter_distribution_type where name='uniform'), 0);
INSERT INTO parameter_type_definition(parameter_id, parameter_type_id, parameter_distribution_type_id, ordering) VALUES ((select id from parameter where name='max_samples' and model_id=(select id from model where name='intelex_random_forest_regressor')), (select id from parameter_type where name='float'), (select id from parameter_distribution_type where name='uniform'), 1);
INSERT INTO parameter_type_definition(parameter_id, parameter_type_id, parameter_distribution_type_id, ordering) VALUES ((select id from parameter where name='min_impurity_decrease' and model_id=(select id from model where name='intelex_random_forest_regressor')), (select id from parameter_type where name='float'), (select id from parameter_distribution_type where name='uniform'), 0);
INSERT INTO parameter_type_definition(parameter_id, parameter_type_id, parameter_distribution_type_id, ordering) VALUES ((select id from parameter where name='min_samples_leaf' and model_id=(select id from model where name='intelex_random_forest_regressor')), (select id from parameter_type where name='float'), (select id from parameter_distribution_type where name='uniform'), 0);
INSERT INTO parameter_type_definition(parameter_id, parameter_type_id, parameter_distribution_type_id, ordering) VALUES ((select id from parameter where name='min_samples_split' and model_id=(select id from model where name='intelex_random_forest_regressor')), (select id from parameter_type where name='integer'), (select id from parameter_distribution_type where name='uniform'), 0);
INSERT INTO parameter_type_definition(parameter_id, parameter_type_id, parameter_distribution_type_id, ordering) VALUES ((select id from parameter where name='min_weight_fraction_leaf' and model_id=(select id from model where name='intelex_random_forest_regressor')), (select id from parameter_type where name='float'), (select id from parameter_distribution_type where name='uniform'), 0);
INSERT INTO parameter_type_definition(parameter_id, parameter_type_id, parameter_distribution_type_id, ordering) VALUES ((select id from parameter where name='n_estimators' and model_id=(select id from model where name='intelex_random_forest_regressor')), (select id from parameter_type where name='integer'), (select id from parameter_distribution_type where name='uniform'), 0);
INSERT INTO boolean_parameter(parameter_type_definition_id, default_value) VALUES ((select id from parameter_type_definition where parameter_id=(select id from parameter where name='bootstrap' and model_id=(select id from model where name='intelex_random_forest_regressor') and parameter_type_id=(select id from parameter_type where name='boolean'))), true);
INSERT INTO float_parameter(parameter_type_definition_id, default_value) VALUES ((select id from parameter_type_definition where parameter_id=(select id from parameter where name='ccp_alpha' and model_id=(select id from model where name='intelex_random_forest_regressor') and parameter_type_id=(select id from parameter_type where name='float'))), 0.000000);
INSERT INTO float_parameter_range(parameter_type_definition_id, is_left_open, is_right_open, lower, upper) VALUES ((select id from parameter_type_definition where parameter_id=(select id from parameter where name='ccp_alpha' and model_id=(select id from model where name='intelex_random_forest_regressor') and parameter_type_id=(select id from parameter_type where name='float'))), true, true, 0.000000, 0.050000);
INSERT INTO categorical_parameter(parameter_type_definition_id, default_value) VALUES ((select id from parameter_type_definition where parameter_id=(select id from parameter where name='criterion' and model_id=(select id from model where name='intelex_random_forest_regressor') and parameter_type_id=(select id from parameter_type where name='categorical'))), 'squared_error');
INSERT INTO categorical_parameter_value(parameter_type_definition_id, value) VALUES ((select id from parameter_type_definition where parameter_id=(select id from parameter where name='criterion' and model_id=(select id from model where name='intelex_random_forest_regressor') and parameter_type_id=(select id from parameter_type where name='categorical'))), 'squared_error');
INSERT INTO categorical_parameter_value(parameter_type_definition_id, value) VALUES ((select id from parameter_type_definition where parameter_id=(select id from parameter where name='criterion' and model_id=(select id from model where name='intelex_random_forest_regressor') and parameter_type_id=(select id from parameter_type where name='categorical'))), 'absolute_error');
INSERT INTO categorical_parameter_value(parameter_type_definition_id, value) VALUES ((select id from parameter_type_definition where parameter_id=(select id from parameter where name='criterion' and model_id=(select id from model where name='intelex_random_forest_regressor') and parameter_type_id=(select id from parameter_type where name='categorical'))), 'poisson');
INSERT INTO integer_parameter(parameter_type_definition_id, default_value) VALUES ((select id from parameter_type_definition where parameter_id=(select id from parameter where name='max_depth' and model_id=(select id from model where name='intelex_random_forest_regressor') and parameter_type_id=(select id from parameter_type where name='integer'))), 10);
INSERT INTO integer_parameter_value(parameter_type_definition_id, lower, upper) VALUES ((select id from parameter_type_definition where parameter_id=(select id from parameter where name='max_depth' and model_id=(select id from model where name='intelex_random_forest_regressor') and parameter_type_id=(select id from parameter_type where name='integer'))), 3, 17);
INSERT INTO categorical_parameter(parameter_type_definition_id, default_value) VALUES ((select id from parameter_type_definition where parameter_id=(select id from parameter where name='max_features' and model_id=(select id from model where name='intelex_random_forest_regressor') and parameter_type_id=(select id from parameter_type where name='categorical'))), null);
INSERT INTO categorical_parameter_value(parameter_type_definition_id, value) VALUES ((select id from parameter_type_definition where parameter_id=(select id from parameter where name='max_features' and model_id=(select id from model where name='intelex_random_forest_regressor') and parameter_type_id=(select id from parameter_type where name='categorical'))), 'sqrt');
INSERT INTO categorical_parameter_value(parameter_type_definition_id, value) VALUES ((select id from parameter_type_definition where parameter_id=(select id from parameter where name='max_features' and model_id=(select id from model where name='intelex_random_forest_regressor') and parameter_type_id=(select id from parameter_type where name='categorical'))), 'log2');
INSERT INTO float_parameter(parameter_type_definition_id, default_value) VALUES ((select id from parameter_type_definition where parameter_id=(select id from parameter where name='max_features' and model_id=(select id from model where name='intelex_random_forest_regressor') and parameter_type_id=(select id from parameter_type where name='float'))), 1.000000);
INSERT INTO float_parameter_range(parameter_type_definition_id, is_left_open, is_right_open, lower, upper) VALUES ((select id from parameter_type_definition where parameter_id=(select id from parameter where name='max_features' and model_id=(select id from model where name='intelex_random_forest_regressor') and parameter_type_id=(select id from parameter_type where name='float'))), true, true, 0.100000, 1.000000);
INSERT INTO integer_parameter(parameter_type_definition_id, default_value) VALUES ((select id from parameter_type_definition where parameter_id=(select id from parameter where name='max_leaf_nodes' and model_id=(select id from model where name='intelex_random_forest_regressor') and parameter_type_id=(select id from parameter_type where name='integer'))), 1024);
INSERT INTO integer_parameter_value(parameter_type_definition_id, lower, upper) VALUES ((select id from parameter_type_definition where parameter_id=(select id from parameter where name='max_leaf_nodes' and model_id=(select id from model where name='intelex_random_forest_regressor') and parameter_type_id=(select id from parameter_type where name='integer'))), 2, 1025);
INSERT INTO categorical_parameter(parameter_type_definition_id, default_value) VALUES ((select id from parameter_type_definition where parameter_id=(select id from parameter where name='max_samples' and model_id=(select id from model where name='intelex_random_forest_regressor') and parameter_type_id=(select id from parameter_type where name='categorical'))), null);
INSERT INTO categorical_parameter_value(parameter_type_definition_id, value) VALUES ((select id from parameter_type_definition where parameter_id=(select id from parameter where name='max_samples' and model_id=(select id from model where name='intelex_random_forest_regressor') and parameter_type_id=(select id from parameter_type where name='categorical'))), 'None');
INSERT INTO float_parameter(parameter_type_definition_id, default_value) VALUES ((select id from parameter_type_definition where parameter_id=(select id from parameter where name='max_samples' and model_id=(select id from model where name='intelex_random_forest_regressor') and parameter_type_id=(select id from parameter_type where name='float'))), 1.000000);
INSERT INTO float_parameter_range(parameter_type_definition_id, is_left_open, is_right_open, lower, upper) VALUES ((select id from parameter_type_definition where parameter_id=(select id from parameter where name='max_samples' and model_id=(select id from model where name='intelex_random_forest_regressor') and parameter_type_id=(select id from parameter_type where name='float'))), true, true, 0.100000, 1.000000);
INSERT INTO float_parameter(parameter_type_definition_id, default_value) VALUES ((select id from parameter_type_definition where parameter_id=(select id from parameter where name='min_impurity_decrease' and model_id=(select id from model where name='intelex_random_forest_regressor') and parameter_type_id=(select id from parameter_type where name='float'))), 0.000000);
INSERT INTO float_parameter_range(parameter_type_definition_id, is_left_open, is_right_open, lower, upper) VALUES ((select id from parameter_type_definition where parameter_id=(select id from parameter where name='min_impurity_decrease' and model_id=(select id from model where name='intelex_random_forest_regressor') and parameter_type_id=(select id from parameter_type where name='float'))), true, true, 0.000000, 0.100000);
INSERT INTO float_parameter(parameter_type_definition_id, default_value) VALUES ((select id from parameter_type_definition where parameter_id=(select id from parameter where name='min_samples_leaf' and model_id=(select id from model where name='intelex_random_forest_regressor') and parameter_type_id=(select id from parameter_type where name='float'))), 0.000100);
INSERT INTO float_parameter_range(parameter_type_definition_id, is_left_open, is_right_open, lower, upper) VALUES ((select id from parameter_type_definition where parameter_id=(select id from parameter where name='min_samples_leaf' and model_id=(select id from model where name='intelex_random_forest_regressor') and parameter_type_id=(select id from parameter_type where name='float'))), true, true, 0.000100, 0.050000);
INSERT INTO integer_parameter(parameter_type_definition_id, default_value) VALUES ((select id from parameter_type_definition where parameter_id=(select id from parameter where name='min_samples_split' and model_id=(select id from model where name='intelex_random_forest_regressor') and parameter_type_id=(select id from parameter_type where name='integer'))), 2);
INSERT INTO integer_parameter_value(parameter_type_definition_id, lower, upper) VALUES ((select id from parameter_type_definition where parameter_id=(select id from parameter where name='min_samples_split' and model_id=(select id from model where name='intelex_random_forest_regressor') and parameter_type_id=(select id from parameter_type where name='integer'))), 2, 21);
INSERT INTO float_parameter(parameter_type_definition_id, default_value) VALUES ((select id from parameter_type_definition where parameter_id=(select id from parameter where name='min_weight_fraction_leaf' and model_id=(select id from model where name='intelex_random_forest_regressor') and parameter_type_id=(select id from parameter_type where name='float'))), 0.000000);
INSERT INTO float_parameter_range(parameter_type_definition_id, is_left_open, is_right_open, lower, upper) VALUES ((select id from parameter_type_definition where parameter_id=(select id from parameter where name='min_weight_fraction_leaf' and model_id=(select id from model where name='intelex_random_forest_regressor') and parameter_type_id=(select id from parameter_type where name='float'))), true, true, 0.000000, 0.010000);
INSERT INTO integer_parameter(parameter_type_definition_id, default_value) VALUES ((select id from parameter_type_definition where parameter_id=(select id from parameter where name='n_estimators' and model_id=(select id from model where name='intelex_random_forest_regressor') and parameter_type_id=(select id from parameter_type where name='integer'))), 100);
INSERT INTO integer_parameter_value(parameter_type_definition_id, lower, upper) VALUES ((select id from parameter_type_definition where parameter_id=(select id from parameter where name='n_estimators' and model_id=(select id from model where name='intelex_random_forest_regressor') and parameter_type_id=(select id from parameter_type where name='integer'))), 10, 201);
INSERT INTO model(name, ml_task_id, description, display_name, structure_id, advantages, disadvantages, enabled, ensemble_type_id, family_type_id, decision_tree, model_type_id) VALUES ('intelex_svr_regressor', (select id from ml_task_type where name='regression'),'The SVR Regressor is a Support Vector Regression model from the scikit-learn library. It is an extension of the Support Vector Machine (SVM) algorithm for regression tasks. The model aims to find a function that approximates the relationship between input features and target values with a specified tolerance (epsilon). It uses different kernel functions to transform the input data into a higher-dimensional space, where a linear function is fitted to minimize the error between predicted and actual target values.', 'Intelex SVR Regressor', (select id from model_structure_type where name='base'), '{Effective in high-dimensional spaces.,Supports different kernel functions for versatile modeling.,Robust against overfitting, especially when using a high-dimensional feature space.}', '{Can be slow to train on large datasets.,Requires careful selection of kernel and hyperparameters.}', true, (select id from model_ensemble_type where name='none'),(select id from model_family_type where name='other'), false, (select id from model_type where name='Kernel Model'));
INSERT INTO parameter(name, label, description, enabled, fixed_value, ordering, model_id) VALUES ('C', 'C', 'Inverse of the regularization strength. Controls the trade-off between achieving a low training error and a low testing error. A smaller value creates a wider margin, which may result in more training errors but better generalization to the test data.', true, false, 1, (select id from Model where name='intelex_svr_regressor'));
INSERT INTO parameter(name, label, description, enabled, fixed_value, ordering, model_id) VALUES ('coef0', 'Coefficient 0', 'Affects the shape of the decision boundary in ''poly'' and ''sigmoid'' kernels. It represents the independent term in the kernel function.', false, false, 2, (select id from Model where name='intelex_svr_regressor'));
INSERT INTO parameter(name, label, description, enabled, fixed_value, ordering, model_id) VALUES ('degree', 'Degree', 'Specifies the degree of the polynomial kernel function (''poly''). Higher degrees result in more complex decision boundaries. This parameter is ignored by all other kernels.', false, false, 3, (select id from Model where name='intelex_svr_regressor'));
INSERT INTO parameter(name, label, description, enabled, fixed_value, ordering, model_id) VALUES ('epsilon', 'Epsilon', 'Defines the margin of tolerance within which no penalty is given to errors. It determines the width of the epsilon-insensitive zone used to fit the training data.', false, false, 4, (select id from Model where name='intelex_svr_regressor'));
INSERT INTO parameter(name, label, description, enabled, fixed_value, ordering, model_id) VALUES ('kernel', 'Kernel', 'Determines the kernel function used in the algorithm. The kernel function transforms the input data into a higher-dimensional space where a linear function is fitted.', true, false, 5, (select id from Model where name='intelex_svr_regressor'));
INSERT INTO parameter(name, label, description, enabled, fixed_value, ordering, model_id) VALUES ('max_iter', 'Maximum number of iterations', 'Sets the maximum number of iterations for the solver to converge. Early stopping may result in a suboptimal solution.', true, false, 6, (select id from Model where name='intelex_svr_regressor'));
INSERT INTO parameter(name, label, description, enabled, fixed_value, ordering, model_id) VALUES ('shrinking', 'Shrinking', 'Indicates whether to use the shrinking heuristic, which is a technique used to remove some of the constraints in the optimization problem to speed up training.', false, false, 7, (select id from Model where name='intelex_svr_regressor'));
INSERT INTO parameter(name, label, description, enabled, fixed_value, ordering, model_id) VALUES ('tol', 'Tolerance', 'Specifies the tolerance for stopping criterion. The solver stops when the change in the residual is smaller than this value.', true, false, 8, (select id from Model where name='intelex_svr_regressor'));
INSERT INTO rel_model__incompatible_metrics(model_id, metric_id) VALUES ((select id from model where name='intelex_svr_regressor'), (select id from metric where name='classification-log-loss'));
INSERT INTO rel_model__incompatible_metrics(model_id, metric_id) VALUES ((select id from model where name='intelex_svr_regressor'), (select id from metric where name='classification-roc'));
INSERT INTO parameter_type_definition(parameter_id, parameter_type_id, parameter_distribution_type_id, ordering) VALUES ((select id from parameter where name='C' and model_id=(select id from model where name='intelex_svr_regressor')), (select id from parameter_type where name='float'), (select id from parameter_distribution_type where name='uniform'), 0);
INSERT INTO parameter_type_definition(parameter_id, parameter_type_id, parameter_distribution_type_id, ordering) VALUES ((select id from parameter where name='coef0' and model_id=(select id from model where name='intelex_svr_regressor')), (select id from parameter_type where name='float'), (select id from parameter_distribution_type where name='uniform'), 0);
INSERT INTO parameter_type_definition(parameter_id, parameter_type_id, parameter_distribution_type_id, ordering) VALUES ((select id from parameter where name='degree' and model_id=(select id from model where name='intelex_svr_regressor')), (select id from parameter_type where name='integer'), (select id from parameter_distribution_type where name='uniform'), 0);
INSERT INTO parameter_type_definition(parameter_id, parameter_type_id, parameter_distribution_type_id, ordering) VALUES ((select id from parameter where name='epsilon' and model_id=(select id from model where name='intelex_svr_regressor')), (select id from parameter_type where name='float'), (select id from parameter_distribution_type where name='uniform'), 0);
INSERT INTO parameter_type_definition(parameter_id, parameter_type_id, parameter_distribution_type_id, ordering) VALUES ((select id from parameter where name='kernel' and model_id=(select id from model where name='intelex_svr_regressor')), (select id from parameter_type where name='categorical'), (select id from parameter_distribution_type where name='uniform'), 0);
INSERT INTO parameter_type_definition(parameter_id, parameter_type_id, parameter_distribution_type_id, ordering) VALUES ((select id from parameter where name='max_iter' and model_id=(select id from model where name='intelex_svr_regressor')), (select id from parameter_type where name='integer'), (select id from parameter_distribution_type where name='uniform'), 0);
INSERT INTO parameter_type_definition(parameter_id, parameter_type_id, parameter_distribution_type_id, ordering) VALUES ((select id from parameter where name='shrinking' and model_id=(select id from model where name='intelex_svr_regressor')), (select id from parameter_type where name='boolean'), (select id from parameter_distribution_type where name='uniform'), 0);
INSERT INTO parameter_type_definition(parameter_id, parameter_type_id, parameter_distribution_type_id, ordering) VALUES ((select id from parameter where name='tol' and model_id=(select id from model where name='intelex_svr_regressor')), (select id from parameter_type where name='float'), (select id from parameter_distribution_type where name='uniform'), 0);
INSERT INTO float_parameter(parameter_type_definition_id, default_value) VALUES ((select id from parameter_type_definition where parameter_id=(select id from parameter where name='C' and model_id=(select id from model where name='intelex_svr_regressor') and parameter_type_id=(select id from parameter_type where name='float'))), 1.000000);
INSERT INTO float_parameter_range(parameter_type_definition_id, is_left_open, is_right_open, lower, upper) VALUES ((select id from parameter_type_definition where parameter_id=(select id from parameter where name='C' and model_id=(select id from model where name='intelex_svr_regressor') and parameter_type_id=(select id from parameter_type where name='float'))), true, true, 0.001000, 10.000000);
INSERT INTO float_parameter(parameter_type_definition_id, default_value) VALUES ((select id from parameter_type_definition where parameter_id=(select id from parameter where name='coef0' and model_id=(select id from model where name='intelex_svr_regressor') and parameter_type_id=(select id from parameter_type where name='float'))), 0.000000);
INSERT INTO float_parameter_range(parameter_type_definition_id, is_left_open, is_right_open, lower, upper) VALUES ((select id from parameter_type_definition where parameter_id=(select id from parameter where name='coef0' and model_id=(select id from model where name='intelex_svr_regressor') and parameter_type_id=(select id from parameter_type where name='float'))), true, true, 0.000000, 1.000000);
INSERT INTO integer_parameter(parameter_type_definition_id, default_value) VALUES ((select id from parameter_type_definition where parameter_id=(select id from parameter where name='degree' and model_id=(select id from model where name='intelex_svr_regressor') and parameter_type_id=(select id from parameter_type where name='integer'))), 3);
INSERT INTO integer_parameter_value(parameter_type_definition_id, lower, upper) VALUES ((select id from parameter_type_definition where parameter_id=(select id from parameter where name='degree' and model_id=(select id from model where name='intelex_svr_regressor') and parameter_type_id=(select id from parameter_type where name='integer'))), 0, 6);
INSERT INTO float_parameter(parameter_type_definition_id, default_value) VALUES ((select id from parameter_type_definition where parameter_id=(select id from parameter where name='epsilon' and model_id=(select id from model where name='intelex_svr_regressor') and parameter_type_id=(select id from parameter_type where name='float'))), 0.100000);
INSERT INTO float_parameter_range(parameter_type_definition_id, is_left_open, is_right_open, lower, upper) VALUES ((select id from parameter_type_definition where parameter_id=(select id from parameter where name='epsilon' and model_id=(select id from model where name='intelex_svr_regressor') and parameter_type_id=(select id from parameter_type where name='float'))), true, true, 0.000100, 2.000000);
INSERT INTO categorical_parameter(parameter_type_definition_id, default_value) VALUES ((select id from parameter_type_definition where parameter_id=(select id from parameter where name='kernel' and model_id=(select id from model where name='intelex_svr_regressor') and parameter_type_id=(select id from parameter_type where name='categorical'))), 'rbf');
INSERT INTO categorical_parameter_value(parameter_type_definition_id, value) VALUES ((select id from parameter_type_definition where parameter_id=(select id from parameter where name='kernel' and model_id=(select id from model where name='intelex_svr_regressor') and parameter_type_id=(select id from parameter_type where name='categorical'))), 'sigmoid');
INSERT INTO categorical_parameter_value(parameter_type_definition_id, value) VALUES ((select id from parameter_type_definition where parameter_id=(select id from parameter where name='kernel' and model_id=(select id from model where name='intelex_svr_regressor') and parameter_type_id=(select id from parameter_type where name='categorical'))), 'rbf');
INSERT INTO categorical_parameter_value(parameter_type_definition_id, value) VALUES ((select id from parameter_type_definition where parameter_id=(select id from parameter where name='kernel' and model_id=(select id from model where name='intelex_svr_regressor') and parameter_type_id=(select id from parameter_type where name='categorical'))), 'poly');
INSERT INTO integer_parameter(parameter_type_definition_id, default_value) VALUES ((select id from parameter_type_definition where parameter_id=(select id from parameter where name='max_iter' and model_id=(select id from model where name='intelex_svr_regressor') and parameter_type_id=(select id from parameter_type where name='integer'))), 1000);
INSERT INTO integer_parameter_value(parameter_type_definition_id, lower, upper) VALUES ((select id from parameter_type_definition where parameter_id=(select id from parameter where name='max_iter' and model_id=(select id from model where name='intelex_svr_regressor') and parameter_type_id=(select id from parameter_type where name='integer'))), 1, 1001);
INSERT INTO boolean_parameter(parameter_type_definition_id, default_value) VALUES ((select id from parameter_type_definition where parameter_id=(select id from parameter where name='shrinking' and model_id=(select id from model where name='intelex_svr_regressor') and parameter_type_id=(select id from parameter_type where name='boolean'))), true);
INSERT INTO float_parameter(parameter_type_definition_id, default_value) VALUES ((select id from parameter_type_definition where parameter_id=(select id from parameter where name='tol' and model_id=(select id from model where name='intelex_svr_regressor') and parameter_type_id=(select id from parameter_type where name='float'))), 0.001000);
INSERT INTO float_parameter_range(parameter_type_definition_id, is_left_open, is_right_open, lower, upper) VALUES ((select id from parameter_type_definition where parameter_id=(select id from parameter where name='tol' and model_id=(select id from model where name='intelex_svr_regressor') and parameter_type_id=(select id from parameter_type where name='float'))), true, true, 0.000100, 1.000000);
INSERT INTO model(name, ml_task_id, description, display_name, structure_id, advantages, disadvantages, enabled, ensemble_type_id, family_type_id, decision_tree, model_type_id) VALUES ('feature_reduction_stacking_regressor', (select id from ml_task_type where name='regression'),'A meta-regressor is fitted on the predictions of a number of base models, which may be reduced to a lower dimensional space. It is combined with the initial training data, which is reduced to a lower dimensional space.', 'Feature Reduction Stacking Regressor', (select id from model_structure_type where name='dynamic'), '{}', '{}', true, (select id from model_ensemble_type where name='other'),(select id from model_family_type where name='other'), false, (select id from model_type where name='Ensemble Model'));
INSERT INTO rel_model__incompatible_metrics(model_id, metric_id) VALUES ((select id from model where name='feature_reduction_stacking_regressor'), (select id from metric where name='classification-log-loss'));
INSERT INTO rel_model__incompatible_metrics(model_id, metric_id) VALUES ((select id from model where name='feature_reduction_stacking_regressor'), (select id from metric where name='classification-roc'));
INSERT INTO model(name, ml_task_id, description, display_name, structure_id, advantages, disadvantages, enabled, ensemble_type_id, family_type_id, decision_tree, model_type_id) VALUES ('stacking_regressor', (select id from ml_task_type where name='regression'),'A meta-regressor is fitted on the predictions of a number of base models, which may be combined with the initial training data.', 'Stacking Regressor', (select id from model_structure_type where name='dynamic'), '{}', '{}', true, (select id from model_ensemble_type where name='other'),(select id from model_family_type where name='other'), false, (select id from model_type where name='Ensemble Model'));
INSERT INTO rel_model__incompatible_metrics(model_id, metric_id) VALUES ((select id from model where name='stacking_regressor'), (select id from metric where name='classification-log-loss'));
INSERT INTO rel_model__incompatible_metrics(model_id, metric_id) VALUES ((select id from model where name='stacking_regressor'), (select id from metric where name='classification-roc'));
INSERT INTO model(name, ml_task_id, description, display_name, structure_id, advantages, disadvantages, enabled, ensemble_type_id, family_type_id, decision_tree, model_type_id) VALUES ('base_reduction_stacking_regressor', (select id from ml_task_type where name='regression'),'A meta-regressor is fitted on the predictions of a number of base models and the base predictions space is reduced to a lower dimensional space. It may be combined with the initial training data.', 'Base Reduction Stacking Regressor', (select id from model_structure_type where name='dynamic'), '{}', '{}', true, (select id from model_ensemble_type where name='other'),(select id from model_family_type where name='other'), false, (select id from model_type where name='Ensemble Model'));
INSERT INTO rel_model__incompatible_metrics(model_id, metric_id) VALUES ((select id from model where name='base_reduction_stacking_regressor'), (select id from metric where name='classification-log-loss'));
INSERT INTO rel_model__incompatible_metrics(model_id, metric_id) VALUES ((select id from model where name='base_reduction_stacking_regressor'), (select id from metric where name='classification-roc'));
INSERT INTO model(name, ml_task_id, description, display_name, structure_id, advantages, disadvantages, enabled, ensemble_type_id, family_type_id, decision_tree, model_type_id) VALUES ('lightgbm_regressor', (select id from ml_task_type where name='regression'),'The LightGBM Regressor is a gradient boosting framework based on decision trees from the LightGBM library. It uses a novel technique called Gradient-based One-Side Sampling (GOSS) to filter out the data instances for finding a split value, and Exclusive Feature Bundling (EFB) to reduce the number of features during training. This results in a faster training process and lower memory usage while maintaining high accuracy.', 'LightGBM Regressor', (select id from model_structure_type where name='base'), '{Faster training speed and lower memory usage compared to other gradient boosting frameworks.,High accuracy and good generalization performance.,Supports parallel and GPU learning.,Handles large-scale data and high-dimensional features well.}', '{Requires careful tuning of hyperparameters for optimal performance.,Less interpretable than simpler models like linear regression.,Not as robust to noise and outliers as some other models.}', true, (select id from model_ensemble_type where name='other'),(select id from model_family_type where name='tree'), false, (select id from model_type where name='Tree-Based Model'));
INSERT INTO rel_model__groups(model_id, group_id) VALUES ((select id from Model where name='lightgbm_regressor'),(select id from model_group_type where name='fast'));
INSERT INTO rel_model__groups(model_id, group_id) VALUES ((select id from Model where name='lightgbm_regressor'),(select id from model_group_type where name='explainable'));
INSERT INTO rel_model__groups(model_id, group_id) VALUES ((select id from Model where name='lightgbm_regressor'),(select id from model_group_type where name='advanced'));
INSERT INTO parameter(name, label, description, enabled, fixed_value, ordering, model_id) VALUES ('boosting_type', 'Boosting type', 'Specifies the type of boosting algorithm to use, which determines how the model combines weak learners to form a strong learner.', false, false, 1, (select id from Model where name='lightgbm_regressor'));
INSERT INTO parameter(name, label, description, enabled, fixed_value, ordering, model_id) VALUES ('colsample_bytree', 'Column subsample ratio by tree', 'The fraction of features to select for each tree, which helps in reducing overfitting and improving training speed.', false, false, 2, (select id from Model where name='lightgbm_regressor'));
INSERT INTO parameter(name, label, description, enabled, fixed_value, ordering, model_id) VALUES ('learning_rate', 'Learning rate', 'The shrinkage factor applied to the weights of new features after each boosting step, which helps prevent overfitting.', false, false, 3, (select id from Model where name='lightgbm_regressor'));
INSERT INTO parameter(name, label, description, enabled, fixed_value, ordering, model_id) VALUES ('max_depth', 'Maximum depth', 'The maximum depth of each decision tree, which controls the complexity of the model and prevents overfitting.', true, false, 4, (select id from Model where name='lightgbm_regressor'));
INSERT INTO parameter(name, label, description, enabled, fixed_value, ordering, model_id) VALUES ('min_child_samples', 'Minimum childs per sample', 'The minimum number of samples required in a leaf node, which helps prevent overfitting by controlling tree growth.', false, false, 5, (select id from Model where name='lightgbm_regressor'));
INSERT INTO parameter(name, label, description, enabled, fixed_value, ordering, model_id) VALUES ('min_child_weight', 'Minimum child weight', 'The minimum sum of instance weights (hessian) required in a child node, which affects the tree structure and prevents overfitting.', false, false, 6, (select id from Model where name='lightgbm_regressor'));
INSERT INTO parameter(name, label, description, enabled, fixed_value, ordering, model_id) VALUES ('min_split_gain', 'Minimal gain to split', 'The minimum gain required to perform a split, which helps control the complexity of the model.', false, false, 7, (select id from Model where name='lightgbm_regressor'));
INSERT INTO parameter(name, label, description, enabled, fixed_value, ordering, model_id) VALUES ('n_estimators', 'Number of estimators', 'The number of decision trees in the ensemble, which determines the overall complexity and capacity of the model.', true, false, 8, (select id from Model where name='lightgbm_regressor'));
INSERT INTO parameter(name, label, description, enabled, fixed_value, ordering, model_id) VALUES ('num_leaves', 'Number of leaves', 'The maximum number of leaves in a single decision tree, which controls the complexity of the tree and affects the model''s accuracy.', true, false, 9, (select id from Model where name='lightgbm_regressor'));
INSERT INTO parameter(name, label, description, enabled, fixed_value, ordering, model_id) VALUES ('reg_alpha', 'Regularization alpha', 'The L1 regularization term applied to the weights, which helps prevent overfitting by encouraging sparsity in the model.', false, false, 10, (select id from Model where name='lightgbm_regressor'));
INSERT INTO parameter(name, label, description, enabled, fixed_value, ordering, model_id) VALUES ('reg_lambda', 'Regularization lambda', 'The L2 regularization term applied to the weights, which helps prevent overfitting by penalizing large weights.', false, false, 11, (select id from Model where name='lightgbm_regressor'));
INSERT INTO parameter(name, label, description, enabled, fixed_value, ordering, model_id) VALUES ('subsample', 'Subsample', 'The fraction of training instances to use for each boosting iteration, which helps prevent overfitting and improves training speed.', false, false, 12, (select id from Model where name='lightgbm_regressor'));
INSERT INTO parameter(name, label, description, enabled, fixed_value, ordering, model_id) VALUES ('subsample_for_bin', 'Subsamples to construct bin', 'The number of samples used to construct discrete bins for continuous features, which affects the speed and memory usage of the model.', false, false, 13, (select id from Model where name='lightgbm_regressor'));
INSERT INTO parameter(name, label, description, enabled, fixed_value, ordering, model_id) VALUES ('subsample_freq', 'Subsample frequency', 'The frequency at which subsampling occurs during the boosting process, which helps control overfitting and training speed.', false, false, 14, (select id from Model where name='lightgbm_regressor'));
INSERT INTO rel_model__incompatible_metrics(model_id, metric_id) VALUES ((select id from model where name='lightgbm_regressor'), (select id from metric where name='classification-log-loss'));
INSERT INTO rel_model__incompatible_metrics(model_id, metric_id) VALUES ((select id from model where name='lightgbm_regressor'), (select id from metric where name='classification-roc'));
INSERT INTO parameter_type_definition(parameter_id, parameter_type_id, parameter_distribution_type_id, ordering) VALUES ((select id from parameter where name='boosting_type' and model_id=(select id from model where name='lightgbm_regressor')), (select id from parameter_type where name='categorical'), (select id from parameter_distribution_type where name='uniform'), 0);
INSERT INTO parameter_type_definition(parameter_id, parameter_type_id, parameter_distribution_type_id, ordering) VALUES ((select id from parameter where name='colsample_bytree' and model_id=(select id from model where name='lightgbm_regressor')), (select id from parameter_type where name='float'), (select id from parameter_distribution_type where name='uniform'), 0);
INSERT INTO parameter_type_definition(parameter_id, parameter_type_id, parameter_distribution_type_id, ordering) VALUES ((select id from parameter where name='learning_rate' and model_id=(select id from model where name='lightgbm_regressor')), (select id from parameter_type where name='float'), (select id from parameter_distribution_type where name='uniform'), 0);
INSERT INTO parameter_type_definition(parameter_id, parameter_type_id, parameter_distribution_type_id, ordering) VALUES ((select id from parameter where name='max_depth' and model_id=(select id from model where name='lightgbm_regressor')), (select id from parameter_type where name='integer'), (select id from parameter_distribution_type where name='uniform'), 0);
INSERT INTO parameter_type_definition(parameter_id, parameter_type_id, parameter_distribution_type_id, ordering) VALUES ((select id from parameter where name='min_child_samples' and model_id=(select id from model where name='lightgbm_regressor')), (select id from parameter_type where name='integer'), (select id from parameter_distribution_type where name='uniform'), 0);
INSERT INTO parameter_type_definition(parameter_id, parameter_type_id, parameter_distribution_type_id, ordering) VALUES ((select id from parameter where name='min_child_weight' and model_id=(select id from model where name='lightgbm_regressor')), (select id from parameter_type where name='float'), (select id from parameter_distribution_type where name='uniform'), 0);
INSERT INTO parameter_type_definition(parameter_id, parameter_type_id, parameter_distribution_type_id, ordering) VALUES ((select id from parameter where name='min_split_gain' and model_id=(select id from model where name='lightgbm_regressor')), (select id from parameter_type where name='float'), (select id from parameter_distribution_type where name='uniform'), 0);
INSERT INTO parameter_type_definition(parameter_id, parameter_type_id, parameter_distribution_type_id, ordering) VALUES ((select id from parameter where name='n_estimators' and model_id=(select id from model where name='lightgbm_regressor')), (select id from parameter_type where name='integer'), (select id from parameter_distribution_type where name='uniform'), 0);
INSERT INTO parameter_type_definition(parameter_id, parameter_type_id, parameter_distribution_type_id, ordering) VALUES ((select id from parameter where name='num_leaves' and model_id=(select id from model where name='lightgbm_regressor')), (select id from parameter_type where name='integer'), (select id from parameter_distribution_type where name='uniform'), 0);
INSERT INTO parameter_type_definition(parameter_id, parameter_type_id, parameter_distribution_type_id, ordering) VALUES ((select id from parameter where name='reg_alpha' and model_id=(select id from model where name='lightgbm_regressor')), (select id from parameter_type where name='float'), (select id from parameter_distribution_type where name='uniform'), 0);
INSERT INTO parameter_type_definition(parameter_id, parameter_type_id, parameter_distribution_type_id, ordering) VALUES ((select id from parameter where name='reg_lambda' and model_id=(select id from model where name='lightgbm_regressor')), (select id from parameter_type where name='float'), (select id from parameter_distribution_type where name='uniform'), 0);
INSERT INTO parameter_type_definition(parameter_id, parameter_type_id, parameter_distribution_type_id, ordering) VALUES ((select id from parameter where name='subsample' and model_id=(select id from model where name='lightgbm_regressor')), (select id from parameter_type where name='float'), (select id from parameter_distribution_type where name='uniform'), 0);
INSERT INTO parameter_type_definition(parameter_id, parameter_type_id, parameter_distribution_type_id, ordering) VALUES ((select id from parameter where name='subsample_for_bin' and model_id=(select id from model where name='lightgbm_regressor')), (select id from parameter_type where name='integer'), (select id from parameter_distribution_type where name='uniform'), 0);
INSERT INTO parameter_type_definition(parameter_id, parameter_type_id, parameter_distribution_type_id, ordering) VALUES ((select id from parameter where name='subsample_freq' and model_id=(select id from model where name='lightgbm_regressor')), (select id from parameter_type where name='integer'), (select id from parameter_distribution_type where name='uniform'), 0);
INSERT INTO categorical_parameter(parameter_type_definition_id, default_value) VALUES ((select id from parameter_type_definition where parameter_id=(select id from parameter where name='boosting_type' and model_id=(select id from model where name='lightgbm_regressor') and parameter_type_id=(select id from parameter_type where name='categorical'))), 'gbdt');
INSERT INTO categorical_parameter_value(parameter_type_definition_id, value) VALUES ((select id from parameter_type_definition where parameter_id=(select id from parameter where name='boosting_type' and model_id=(select id from model where name='lightgbm_regressor') and parameter_type_id=(select id from parameter_type where name='categorical'))), 'gbdt');
INSERT INTO categorical_parameter_value(parameter_type_definition_id, value) VALUES ((select id from parameter_type_definition where parameter_id=(select id from parameter where name='boosting_type' and model_id=(select id from model where name='lightgbm_regressor') and parameter_type_id=(select id from parameter_type where name='categorical'))), 'goss');
INSERT INTO categorical_parameter_value(parameter_type_definition_id, value) VALUES ((select id from parameter_type_definition where parameter_id=(select id from parameter where name='boosting_type' and model_id=(select id from model where name='lightgbm_regressor') and parameter_type_id=(select id from parameter_type where name='categorical'))), 'dart');
INSERT INTO categorical_parameter_value(parameter_type_definition_id, value) VALUES ((select id from parameter_type_definition where parameter_id=(select id from parameter where name='boosting_type' and model_id=(select id from model where name='lightgbm_regressor') and parameter_type_id=(select id from parameter_type where name='categorical'))), 'rf');
INSERT INTO float_parameter(parameter_type_definition_id, default_value) VALUES ((select id from parameter_type_definition where parameter_id=(select id from parameter where name='colsample_bytree' and model_id=(select id from model where name='lightgbm_regressor') and parameter_type_id=(select id from parameter_type where name='float'))), 1.000000);
INSERT INTO float_parameter_range(parameter_type_definition_id, is_left_open, is_right_open, lower, upper) VALUES ((select id from parameter_type_definition where parameter_id=(select id from parameter where name='colsample_bytree' and model_id=(select id from model where name='lightgbm_regressor') and parameter_type_id=(select id from parameter_type where name='float'))), true, true, 0.100000, 1.000000);
INSERT INTO float_parameter(parameter_type_definition_id, default_value) VALUES ((select id from parameter_type_definition where parameter_id=(select id from parameter where name='learning_rate' and model_id=(select id from model where name='lightgbm_regressor') and parameter_type_id=(select id from parameter_type where name='float'))), 0.100000);
INSERT INTO float_parameter_range(parameter_type_definition_id, is_left_open, is_right_open, lower, upper) VALUES ((select id from parameter_type_definition where parameter_id=(select id from parameter where name='learning_rate' and model_id=(select id from model where name='lightgbm_regressor') and parameter_type_id=(select id from parameter_type where name='float'))), true, true, 0.010000, 1.000000);
INSERT INTO integer_parameter(parameter_type_definition_id, default_value) VALUES ((select id from parameter_type_definition where parameter_id=(select id from parameter where name='max_depth' and model_id=(select id from model where name='lightgbm_regressor') and parameter_type_id=(select id from parameter_type where name='integer'))), 10);
INSERT INTO integer_parameter_value(parameter_type_definition_id, lower, upper) VALUES ((select id from parameter_type_definition where parameter_id=(select id from parameter where name='max_depth' and model_id=(select id from model where name='lightgbm_regressor') and parameter_type_id=(select id from parameter_type where name='integer'))), 3, 17);
INSERT INTO integer_parameter(parameter_type_definition_id, default_value) VALUES ((select id from parameter_type_definition where parameter_id=(select id from parameter where name='min_child_samples' and model_id=(select id from model where name='lightgbm_regressor') and parameter_type_id=(select id from parameter_type where name='integer'))), 20);
INSERT INTO integer_parameter_value(parameter_type_definition_id, lower, upper) VALUES ((select id from parameter_type_definition where parameter_id=(select id from parameter where name='min_child_samples' and model_id=(select id from model where name='lightgbm_regressor') and parameter_type_id=(select id from parameter_type where name='integer'))), 2, 51);
INSERT INTO float_parameter(parameter_type_definition_id, default_value) VALUES ((select id from parameter_type_definition where parameter_id=(select id from parameter where name='min_child_weight' and model_id=(select id from model where name='lightgbm_regressor') and parameter_type_id=(select id from parameter_type where name='float'))), 0.001000);
INSERT INTO float_parameter_range(parameter_type_definition_id, is_left_open, is_right_open, lower, upper) VALUES ((select id from parameter_type_definition where parameter_id=(select id from parameter where name='min_child_weight' and model_id=(select id from model where name='lightgbm_regressor') and parameter_type_id=(select id from parameter_type where name='float'))), true, true, 0.001000, 0.250000);
INSERT INTO float_parameter(parameter_type_definition_id, default_value) VALUES ((select id from parameter_type_definition where parameter_id=(select id from parameter where name='min_split_gain' and model_id=(select id from model where name='lightgbm_regressor') and parameter_type_id=(select id from parameter_type where name='float'))), 0.000000);
INSERT INTO float_parameter_range(parameter_type_definition_id, is_left_open, is_right_open, lower, upper) VALUES ((select id from parameter_type_definition where parameter_id=(select id from parameter where name='min_split_gain' and model_id=(select id from model where name='lightgbm_regressor') and parameter_type_id=(select id from parameter_type where name='float'))), true, true, 0.000000, 5.000000);
INSERT INTO integer_parameter(parameter_type_definition_id, default_value) VALUES ((select id from parameter_type_definition where parameter_id=(select id from parameter where name='n_estimators' and model_id=(select id from model where name='lightgbm_regressor') and parameter_type_id=(select id from parameter_type where name='integer'))), 100);
INSERT INTO integer_parameter_value(parameter_type_definition_id, lower, upper) VALUES ((select id from parameter_type_definition where parameter_id=(select id from parameter where name='n_estimators' and model_id=(select id from model where name='lightgbm_regressor') and parameter_type_id=(select id from parameter_type where name='integer'))), 10, 201);
INSERT INTO integer_parameter(parameter_type_definition_id, default_value) VALUES ((select id from parameter_type_definition where parameter_id=(select id from parameter where name='num_leaves' and model_id=(select id from model where name='lightgbm_regressor') and parameter_type_id=(select id from parameter_type where name='integer'))), 31);
INSERT INTO integer_parameter_value(parameter_type_definition_id, lower, upper) VALUES ((select id from parameter_type_definition where parameter_id=(select id from parameter where name='num_leaves' and model_id=(select id from model where name='lightgbm_regressor') and parameter_type_id=(select id from parameter_type where name='integer'))), 2, 101);
INSERT INTO float_parameter(parameter_type_definition_id, default_value) VALUES ((select id from parameter_type_definition where parameter_id=(select id from parameter where name='reg_alpha' and model_id=(select id from model where name='lightgbm_regressor') and parameter_type_id=(select id from parameter_type where name='float'))), 0.000000);
INSERT INTO float_parameter_range(parameter_type_definition_id, is_left_open, is_right_open, lower, upper) VALUES ((select id from parameter_type_definition where parameter_id=(select id from parameter where name='reg_alpha' and model_id=(select id from model where name='lightgbm_regressor') and parameter_type_id=(select id from parameter_type where name='float'))), true, true, 0.000000, 10000.000000);
INSERT INTO float_parameter(parameter_type_definition_id, default_value) VALUES ((select id from parameter_type_definition where parameter_id=(select id from parameter where name='reg_lambda' and model_id=(select id from model where name='lightgbm_regressor') and parameter_type_id=(select id from parameter_type where name='float'))), 0.000000);
INSERT INTO float_parameter_range(parameter_type_definition_id, is_left_open, is_right_open, lower, upper) VALUES ((select id from parameter_type_definition where parameter_id=(select id from parameter where name='reg_lambda' and model_id=(select id from model where name='lightgbm_regressor') and parameter_type_id=(select id from parameter_type where name='float'))), true, true, 0.000000, 10000.000000);
INSERT INTO float_parameter(parameter_type_definition_id, default_value) VALUES ((select id from parameter_type_definition where parameter_id=(select id from parameter where name='subsample' and model_id=(select id from model where name='lightgbm_regressor') and parameter_type_id=(select id from parameter_type where name='float'))), 1.000000);
INSERT INTO float_parameter_range(parameter_type_definition_id, is_left_open, is_right_open, lower, upper) VALUES ((select id from parameter_type_definition where parameter_id=(select id from parameter where name='subsample' and model_id=(select id from model where name='lightgbm_regressor') and parameter_type_id=(select id from parameter_type where name='float'))), true, true, 0.500000, 1.000000);
INSERT INTO integer_parameter(parameter_type_definition_id, default_value) VALUES ((select id from parameter_type_definition where parameter_id=(select id from parameter where name='subsample_for_bin' and model_id=(select id from model where name='lightgbm_regressor') and parameter_type_id=(select id from parameter_type where name='integer'))), 200000);
INSERT INTO integer_parameter_value(parameter_type_definition_id, lower, upper) VALUES ((select id from parameter_type_definition where parameter_id=(select id from parameter where name='subsample_for_bin' and model_id=(select id from model where name='lightgbm_regressor') and parameter_type_id=(select id from parameter_type where name='integer'))), 100, 1000001);
INSERT INTO integer_parameter(parameter_type_definition_id, default_value) VALUES ((select id from parameter_type_definition where parameter_id=(select id from parameter where name='subsample_freq' and model_id=(select id from model where name='lightgbm_regressor') and parameter_type_id=(select id from parameter_type where name='integer'))), 0);
INSERT INTO integer_parameter_value(parameter_type_definition_id, lower, upper) VALUES ((select id from parameter_type_definition where parameter_id=(select id from parameter where name='subsample_freq' and model_id=(select id from model where name='lightgbm_regressor') and parameter_type_id=(select id from parameter_type where name='integer'))), 0, 11);
INSERT INTO model(name, ml_task_id, description, display_name, structure_id, advantages, disadvantages, enabled, ensemble_type_id, family_type_id, decision_tree, model_type_id) VALUES ('fista_regressor', (select id from ml_task_type where name='regression'),'An estimator that employs the Fast Iterative Shrinkage-Thresholding Algorithm (FISTA) for training linear regression models. Designed for rapid convergence, FISTA is particularly advantageous for tackling large-scale and high-dimensional problems. The algorithm promotes sparse solutions, making it memory-efficient. It is well-suited for convex optimization tasks and offers flexibility in terms of regularization techniques.', 'Fast Iterative Shrinkage/Thresholding Regressor', (select id from model_structure_type where name='base'), '{Rapid Convergence: FISTA is designed for fast convergence, making it highly suitable for large and high-dimensional datasets.,Promotes Sparse Solutions: The algorithm encourages sparsity in the feature coefficients, which is advantageous in high-dimensional scenarios where feature selection is essential.,Memory-Efficient: Unlike some other optimization algorithms, FISTA does not require the storage of large intermediate matrices, making it resource-efficient.}', '{Hyperparameter Sensitivity: The performance of the FISTA Regressor can be sensitive to the choice of hyperparameters, requiring careful tuning for optimal results.,Numerical Instabilities: Similar to its classifier counterpart, the FISTA Regressor may suffer from numerical instabilities, which could impact its performance and reliability.}', true, (select id from model_ensemble_type where name='none'),(select id from model_family_type where name='linear'), false, (select id from model_type where name='Gradient Model'));
INSERT INTO parameter(name, label, description, enabled, fixed_value, ordering, model_id) VALUES ('C', 'C', 'Weight of the loss term.', true, false, 1, (select id from Model where name='fista_regressor'));
INSERT INTO parameter(name, label, description, enabled, fixed_value, ordering, model_id) VALUES ('alpha', 'Alpha', 'Weight of the penalty term.', true, false, 2, (select id from Model where name='fista_regressor'));
INSERT INTO parameter(name, label, description, enabled, fixed_value, ordering, model_id) VALUES ('eta', 'Eta', 'Decrease factor for line-search procedure.', false, false, 3, (select id from Model where name='fista_regressor'));
INSERT INTO parameter(name, label, description, enabled, fixed_value, ordering, model_id) VALUES ('max_iter', 'Maximum number of iterations', 'Maximum number of iterations to perform.', false, false, 4, (select id from Model where name='fista_regressor'));
INSERT INTO parameter(name, label, description, enabled, fixed_value, ordering, model_id) VALUES ('max_steps', 'Maximum number of steps', 'Maximum number of steps to use during the line search.', false, false, 5, (select id from Model where name='fista_regressor'));
INSERT INTO parameter(name, label, description, enabled, fixed_value, ordering, model_id) VALUES ('penalty', 'Loss', 'The loss function to be used.', true, false, 6, (select id from Model where name='fista_regressor'));
INSERT INTO parameter(name, label, description, enabled, fixed_value, ordering, model_id) VALUES ('sigma', 'Eta', 'Constant used in the line search sufficient decrease condition.', false, false, 7, (select id from Model where name='fista_regressor'));
INSERT INTO rel_model__incompatible_metrics(model_id, metric_id) VALUES ((select id from model where name='fista_regressor'), (select id from metric where name='classification-log-loss'));
INSERT INTO rel_model__incompatible_metrics(model_id, metric_id) VALUES ((select id from model where name='fista_regressor'), (select id from metric where name='classification-roc'));
INSERT INTO parameter_type_definition(parameter_id, parameter_type_id, parameter_distribution_type_id, ordering) VALUES ((select id from parameter where name='C' and model_id=(select id from model where name='fista_regressor')), (select id from parameter_type where name='float'), (select id from parameter_distribution_type where name='uniform'), 0);
INSERT INTO parameter_type_definition(parameter_id, parameter_type_id, parameter_distribution_type_id, ordering) VALUES ((select id from parameter where name='alpha' and model_id=(select id from model where name='fista_regressor')), (select id from parameter_type where name='float'), (select id from parameter_distribution_type where name='uniform'), 0);
INSERT INTO parameter_type_definition(parameter_id, parameter_type_id, parameter_distribution_type_id, ordering) VALUES ((select id from parameter where name='eta' and model_id=(select id from model where name='fista_regressor')), (select id from parameter_type where name='float'), (select id from parameter_distribution_type where name='uniform'), 0);
INSERT INTO parameter_type_definition(parameter_id, parameter_type_id, parameter_distribution_type_id, ordering) VALUES ((select id from parameter where name='max_iter' and model_id=(select id from model where name='fista_regressor')), (select id from parameter_type where name='integer'), (select id from parameter_distribution_type where name='uniform'), 0);
INSERT INTO parameter_type_definition(parameter_id, parameter_type_id, parameter_distribution_type_id, ordering) VALUES ((select id from parameter where name='max_steps' and model_id=(select id from model where name='fista_regressor')), (select id from parameter_type where name='integer'), (select id from parameter_distribution_type where name='uniform'), 0);
INSERT INTO parameter_type_definition(parameter_id, parameter_type_id, parameter_distribution_type_id, ordering) VALUES ((select id from parameter where name='penalty' and model_id=(select id from model where name='fista_regressor')), (select id from parameter_type where name='categorical'), (select id from parameter_distribution_type where name='uniform'), 0);
INSERT INTO parameter_type_definition(parameter_id, parameter_type_id, parameter_distribution_type_id, ordering) VALUES ((select id from parameter where name='sigma' and model_id=(select id from model where name='fista_regressor')), (select id from parameter_type where name='float'), (select id from parameter_distribution_type where name='uniform'), 0);
INSERT INTO float_parameter(parameter_type_definition_id, default_value) VALUES ((select id from parameter_type_definition where parameter_id=(select id from parameter where name='C' and model_id=(select id from model where name='fista_regressor') and parameter_type_id=(select id from parameter_type where name='float'))), 1.000000);
INSERT INTO float_parameter_range(parameter_type_definition_id, is_left_open, is_right_open, lower, upper) VALUES ((select id from parameter_type_definition where parameter_id=(select id from parameter where name='C' and model_id=(select id from model where name='fista_regressor') and parameter_type_id=(select id from parameter_type where name='float'))), true, true, 0.000000, 1.000000);
INSERT INTO float_parameter(parameter_type_definition_id, default_value) VALUES ((select id from parameter_type_definition where parameter_id=(select id from parameter where name='alpha' and model_id=(select id from model where name='fista_regressor') and parameter_type_id=(select id from parameter_type where name='float'))), 1.000000);
INSERT INTO float_parameter_range(parameter_type_definition_id, is_left_open, is_right_open, lower, upper) VALUES ((select id from parameter_type_definition where parameter_id=(select id from parameter where name='alpha' and model_id=(select id from model where name='fista_regressor') and parameter_type_id=(select id from parameter_type where name='float'))), true, true, 0.000000, 1.000000);
INSERT INTO float_parameter(parameter_type_definition_id, default_value) VALUES ((select id from parameter_type_definition where parameter_id=(select id from parameter where name='eta' and model_id=(select id from model where name='fista_regressor') and parameter_type_id=(select id from parameter_type where name='float'))), 2.000000);
INSERT INTO float_parameter_range(parameter_type_definition_id, is_left_open, is_right_open, lower, upper) VALUES ((select id from parameter_type_definition where parameter_id=(select id from parameter where name='eta' and model_id=(select id from model where name='fista_regressor') and parameter_type_id=(select id from parameter_type where name='float'))), true, true, 0.000000, 5.000000);
INSERT INTO integer_parameter(parameter_type_definition_id, default_value) VALUES ((select id from parameter_type_definition where parameter_id=(select id from parameter where name='max_iter' and model_id=(select id from model where name='fista_regressor') and parameter_type_id=(select id from parameter_type where name='integer'))), 100);
INSERT INTO integer_parameter_value(parameter_type_definition_id, lower, upper) VALUES ((select id from parameter_type_definition where parameter_id=(select id from parameter where name='max_iter' and model_id=(select id from model where name='fista_regressor') and parameter_type_id=(select id from parameter_type where name='integer'))), 1, 501);
INSERT INTO integer_parameter(parameter_type_definition_id, default_value) VALUES ((select id from parameter_type_definition where parameter_id=(select id from parameter where name='max_steps' and model_id=(select id from model where name='fista_regressor') and parameter_type_id=(select id from parameter_type where name='integer'))), 30);
INSERT INTO integer_parameter_value(parameter_type_definition_id, lower, upper) VALUES ((select id from parameter_type_definition where parameter_id=(select id from parameter where name='max_steps' and model_id=(select id from model where name='fista_regressor') and parameter_type_id=(select id from parameter_type where name='integer'))), 1, 101);
INSERT INTO categorical_parameter(parameter_type_definition_id, default_value) VALUES ((select id from parameter_type_definition where parameter_id=(select id from parameter where name='penalty' and model_id=(select id from model where name='fista_regressor') and parameter_type_id=(select id from parameter_type where name='categorical'))), 'l1');
INSERT INTO categorical_parameter_value(parameter_type_definition_id, value) VALUES ((select id from parameter_type_definition where parameter_id=(select id from parameter where name='penalty' and model_id=(select id from model where name='fista_regressor') and parameter_type_id=(select id from parameter_type where name='categorical'))), 'l1');
INSERT INTO categorical_parameter_value(parameter_type_definition_id, value) VALUES ((select id from parameter_type_definition where parameter_id=(select id from parameter where name='penalty' and model_id=(select id from model where name='fista_regressor') and parameter_type_id=(select id from parameter_type where name='categorical'))), 'tv1d');
INSERT INTO categorical_parameter_value(parameter_type_definition_id, value) VALUES ((select id from parameter_type_definition where parameter_id=(select id from parameter where name='penalty' and model_id=(select id from model where name='fista_regressor') and parameter_type_id=(select id from parameter_type where name='categorical'))), 'l1/l2');
INSERT INTO categorical_parameter_value(parameter_type_definition_id, value) VALUES ((select id from parameter_type_definition where parameter_id=(select id from parameter where name='penalty' and model_id=(select id from model where name='fista_regressor') and parameter_type_id=(select id from parameter_type where name='categorical'))), 'simplex');
INSERT INTO float_parameter(parameter_type_definition_id, default_value) VALUES ((select id from parameter_type_definition where parameter_id=(select id from parameter where name='sigma' and model_id=(select id from model where name='fista_regressor') and parameter_type_id=(select id from parameter_type where name='float'))), 0.000010);
INSERT INTO float_parameter_range(parameter_type_definition_id, is_left_open, is_right_open, lower, upper) VALUES ((select id from parameter_type_definition where parameter_id=(select id from parameter where name='sigma' and model_id=(select id from model where name='fista_regressor') and parameter_type_id=(select id from parameter_type where name='float'))), true, true, 0.000000, 1.000000);
INSERT INTO model(name, ml_task_id, description, display_name, structure_id, advantages, disadvantages, enabled, ensemble_type_id, family_type_id, decision_tree, model_type_id) VALUES ('cd_regressor', (select id from ml_task_type where name='regression'),'The Coordinate Descent Regressor is a machine learning algorithm designed to optimize linear regression models through (block) coordinate descent methods. It is particularly well-suited for large-scale and sparse datasets.', 'Coordinate Descent Regressor', (select id from model_structure_type where name='base'), '{Scalable to Large Datasets: The algorithm is designed to efficiently handle large volumes of data, making it suitable for applications with massive datasets.,Efficient Handling of Sparse Data: The Coordinate Descent Regressor can effectively manage sparse datasets, optimizing computational resources and potentially improving model performance.,Fine-Grained Control: The model offers various hyperparameters that provide fine-grained control over the optimization process, allowing for customized model tuning.}', '{Sensitive to Feature Scaling: Similar to its classifier counterpart, the Coordinate Descent Regressor may also be sensitive to the scaling of features, requiring pre-processing steps.,Limited to Linear Relationships: The model is primarily designed for linear regression tasks, making it less suitable for capturing complex, non-linear relationships in the data.,Hyperparameter Tuning Required: The performance of the model may be highly dependent on the appropriate tuning of hyperparameters, adding to the complexity and time required for model development.}', true, (select id from model_ensemble_type where name='none'),(select id from model_family_type where name='linear'), false, (select id from model_type where name='Gradient Model'));
INSERT INTO parameter(name, label, description, enabled, fixed_value, ordering, model_id) VALUES ('C', 'C', 'Weight of the loss term.', true, false, 1, (select id from Model where name='cd_regressor'));
INSERT INTO parameter(name, label, description, enabled, fixed_value, ordering, model_id) VALUES ('Cd', 'C when doing debiasing', 'Value of `C` when doing debiasing.', false, false, 2, (select id from Model where name='cd_regressor'));
INSERT INTO parameter(name, label, description, enabled, fixed_value, ordering, model_id) VALUES ('alpha', 'Alpha', 'Weight of the penalty term.', true, false, 3, (select id from Model where name='cd_regressor'));
INSERT INTO parameter(name, label, description, enabled, fixed_value, ordering, model_id) VALUES ('beta', 'Beta', 'Multiplicative constant used in the backtracking line search.', false, false, 4, (select id from Model where name='cd_regressor'));
INSERT INTO parameter(name, label, description, enabled, fixed_value, ordering, model_id) VALUES ('debiasing', 'Debiasing', 'Whether to refit the model using l2 penalty (only useful if penalty=''l1'' or penalty=''l1/l2'').', false, false, 5, (select id from Model where name='cd_regressor'));
INSERT INTO parameter(name, label, description, enabled, fixed_value, ordering, model_id) VALUES ('max_iter', 'Maximum number of iterations', 'Maximum number of iterations to perform.', false, false, 6, (select id from Model where name='cd_regressor'));
INSERT INTO parameter(name, label, description, enabled, fixed_value, ordering, model_id) VALUES ('max_steps', 'Maximum number of steps', 'Maximum number of steps to use during the line search.', false, false, 7, (select id from Model where name='cd_regressor'));
INSERT INTO parameter(name, label, description, enabled, fixed_value, ordering, model_id) VALUES ('penalty', 'Loss', 'The loss function to be used.', true, false, 8, (select id from Model where name='cd_regressor'));
INSERT INTO parameter(name, label, description, enabled, fixed_value, ordering, model_id) VALUES ('permute', 'Permute', 'Whether to permute coordinates or not before cycling (only when selection=''cyclic'').', false, false, 9, (select id from Model where name='cd_regressor'));
INSERT INTO parameter(name, label, description, enabled, fixed_value, ordering, model_id) VALUES ('selection', 'Selection', 'Strategy to use for selecting coordinates.', false, false, 10, (select id from Model where name='cd_regressor'));
INSERT INTO parameter(name, label, description, enabled, fixed_value, ordering, model_id) VALUES ('shrinking', 'Shrinking', 'Whether to activate shrinking or not.', false, false, 11, (select id from Model where name='cd_regressor'));
INSERT INTO parameter(name, label, description, enabled, fixed_value, ordering, model_id) VALUES ('sigma', 'Sigma', 'Constant used in the line search sufficient decrease condition.', false, false, 12, (select id from Model where name='cd_regressor'));
INSERT INTO parameter(name, label, description, enabled, fixed_value, ordering, model_id) VALUES ('termination', 'Termination', 'Stopping criterion to use.', true, false, 13, (select id from Model where name='cd_regressor'));
INSERT INTO parameter(name, label, description, enabled, fixed_value, ordering, model_id) VALUES ('tol', 'Tolerance', 'Tolerance of the stopping criterion.', false, false, 14, (select id from Model where name='cd_regressor'));
INSERT INTO parameter(name, label, description, enabled, fixed_value, ordering, model_id) VALUES ('warm_debiasing', 'Warm debiasing', 'Whether to warm-start the model or not when doing debiasing.', false, false, 15, (select id from Model where name='cd_regressor'));
INSERT INTO rel_model__incompatible_metrics(model_id, metric_id) VALUES ((select id from model where name='cd_regressor'), (select id from metric where name='classification-log-loss'));
INSERT INTO rel_model__incompatible_metrics(model_id, metric_id) VALUES ((select id from model where name='cd_regressor'), (select id from metric where name='classification-roc'));
INSERT INTO parameter_type_definition(parameter_id, parameter_type_id, parameter_distribution_type_id, ordering) VALUES ((select id from parameter where name='C' and model_id=(select id from model where name='cd_regressor')), (select id from parameter_type where name='float'), (select id from parameter_distribution_type where name='uniform'), 0);
INSERT INTO parameter_type_definition(parameter_id, parameter_type_id, parameter_distribution_type_id, ordering) VALUES ((select id from parameter where name='Cd' and model_id=(select id from model where name='cd_regressor')), (select id from parameter_type where name='float'), (select id from parameter_distribution_type where name='uniform'), 0);
INSERT INTO parameter_type_definition(parameter_id, parameter_type_id, parameter_distribution_type_id, ordering) VALUES ((select id from parameter where name='alpha' and model_id=(select id from model where name='cd_regressor')), (select id from parameter_type where name='float'), (select id from parameter_distribution_type where name='uniform'), 0);
INSERT INTO parameter_type_definition(parameter_id, parameter_type_id, parameter_distribution_type_id, ordering) VALUES ((select id from parameter where name='beta' and model_id=(select id from model where name='cd_regressor')), (select id from parameter_type where name='float'), (select id from parameter_distribution_type where name='uniform'), 0);
INSERT INTO parameter_type_definition(parameter_id, parameter_type_id, parameter_distribution_type_id, ordering) VALUES ((select id from parameter where name='debiasing' and model_id=(select id from model where name='cd_regressor')), (select id from parameter_type where name='boolean'), (select id from parameter_distribution_type where name='uniform'), 0);
INSERT INTO parameter_type_definition(parameter_id, parameter_type_id, parameter_distribution_type_id, ordering) VALUES ((select id from parameter where name='max_iter' and model_id=(select id from model where name='cd_regressor')), (select id from parameter_type where name='integer'), (select id from parameter_distribution_type where name='uniform'), 0);
INSERT INTO parameter_type_definition(parameter_id, parameter_type_id, parameter_distribution_type_id, ordering) VALUES ((select id from parameter where name='max_steps' and model_id=(select id from model where name='cd_regressor')), (select id from parameter_type where name='integer'), (select id from parameter_distribution_type where name='uniform'), 0);
INSERT INTO parameter_type_definition(parameter_id, parameter_type_id, parameter_distribution_type_id, ordering) VALUES ((select id from parameter where name='penalty' and model_id=(select id from model where name='cd_regressor')), (select id from parameter_type where name='categorical'), (select id from parameter_distribution_type where name='uniform'), 0);
INSERT INTO parameter_type_definition(parameter_id, parameter_type_id, parameter_distribution_type_id, ordering) VALUES ((select id from parameter where name='permute' and model_id=(select id from model where name='cd_regressor')), (select id from parameter_type where name='boolean'), (select id from parameter_distribution_type where name='uniform'), 0);
INSERT INTO parameter_type_definition(parameter_id, parameter_type_id, parameter_distribution_type_id, ordering) VALUES ((select id from parameter where name='selection' and model_id=(select id from model where name='cd_regressor')), (select id from parameter_type where name='categorical'), (select id from parameter_distribution_type where name='uniform'), 0);
INSERT INTO parameter_type_definition(parameter_id, parameter_type_id, parameter_distribution_type_id, ordering) VALUES ((select id from parameter where name='shrinking' and model_id=(select id from model where name='cd_regressor')), (select id from parameter_type where name='boolean'), (select id from parameter_distribution_type where name='uniform'), 0);
INSERT INTO parameter_type_definition(parameter_id, parameter_type_id, parameter_distribution_type_id, ordering) VALUES ((select id from parameter where name='sigma' and model_id=(select id from model where name='cd_regressor')), (select id from parameter_type where name='float'), (select id from parameter_distribution_type where name='uniform'), 0);
INSERT INTO parameter_type_definition(parameter_id, parameter_type_id, parameter_distribution_type_id, ordering) VALUES ((select id from parameter where name='termination' and model_id=(select id from model where name='cd_regressor')), (select id from parameter_type where name='categorical'), (select id from parameter_distribution_type where name='uniform'), 0);
INSERT INTO parameter_type_definition(parameter_id, parameter_type_id, parameter_distribution_type_id, ordering) VALUES ((select id from parameter where name='tol' and model_id=(select id from model where name='cd_regressor')), (select id from parameter_type where name='float'), (select id from parameter_distribution_type where name='uniform'), 0);
INSERT INTO parameter_type_definition(parameter_id, parameter_type_id, parameter_distribution_type_id, ordering) VALUES ((select id from parameter where name='warm_debiasing' and model_id=(select id from model where name='cd_regressor')), (select id from parameter_type where name='boolean'), (select id from parameter_distribution_type where name='uniform'), 0);
INSERT INTO float_parameter(parameter_type_definition_id, default_value) VALUES ((select id from parameter_type_definition where parameter_id=(select id from parameter where name='C' and model_id=(select id from model where name='cd_regressor') and parameter_type_id=(select id from parameter_type where name='float'))), 1.000000);
INSERT INTO float_parameter_range(parameter_type_definition_id, is_left_open, is_right_open, lower, upper) VALUES ((select id from parameter_type_definition where parameter_id=(select id from parameter where name='C' and model_id=(select id from model where name='cd_regressor') and parameter_type_id=(select id from parameter_type where name='float'))), true, true, 0.000000, 1.000000);
INSERT INTO float_parameter(parameter_type_definition_id, default_value) VALUES ((select id from parameter_type_definition where parameter_id=(select id from parameter where name='Cd' and model_id=(select id from model where name='cd_regressor') and parameter_type_id=(select id from parameter_type where name='float'))), 1.000000);
INSERT INTO float_parameter_range(parameter_type_definition_id, is_left_open, is_right_open, lower, upper) VALUES ((select id from parameter_type_definition where parameter_id=(select id from parameter where name='Cd' and model_id=(select id from model where name='cd_regressor') and parameter_type_id=(select id from parameter_type where name='float'))), true, true, 0.000000, 1.000000);
INSERT INTO float_parameter(parameter_type_definition_id, default_value) VALUES ((select id from parameter_type_definition where parameter_id=(select id from parameter where name='alpha' and model_id=(select id from model where name='cd_regressor') and parameter_type_id=(select id from parameter_type where name='float'))), 1.000000);
INSERT INTO float_parameter_range(parameter_type_definition_id, is_left_open, is_right_open, lower, upper) VALUES ((select id from parameter_type_definition where parameter_id=(select id from parameter where name='alpha' and model_id=(select id from model where name='cd_regressor') and parameter_type_id=(select id from parameter_type where name='float'))), true, true, 0.000000, 1.000000);
INSERT INTO float_parameter(parameter_type_definition_id, default_value) VALUES ((select id from parameter_type_definition where parameter_id=(select id from parameter where name='beta' and model_id=(select id from model where name='cd_regressor') and parameter_type_id=(select id from parameter_type where name='float'))), 0.500000);
INSERT INTO float_parameter_range(parameter_type_definition_id, is_left_open, is_right_open, lower, upper) VALUES ((select id from parameter_type_definition where parameter_id=(select id from parameter where name='beta' and model_id=(select id from model where name='cd_regressor') and parameter_type_id=(select id from parameter_type where name='float'))), true, true, 0.000000, 1.000000);
INSERT INTO boolean_parameter(parameter_type_definition_id, default_value) VALUES ((select id from parameter_type_definition where parameter_id=(select id from parameter where name='debiasing' and model_id=(select id from model where name='cd_regressor') and parameter_type_id=(select id from parameter_type where name='boolean'))), false);
INSERT INTO integer_parameter(parameter_type_definition_id, default_value) VALUES ((select id from parameter_type_definition where parameter_id=(select id from parameter where name='max_iter' and model_id=(select id from model where name='cd_regressor') and parameter_type_id=(select id from parameter_type where name='integer'))), 50);
INSERT INTO integer_parameter_value(parameter_type_definition_id, lower, upper) VALUES ((select id from parameter_type_definition where parameter_id=(select id from parameter where name='max_iter' and model_id=(select id from model where name='cd_regressor') and parameter_type_id=(select id from parameter_type where name='integer'))), 1, 501);
INSERT INTO integer_parameter(parameter_type_definition_id, default_value) VALUES ((select id from parameter_type_definition where parameter_id=(select id from parameter where name='max_steps' and model_id=(select id from model where name='cd_regressor') and parameter_type_id=(select id from parameter_type where name='integer'))), 30);
INSERT INTO integer_parameter_value(parameter_type_definition_id, lower, upper) VALUES ((select id from parameter_type_definition where parameter_id=(select id from parameter where name='max_steps' and model_id=(select id from model where name='cd_regressor') and parameter_type_id=(select id from parameter_type where name='integer'))), 1, 101);
INSERT INTO categorical_parameter(parameter_type_definition_id, default_value) VALUES ((select id from parameter_type_definition where parameter_id=(select id from parameter where name='penalty' and model_id=(select id from model where name='cd_regressor') and parameter_type_id=(select id from parameter_type where name='categorical'))), 'l2');
INSERT INTO categorical_parameter_value(parameter_type_definition_id, value) VALUES ((select id from parameter_type_definition where parameter_id=(select id from parameter where name='penalty' and model_id=(select id from model where name='cd_regressor') and parameter_type_id=(select id from parameter_type where name='categorical'))), 'l1');
INSERT INTO categorical_parameter_value(parameter_type_definition_id, value) VALUES ((select id from parameter_type_definition where parameter_id=(select id from parameter where name='penalty' and model_id=(select id from model where name='cd_regressor') and parameter_type_id=(select id from parameter_type where name='categorical'))), 'l2');
INSERT INTO categorical_parameter_value(parameter_type_definition_id, value) VALUES ((select id from parameter_type_definition where parameter_id=(select id from parameter where name='penalty' and model_id=(select id from model where name='cd_regressor') and parameter_type_id=(select id from parameter_type where name='categorical'))), 'l1/l2');
INSERT INTO boolean_parameter(parameter_type_definition_id, default_value) VALUES ((select id from parameter_type_definition where parameter_id=(select id from parameter where name='permute' and model_id=(select id from model where name='cd_regressor') and parameter_type_id=(select id from parameter_type where name='boolean'))), true);
INSERT INTO categorical_parameter(parameter_type_definition_id, default_value) VALUES ((select id from parameter_type_definition where parameter_id=(select id from parameter where name='selection' and model_id=(select id from model where name='cd_regressor') and parameter_type_id=(select id from parameter_type where name='categorical'))), 'cyclic');
INSERT INTO categorical_parameter_value(parameter_type_definition_id, value) VALUES ((select id from parameter_type_definition where parameter_id=(select id from parameter where name='selection' and model_id=(select id from model where name='cd_regressor') and parameter_type_id=(select id from parameter_type where name='categorical'))), 'uniform');
INSERT INTO categorical_parameter_value(parameter_type_definition_id, value) VALUES ((select id from parameter_type_definition where parameter_id=(select id from parameter where name='selection' and model_id=(select id from model where name='cd_regressor') and parameter_type_id=(select id from parameter_type where name='categorical'))), 'cyclic');
INSERT INTO boolean_parameter(parameter_type_definition_id, default_value) VALUES ((select id from parameter_type_definition where parameter_id=(select id from parameter where name='shrinking' and model_id=(select id from model where name='cd_regressor') and parameter_type_id=(select id from parameter_type where name='boolean'))), true);
INSERT INTO float_parameter(parameter_type_definition_id, default_value) VALUES ((select id from parameter_type_definition where parameter_id=(select id from parameter where name='sigma' and model_id=(select id from model where name='cd_regressor') and parameter_type_id=(select id from parameter_type where name='float'))), 0.010000);
INSERT INTO float_parameter_range(parameter_type_definition_id, is_left_open, is_right_open, lower, upper) VALUES ((select id from parameter_type_definition where parameter_id=(select id from parameter where name='sigma' and model_id=(select id from model where name='cd_regressor') and parameter_type_id=(select id from parameter_type where name='float'))), true, true, 0.000000, 1.000000);
INSERT INTO categorical_parameter(parameter_type_definition_id, default_value) VALUES ((select id from parameter_type_definition where parameter_id=(select id from parameter where name='termination' and model_id=(select id from model where name='cd_regressor') and parameter_type_id=(select id from parameter_type where name='categorical'))), 'violation_sum');
INSERT INTO categorical_parameter_value(parameter_type_definition_id, value) VALUES ((select id from parameter_type_definition where parameter_id=(select id from parameter where name='termination' and model_id=(select id from model where name='cd_regressor') and parameter_type_id=(select id from parameter_type where name='categorical'))), 'violation_max');
INSERT INTO categorical_parameter_value(parameter_type_definition_id, value) VALUES ((select id from parameter_type_definition where parameter_id=(select id from parameter where name='termination' and model_id=(select id from model where name='cd_regressor') and parameter_type_id=(select id from parameter_type where name='categorical'))), 'violation_sum');
INSERT INTO float_parameter(parameter_type_definition_id, default_value) VALUES ((select id from parameter_type_definition where parameter_id=(select id from parameter where name='tol' and model_id=(select id from model where name='cd_regressor') and parameter_type_id=(select id from parameter_type where name='float'))), 0.001000);
INSERT INTO float_parameter_range(parameter_type_definition_id, is_left_open, is_right_open, lower, upper) VALUES ((select id from parameter_type_definition where parameter_id=(select id from parameter where name='tol' and model_id=(select id from model where name='cd_regressor') and parameter_type_id=(select id from parameter_type where name='float'))), true, true, 0.000000, 1.000000);
INSERT INTO boolean_parameter(parameter_type_definition_id, default_value) VALUES ((select id from parameter_type_definition where parameter_id=(select id from parameter where name='warm_debiasing' and model_id=(select id from model where name='cd_regressor') and parameter_type_id=(select id from parameter_type where name='boolean'))), false);
INSERT INTO model(name, ml_task_id, description, display_name, structure_id, advantages, disadvantages, enabled, ensemble_type_id, family_type_id, decision_tree, model_type_id) VALUES ('catboost_regressor', (select id from ml_task_type where name='regression'),'The CatBoost Regressor is an implementation of gradient boosting for decision trees, specifically designed to handle categorical features effectively. CatBoost stands for ''Categorical Boosting'' and is optimized to reduce overfitting and improve generalization. The model is known for its robustness and high performance in a variety of data settings, including imbalanced and sparse datasets. It incorporates multiple techniques like ordered boosting and oblivious trees to improve speed and predictive accuracy.', 'CatBoost Regressor', (select id from model_structure_type where name='base'), '{Handling of Categorical Features: One of the standout features of CatBoost is its native ability to handle categorical variables, removing the need for prior encoding and thereby preventing data leakage and dimensionality increase.,Robust to Overfitting: CatBoost incorporates built-in mechanisms to prevent overfitting, making it more robust for small datasets or datasets where the number of features is high compared to the number of samples.,High Performance: CatBoost is often cited for its superior performance in terms of predictive accuracy, outperforming other gradient boosting and tree-based methods in various benchmarks.}', '{Computational Complexity: CatBoost can be computationally intensive and may require longer training times compared to simpler models, especially on large datasets.,Hyperparameter Tuning: While CatBoost is known for good ''out-of-the-box'' performance, fine-tuning its numerous hyperparameters for optimal performance can be time-consuming and complex.,Interpretability: Although it provides some tools for interpretation like feature importances, CatBoost models are generally more difficult to interpret compared to linear models due to their ensemble nature.}', true, (select id from model_ensemble_type where name='other'),(select id from model_family_type where name='other'), false, (select id from model_type where name='Tree-Based Model'));
INSERT INTO rel_model__groups(model_id, group_id) VALUES ((select id from Model where name='catboost_regressor'),(select id from model_group_type where name='fast'));
INSERT INTO rel_model__groups(model_id, group_id) VALUES ((select id from Model where name='catboost_regressor'),(select id from model_group_type where name='explainable'));
INSERT INTO rel_model__groups(model_id, group_id) VALUES ((select id from Model where name='catboost_regressor'),(select id from model_group_type where name='advanced'));
INSERT INTO parameter(name, label, description, enabled, fixed_value, ordering, model_id) VALUES ('allow_const_label', 'Allow const label', 'Allows training with datasets that have equal label values for all objects.', false, false, 1, (select id from Model where name='catboost_regressor'));
INSERT INTO parameter(name, label, description, enabled, fixed_value, ordering, model_id) VALUES ('approx_on_full_history', 'Approximation on full history', 'Determines whether approximated values are calculated using all preceding rows in the fold or only a fraction of them.', false, false, 2, (select id from Model where name='catboost_regressor'));
INSERT INTO parameter(name, label, description, enabled, fixed_value, ordering, model_id) VALUES ('bagging_temperature', 'Bagging temperature', 'Controls the intensity of Bayesian bagging, with higher values resulting in more aggressive bagging.', false, false, 3, (select id from Model where name='catboost_regressor'));
INSERT INTO parameter(name, label, description, enabled, fixed_value, ordering, model_id) VALUES ('boost_from_average', 'Boost from average', 'Initializes approximated values with the best constant value for the specified loss function.', false, false, 4, (select id from Model where name='catboost_regressor'));
INSERT INTO parameter(name, label, description, enabled, fixed_value, ordering, model_id) VALUES ('boosting_type', 'Boosting type', 'Specifies the boosting scheme, either ''Ordered'' for better quality or ''Plain'' for classic gradient boosting.', false, false, 5, (select id from Model where name='catboost_regressor'));
INSERT INTO parameter(name, label, description, enabled, fixed_value, ordering, model_id) VALUES ('bootstrap_type', 'Bootstrap type', 'Determines the method used for sampling the data during the training process to create a diverse ensemble of weak learners.', false, false, 6, (select id from Model where name='catboost_regressor'));
INSERT INTO parameter(name, label, description, enabled, fixed_value, ordering, model_id) VALUES ('counter_calc_method', 'Counter calc method', 'Specifies the method used for calculating counters (statistics-based encodings) for categorical features, which generates new features enabling better capture of the relationship between categorical features and the target variable.', false, false, 7, (select id from Model where name='catboost_regressor'));
INSERT INTO parameter(name, label, description, enabled, fixed_value, ordering, model_id) VALUES ('depth', 'Depth', 'Sets the maximum depth of the decision trees in the ensemble.', true, false, 8, (select id from Model where name='catboost_regressor'));
INSERT INTO parameter(name, label, description, enabled, fixed_value, ordering, model_id) VALUES ('feature_border_type', 'Feature border type', 'Determines the quantization mode for numerical features.', false, false, 9, (select id from Model where name='catboost_regressor'));
INSERT INTO parameter(name, label, description, enabled, fixed_value, ordering, model_id) VALUES ('fold_len_multiplier', 'Fold length multiplier', 'Adjusts the length of folds by a specified coefficient.', false, false, 10, (select id from Model where name='catboost_regressor'));
INSERT INTO parameter(name, label, description, enabled, fixed_value, ordering, model_id) VALUES ('fold_permutation_block', 'Fold permutation block', 'Sets the size of blocks for grouping objects in the dataset before random permutations.', false, false, 11, (select id from Model where name='catboost_regressor'));
INSERT INTO parameter(name, label, description, enabled, fixed_value, ordering, model_id) VALUES ('has_time', 'Has time', 'Uses the order of objects in the input data without performing random permutations during certain stages.', false, false, 12, (select id from Model where name='catboost_regressor'));
INSERT INTO parameter(name, label, description, enabled, fixed_value, ordering, model_id) VALUES ('iterations', 'Iterations', 'Sets the number of iterations for the model.', true, false, 13, (select id from Model where name='catboost_regressor'));
INSERT INTO parameter(name, label, description, enabled, fixed_value, ordering, model_id) VALUES ('l2_leaf_reg', 'L2 regularization coefficient', 'Specifies the coefficient for the L2 regularization term of the cost function.', true, false, 14, (select id from Model where name='catboost_regressor'));
INSERT INTO parameter(name, label, description, enabled, fixed_value, ordering, model_id) VALUES ('leaf_estimation_backtracking', 'Leaf estimation backtracking', 'Determines the backtracking behavior when leaf_estimation_iterations is greater than 1.', false, false, 15, (select id from Model where name='catboost_regressor'));
INSERT INTO parameter(name, label, description, enabled, fixed_value, ordering, model_id) VALUES ('learning_rate', 'Learning rate', 'Sets the step size shrinkage to prevent overfitting during the boosting process.', false, false, 16, (select id from Model where name='catboost_regressor'));
INSERT INTO parameter(name, label, description, enabled, fixed_value, ordering, model_id) VALUES ('max_ctr_complexity', 'Maximum complexity', 'The maximum number of categorical features that can be combined to generate numerical features during the training process.', false, false, 17, (select id from Model where name='catboost_regressor'));
INSERT INTO parameter(name, label, description, enabled, fixed_value, ordering, model_id) VALUES ('model_shrink_rate', 'Model shrink rate', 'Enables model shrinkage at the start of each iteration, which reduces the influence of the most recently added weak learners and helps prevent overfitting.', false, false, 18, (select id from Model where name='catboost_regressor'));
INSERT INTO parameter(name, label, description, enabled, fixed_value, ordering, model_id) VALUES ('model_size_reg', 'Model size regularization coefficient', 'Influences the model size when training data contains categorical features.', false, false, 19, (select id from Model where name='catboost_regressor'));
INSERT INTO parameter(name, label, description, enabled, fixed_value, ordering, model_id) VALUES ('nan_mode', 'NaN mode', 'Specifies the method for processing missing values in the input dataset.', false, false, 20, (select id from Model where name='catboost_regressor'));
INSERT INTO parameter(name, label, description, enabled, fixed_value, ordering, model_id) VALUES ('od_type', 'Overfitting detector type', 'Sets the type of overfitting detector to use.', false, false, 21, (select id from Model where name='catboost_regressor'));
INSERT INTO parameter(name, label, description, enabled, fixed_value, ordering, model_id) VALUES ('od_wait', 'Overfitting detector wait', 'Determines the number of iterations to continue training after the iteration with the optimal metric value.', false, false, 22, (select id from Model where name='catboost_regressor'));
INSERT INTO parameter(name, label, description, enabled, fixed_value, ordering, model_id) VALUES ('random_strength', 'Random strength', 'Sets the amount of randomness used for scoring splits during tree structure selection to avoid overfitting.', false, false, 23, (select id from Model where name='catboost_regressor'));
INSERT INTO parameter(name, label, description, enabled, fixed_value, ordering, model_id) VALUES ('rsm', 'RSM', 'Specifies the percentage of features to use at each split selection with random subspace method.', true, false, 24, (select id from Model where name='catboost_regressor'));
INSERT INTO parameter(name, label, description, enabled, fixed_value, ordering, model_id) VALUES ('score_function', 'Score function', 'Defines the score type used to select the next split during tree construction.', false, false, 25, (select id from Model where name='catboost_regressor'));
INSERT INTO parameter(name, label, description, enabled, fixed_value, ordering, model_id) VALUES ('subsample', 'Subsample', 'Determines the fraction of the training dataset randomly sampled without replacement for training each weak learner, introducing diversity and reducing overfitting.', false, false, 26, (select id from Model where name='catboost_regressor'));
INSERT INTO rel_model__incompatible_metrics(model_id, metric_id) VALUES ((select id from model where name='catboost_regressor'), (select id from metric where name='classification-log-loss'));
INSERT INTO rel_model__incompatible_metrics(model_id, metric_id) VALUES ((select id from model where name='catboost_regressor'), (select id from metric where name='classification-roc'));
INSERT INTO parameter_type_definition(parameter_id, parameter_type_id, parameter_distribution_type_id, ordering) VALUES ((select id from parameter where name='allow_const_label' and model_id=(select id from model where name='catboost_regressor')), (select id from parameter_type where name='boolean'), (select id from parameter_distribution_type where name='uniform'), 0);
INSERT INTO parameter_type_definition(parameter_id, parameter_type_id, parameter_distribution_type_id, ordering) VALUES ((select id from parameter where name='approx_on_full_history' and model_id=(select id from model where name='catboost_regressor')), (select id from parameter_type where name='boolean'), (select id from parameter_distribution_type where name='uniform'), 0);
INSERT INTO parameter_type_definition(parameter_id, parameter_type_id, parameter_distribution_type_id, ordering) VALUES ((select id from parameter where name='bagging_temperature' and model_id=(select id from model where name='catboost_regressor')), (select id from parameter_type where name='categorical'), (select id from parameter_distribution_type where name='uniform'), 0);
INSERT INTO parameter_type_definition(parameter_id, parameter_type_id, parameter_distribution_type_id, ordering) VALUES ((select id from parameter where name='bagging_temperature' and model_id=(select id from model where name='catboost_regressor')), (select id from parameter_type where name='float'), (select id from parameter_distribution_type where name='uniform'), 1);
INSERT INTO parameter_type_definition(parameter_id, parameter_type_id, parameter_distribution_type_id, ordering) VALUES ((select id from parameter where name='boost_from_average' and model_id=(select id from model where name='catboost_regressor')), (select id from parameter_type where name='boolean'), (select id from parameter_distribution_type where name='uniform'), 0);
INSERT INTO parameter_type_definition(parameter_id, parameter_type_id, parameter_distribution_type_id, ordering) VALUES ((select id from parameter where name='boosting_type' and model_id=(select id from model where name='catboost_regressor')), (select id from parameter_type where name='categorical'), (select id from parameter_distribution_type where name='uniform'), 0);
INSERT INTO parameter_type_definition(parameter_id, parameter_type_id, parameter_distribution_type_id, ordering) VALUES ((select id from parameter where name='bootstrap_type' and model_id=(select id from model where name='catboost_regressor')), (select id from parameter_type where name='categorical'), (select id from parameter_distribution_type where name='uniform'), 0);
INSERT INTO parameter_type_definition(parameter_id, parameter_type_id, parameter_distribution_type_id, ordering) VALUES ((select id from parameter where name='counter_calc_method' and model_id=(select id from model where name='catboost_regressor')), (select id from parameter_type where name='categorical'), (select id from parameter_distribution_type where name='uniform'), 0);
INSERT INTO parameter_type_definition(parameter_id, parameter_type_id, parameter_distribution_type_id, ordering) VALUES ((select id from parameter where name='depth' and model_id=(select id from model where name='catboost_regressor')), (select id from parameter_type where name='integer'), (select id from parameter_distribution_type where name='uniform'), 0);
INSERT INTO parameter_type_definition(parameter_id, parameter_type_id, parameter_distribution_type_id, ordering) VALUES ((select id from parameter where name='feature_border_type' and model_id=(select id from model where name='catboost_regressor')), (select id from parameter_type where name='categorical'), (select id from parameter_distribution_type where name='uniform'), 0);
INSERT INTO parameter_type_definition(parameter_id, parameter_type_id, parameter_distribution_type_id, ordering) VALUES ((select id from parameter where name='fold_len_multiplier' and model_id=(select id from model where name='catboost_regressor')), (select id from parameter_type where name='categorical'), (select id from parameter_distribution_type where name='uniform'), 0);
INSERT INTO parameter_type_definition(parameter_id, parameter_type_id, parameter_distribution_type_id, ordering) VALUES ((select id from parameter where name='fold_len_multiplier' and model_id=(select id from model where name='catboost_regressor')), (select id from parameter_type where name='integer'), (select id from parameter_distribution_type where name='uniform'), 1);
INSERT INTO parameter_type_definition(parameter_id, parameter_type_id, parameter_distribution_type_id, ordering) VALUES ((select id from parameter where name='fold_permutation_block' and model_id=(select id from model where name='catboost_regressor')), (select id from parameter_type where name='integer'), (select id from parameter_distribution_type where name='uniform'), 0);
INSERT INTO parameter_type_definition(parameter_id, parameter_type_id, parameter_distribution_type_id, ordering) VALUES ((select id from parameter where name='has_time' and model_id=(select id from model where name='catboost_regressor')), (select id from parameter_type where name='boolean'), (select id from parameter_distribution_type where name='uniform'), 0);
INSERT INTO parameter_type_definition(parameter_id, parameter_type_id, parameter_distribution_type_id, ordering) VALUES ((select id from parameter where name='iterations' and model_id=(select id from model where name='catboost_regressor')), (select id from parameter_type where name='integer'), (select id from parameter_distribution_type where name='uniform'), 0);
INSERT INTO parameter_type_definition(parameter_id, parameter_type_id, parameter_distribution_type_id, ordering) VALUES ((select id from parameter where name='l2_leaf_reg' and model_id=(select id from model where name='catboost_regressor')), (select id from parameter_type where name='float'), (select id from parameter_distribution_type where name='uniform'), 0);
INSERT INTO parameter_type_definition(parameter_id, parameter_type_id, parameter_distribution_type_id, ordering) VALUES ((select id from parameter where name='leaf_estimation_backtracking' and model_id=(select id from model where name='catboost_regressor')), (select id from parameter_type where name='categorical'), (select id from parameter_distribution_type where name='uniform'), 0);
INSERT INTO parameter_type_definition(parameter_id, parameter_type_id, parameter_distribution_type_id, ordering) VALUES ((select id from parameter where name='learning_rate' and model_id=(select id from model where name='catboost_regressor')), (select id from parameter_type where name='categorical'), (select id from parameter_distribution_type where name='uniform'), 0);
INSERT INTO parameter_type_definition(parameter_id, parameter_type_id, parameter_distribution_type_id, ordering) VALUES ((select id from parameter where name='learning_rate' and model_id=(select id from model where name='catboost_regressor')), (select id from parameter_type where name='float'), (select id from parameter_distribution_type where name='uniform'), 1);
INSERT INTO parameter_type_definition(parameter_id, parameter_type_id, parameter_distribution_type_id, ordering) VALUES ((select id from parameter where name='max_ctr_complexity' and model_id=(select id from model where name='catboost_regressor')), (select id from parameter_type where name='integer'), (select id from parameter_distribution_type where name='uniform'), 0);
INSERT INTO parameter_type_definition(parameter_id, parameter_type_id, parameter_distribution_type_id, ordering) VALUES ((select id from parameter where name='model_shrink_rate' and model_id=(select id from model where name='catboost_regressor')), (select id from parameter_type where name='categorical'), (select id from parameter_distribution_type where name='uniform'), 0);
INSERT INTO parameter_type_definition(parameter_id, parameter_type_id, parameter_distribution_type_id, ordering) VALUES ((select id from parameter where name='model_shrink_rate' and model_id=(select id from model where name='catboost_regressor')), (select id from parameter_type where name='float'), (select id from parameter_distribution_type where name='uniform'), 1);
INSERT INTO parameter_type_definition(parameter_id, parameter_type_id, parameter_distribution_type_id, ordering) VALUES ((select id from parameter where name='model_size_reg' and model_id=(select id from model where name='catboost_regressor')), (select id from parameter_type where name='categorical'), (select id from parameter_distribution_type where name='uniform'), 0);
INSERT INTO parameter_type_definition(parameter_id, parameter_type_id, parameter_distribution_type_id, ordering) VALUES ((select id from parameter where name='model_size_reg' and model_id=(select id from model where name='catboost_regressor')), (select id from parameter_type where name='float'), (select id from parameter_distribution_type where name='uniform'), 1);
INSERT INTO parameter_type_definition(parameter_id, parameter_type_id, parameter_distribution_type_id, ordering) VALUES ((select id from parameter where name='nan_mode' and model_id=(select id from model where name='catboost_regressor')), (select id from parameter_type where name='categorical'), (select id from parameter_distribution_type where name='uniform'), 0);
INSERT INTO parameter_type_definition(parameter_id, parameter_type_id, parameter_distribution_type_id, ordering) VALUES ((select id from parameter where name='od_type' and model_id=(select id from model where name='catboost_regressor')), (select id from parameter_type where name='categorical'), (select id from parameter_distribution_type where name='uniform'), 0);
INSERT INTO parameter_type_definition(parameter_id, parameter_type_id, parameter_distribution_type_id, ordering) VALUES ((select id from parameter where name='od_wait' and model_id=(select id from model where name='catboost_regressor')), (select id from parameter_type where name='categorical'), (select id from parameter_distribution_type where name='uniform'), 0);
INSERT INTO parameter_type_definition(parameter_id, parameter_type_id, parameter_distribution_type_id, ordering) VALUES ((select id from parameter where name='od_wait' and model_id=(select id from model where name='catboost_regressor')), (select id from parameter_type where name='integer'), (select id from parameter_distribution_type where name='uniform'), 1);
INSERT INTO parameter_type_definition(parameter_id, parameter_type_id, parameter_distribution_type_id, ordering) VALUES ((select id from parameter where name='random_strength' and model_id=(select id from model where name='catboost_regressor')), (select id from parameter_type where name='float'), (select id from parameter_distribution_type where name='uniform'), 0);
INSERT INTO parameter_type_definition(parameter_id, parameter_type_id, parameter_distribution_type_id, ordering) VALUES ((select id from parameter where name='rsm' and model_id=(select id from model where name='catboost_regressor')), (select id from parameter_type where name='categorical'), (select id from parameter_distribution_type where name='uniform'), 0);
INSERT INTO parameter_type_definition(parameter_id, parameter_type_id, parameter_distribution_type_id, ordering) VALUES ((select id from parameter where name='rsm' and model_id=(select id from model where name='catboost_regressor')), (select id from parameter_type where name='float'), (select id from parameter_distribution_type where name='uniform'), 1);
INSERT INTO parameter_type_definition(parameter_id, parameter_type_id, parameter_distribution_type_id, ordering) VALUES ((select id from parameter where name='score_function' and model_id=(select id from model where name='catboost_regressor')), (select id from parameter_type where name='categorical'), (select id from parameter_distribution_type where name='uniform'), 0);
INSERT INTO parameter_type_definition(parameter_id, parameter_type_id, parameter_distribution_type_id, ordering) VALUES ((select id from parameter where name='subsample' and model_id=(select id from model where name='catboost_regressor')), (select id from parameter_type where name='categorical'), (select id from parameter_distribution_type where name='uniform'), 0);
INSERT INTO parameter_type_definition(parameter_id, parameter_type_id, parameter_distribution_type_id, ordering) VALUES ((select id from parameter where name='subsample' and model_id=(select id from model where name='catboost_regressor')), (select id from parameter_type where name='float'), (select id from parameter_distribution_type where name='uniform'), 1);
INSERT INTO boolean_parameter(parameter_type_definition_id, default_value) VALUES ((select id from parameter_type_definition where parameter_id=(select id from parameter where name='allow_const_label' and model_id=(select id from model where name='catboost_regressor') and parameter_type_id=(select id from parameter_type where name='boolean'))), false);
INSERT INTO boolean_parameter(parameter_type_definition_id, default_value) VALUES ((select id from parameter_type_definition where parameter_id=(select id from parameter where name='approx_on_full_history' and model_id=(select id from model where name='catboost_regressor') and parameter_type_id=(select id from parameter_type where name='boolean'))), false);
INSERT INTO categorical_parameter(parameter_type_definition_id, default_value) VALUES ((select id from parameter_type_definition where parameter_id=(select id from parameter where name='bagging_temperature' and model_id=(select id from model where name='catboost_regressor') and parameter_type_id=(select id from parameter_type where name='categorical'))), 'None');
INSERT INTO categorical_parameter_value(parameter_type_definition_id, value) VALUES ((select id from parameter_type_definition where parameter_id=(select id from parameter where name='bagging_temperature' and model_id=(select id from model where name='catboost_regressor') and parameter_type_id=(select id from parameter_type where name='categorical'))), 'None');
INSERT INTO float_parameter(parameter_type_definition_id, default_value) VALUES ((select id from parameter_type_definition where parameter_id=(select id from parameter where name='bagging_temperature' and model_id=(select id from model where name='catboost_regressor') and parameter_type_id=(select id from parameter_type where name='float'))), null);
INSERT INTO float_parameter_range(parameter_type_definition_id, is_left_open, is_right_open, lower, upper) VALUES ((select id from parameter_type_definition where parameter_id=(select id from parameter where name='bagging_temperature' and model_id=(select id from model where name='catboost_regressor') and parameter_type_id=(select id from parameter_type where name='float'))), true, true, 0.000000, 1.000000);
INSERT INTO boolean_parameter(parameter_type_definition_id, default_value) VALUES ((select id from parameter_type_definition where parameter_id=(select id from parameter where name='boost_from_average' and model_id=(select id from model where name='catboost_regressor') and parameter_type_id=(select id from parameter_type where name='boolean'))), false);
INSERT INTO categorical_parameter(parameter_type_definition_id, default_value) VALUES ((select id from parameter_type_definition where parameter_id=(select id from parameter where name='boosting_type' and model_id=(select id from model where name='catboost_regressor') and parameter_type_id=(select id from parameter_type where name='categorical'))), 'None');
INSERT INTO categorical_parameter_value(parameter_type_definition_id, value) VALUES ((select id from parameter_type_definition where parameter_id=(select id from parameter where name='boosting_type' and model_id=(select id from model where name='catboost_regressor') and parameter_type_id=(select id from parameter_type where name='categorical'))), 'Ordered');
INSERT INTO categorical_parameter_value(parameter_type_definition_id, value) VALUES ((select id from parameter_type_definition where parameter_id=(select id from parameter where name='boosting_type' and model_id=(select id from model where name='catboost_regressor') and parameter_type_id=(select id from parameter_type where name='categorical'))), 'Plain');
INSERT INTO categorical_parameter_value(parameter_type_definition_id, value) VALUES ((select id from parameter_type_definition where parameter_id=(select id from parameter where name='boosting_type' and model_id=(select id from model where name='catboost_regressor') and parameter_type_id=(select id from parameter_type where name='categorical'))), 'None');
INSERT INTO categorical_parameter(parameter_type_definition_id, default_value) VALUES ((select id from parameter_type_definition where parameter_id=(select id from parameter where name='bootstrap_type' and model_id=(select id from model where name='catboost_regressor') and parameter_type_id=(select id from parameter_type where name='categorical'))), 'MVS');
INSERT INTO categorical_parameter_value(parameter_type_definition_id, value) VALUES ((select id from parameter_type_definition where parameter_id=(select id from parameter where name='bootstrap_type' and model_id=(select id from model where name='catboost_regressor') and parameter_type_id=(select id from parameter_type where name='categorical'))), 'MVS');
INSERT INTO categorical_parameter_value(parameter_type_definition_id, value) VALUES ((select id from parameter_type_definition where parameter_id=(select id from parameter where name='bootstrap_type' and model_id=(select id from model where name='catboost_regressor') and parameter_type_id=(select id from parameter_type where name='categorical'))), 'Bernoulli');
INSERT INTO categorical_parameter_value(parameter_type_definition_id, value) VALUES ((select id from parameter_type_definition where parameter_id=(select id from parameter where name='bootstrap_type' and model_id=(select id from model where name='catboost_regressor') and parameter_type_id=(select id from parameter_type where name='categorical'))), 'Bayesian');
INSERT INTO categorical_parameter(parameter_type_definition_id, default_value) VALUES ((select id from parameter_type_definition where parameter_id=(select id from parameter where name='counter_calc_method' and model_id=(select id from model where name='catboost_regressor') and parameter_type_id=(select id from parameter_type where name='categorical'))), 'None');
INSERT INTO categorical_parameter_value(parameter_type_definition_id, value) VALUES ((select id from parameter_type_definition where parameter_id=(select id from parameter where name='counter_calc_method' and model_id=(select id from model where name='catboost_regressor') and parameter_type_id=(select id from parameter_type where name='categorical'))), 'Full');
INSERT INTO categorical_parameter_value(parameter_type_definition_id, value) VALUES ((select id from parameter_type_definition where parameter_id=(select id from parameter where name='counter_calc_method' and model_id=(select id from model where name='catboost_regressor') and parameter_type_id=(select id from parameter_type where name='categorical'))), 'SkipTest');
INSERT INTO categorical_parameter_value(parameter_type_definition_id, value) VALUES ((select id from parameter_type_definition where parameter_id=(select id from parameter where name='counter_calc_method' and model_id=(select id from model where name='catboost_regressor') and parameter_type_id=(select id from parameter_type where name='categorical'))), 'None');
INSERT INTO integer_parameter(parameter_type_definition_id, default_value) VALUES ((select id from parameter_type_definition where parameter_id=(select id from parameter where name='depth' and model_id=(select id from model where name='catboost_regressor') and parameter_type_id=(select id from parameter_type where name='integer'))), 6);
INSERT INTO integer_parameter_value(parameter_type_definition_id, lower, upper) VALUES ((select id from parameter_type_definition where parameter_id=(select id from parameter where name='depth' and model_id=(select id from model where name='catboost_regressor') and parameter_type_id=(select id from parameter_type where name='integer'))), 1, 11);
INSERT INTO categorical_parameter(parameter_type_definition_id, default_value) VALUES ((select id from parameter_type_definition where parameter_id=(select id from parameter where name='feature_border_type' and model_id=(select id from model where name='catboost_regressor') and parameter_type_id=(select id from parameter_type where name='categorical'))), 'GreedyLogSum');
INSERT INTO categorical_parameter_value(parameter_type_definition_id, value) VALUES ((select id from parameter_type_definition where parameter_id=(select id from parameter where name='feature_border_type' and model_id=(select id from model where name='catboost_regressor') and parameter_type_id=(select id from parameter_type where name='categorical'))), 'Uniform');
INSERT INTO categorical_parameter_value(parameter_type_definition_id, value) VALUES ((select id from parameter_type_definition where parameter_id=(select id from parameter where name='feature_border_type' and model_id=(select id from model where name='catboost_regressor') and parameter_type_id=(select id from parameter_type where name='categorical'))), 'MinEntropy');
INSERT INTO categorical_parameter_value(parameter_type_definition_id, value) VALUES ((select id from parameter_type_definition where parameter_id=(select id from parameter where name='feature_border_type' and model_id=(select id from model where name='catboost_regressor') and parameter_type_id=(select id from parameter_type where name='categorical'))), 'UniformAndQuantiles');
INSERT INTO categorical_parameter_value(parameter_type_definition_id, value) VALUES ((select id from parameter_type_definition where parameter_id=(select id from parameter where name='feature_border_type' and model_id=(select id from model where name='catboost_regressor') and parameter_type_id=(select id from parameter_type where name='categorical'))), 'GreedyLogSum');
INSERT INTO categorical_parameter_value(parameter_type_definition_id, value) VALUES ((select id from parameter_type_definition where parameter_id=(select id from parameter where name='feature_border_type' and model_id=(select id from model where name='catboost_regressor') and parameter_type_id=(select id from parameter_type where name='categorical'))), 'Median');
INSERT INTO categorical_parameter(parameter_type_definition_id, default_value) VALUES ((select id from parameter_type_definition where parameter_id=(select id from parameter where name='fold_len_multiplier' and model_id=(select id from model where name='catboost_regressor') and parameter_type_id=(select id from parameter_type where name='categorical'))), 'None');
INSERT INTO categorical_parameter_value(parameter_type_definition_id, value) VALUES ((select id from parameter_type_definition where parameter_id=(select id from parameter where name='fold_len_multiplier' and model_id=(select id from model where name='catboost_regressor') and parameter_type_id=(select id from parameter_type where name='categorical'))), 'None');
INSERT INTO integer_parameter(parameter_type_definition_id, default_value) VALUES ((select id from parameter_type_definition where parameter_id=(select id from parameter where name='fold_len_multiplier' and model_id=(select id from model where name='catboost_regressor') and parameter_type_id=(select id from parameter_type where name='integer'))), null);
INSERT INTO integer_parameter_value(parameter_type_definition_id, lower, upper) VALUES ((select id from parameter_type_definition where parameter_id=(select id from parameter where name='fold_len_multiplier' and model_id=(select id from model where name='catboost_regressor') and parameter_type_id=(select id from parameter_type where name='integer'))), 2, 11);
INSERT INTO integer_parameter(parameter_type_definition_id, default_value) VALUES ((select id from parameter_type_definition where parameter_id=(select id from parameter where name='fold_permutation_block' and model_id=(select id from model where name='catboost_regressor') and parameter_type_id=(select id from parameter_type where name='integer'))), 1);
INSERT INTO integer_parameter_value(parameter_type_definition_id, lower, upper) VALUES ((select id from parameter_type_definition where parameter_id=(select id from parameter where name='fold_permutation_block' and model_id=(select id from model where name='catboost_regressor') and parameter_type_id=(select id from parameter_type where name='integer'))), 1, 11);
INSERT INTO boolean_parameter(parameter_type_definition_id, default_value) VALUES ((select id from parameter_type_definition where parameter_id=(select id from parameter where name='has_time' and model_id=(select id from model where name='catboost_regressor') and parameter_type_id=(select id from parameter_type where name='boolean'))), false);
INSERT INTO integer_parameter(parameter_type_definition_id, default_value) VALUES ((select id from parameter_type_definition where parameter_id=(select id from parameter where name='iterations' and model_id=(select id from model where name='catboost_regressor') and parameter_type_id=(select id from parameter_type where name='integer'))), 1000);
INSERT INTO integer_parameter_value(parameter_type_definition_id, lower, upper) VALUES ((select id from parameter_type_definition where parameter_id=(select id from parameter where name='iterations' and model_id=(select id from model where name='catboost_regressor') and parameter_type_id=(select id from parameter_type where name='integer'))), 1, 1001);
INSERT INTO float_parameter(parameter_type_definition_id, default_value) VALUES ((select id from parameter_type_definition where parameter_id=(select id from parameter where name='l2_leaf_reg' and model_id=(select id from model where name='catboost_regressor') and parameter_type_id=(select id from parameter_type where name='float'))), 3.000000);
INSERT INTO float_parameter_range(parameter_type_definition_id, is_left_open, is_right_open, lower, upper) VALUES ((select id from parameter_type_definition where parameter_id=(select id from parameter where name='l2_leaf_reg' and model_id=(select id from model where name='catboost_regressor') and parameter_type_id=(select id from parameter_type where name='float'))), true, true, 0.000000, 10.000000);
INSERT INTO categorical_parameter(parameter_type_definition_id, default_value) VALUES ((select id from parameter_type_definition where parameter_id=(select id from parameter where name='leaf_estimation_backtracking' and model_id=(select id from model where name='catboost_regressor') and parameter_type_id=(select id from parameter_type where name='categorical'))), 'AnyImprovement');
INSERT INTO categorical_parameter_value(parameter_type_definition_id, value) VALUES ((select id from parameter_type_definition where parameter_id=(select id from parameter where name='leaf_estimation_backtracking' and model_id=(select id from model where name='catboost_regressor') and parameter_type_id=(select id from parameter_type where name='categorical'))), 'No');
INSERT INTO categorical_parameter_value(parameter_type_definition_id, value) VALUES ((select id from parameter_type_definition where parameter_id=(select id from parameter where name='leaf_estimation_backtracking' and model_id=(select id from model where name='catboost_regressor') and parameter_type_id=(select id from parameter_type where name='categorical'))), 'AnyImprovement');
INSERT INTO categorical_parameter(parameter_type_definition_id, default_value) VALUES ((select id from parameter_type_definition where parameter_id=(select id from parameter where name='learning_rate' and model_id=(select id from model where name='catboost_regressor') and parameter_type_id=(select id from parameter_type where name='categorical'))), 'None');
INSERT INTO categorical_parameter_value(parameter_type_definition_id, value) VALUES ((select id from parameter_type_definition where parameter_id=(select id from parameter where name='learning_rate' and model_id=(select id from model where name='catboost_regressor') and parameter_type_id=(select id from parameter_type where name='categorical'))), 'None');
INSERT INTO float_parameter(parameter_type_definition_id, default_value) VALUES ((select id from parameter_type_definition where parameter_id=(select id from parameter where name='learning_rate' and model_id=(select id from model where name='catboost_regressor') and parameter_type_id=(select id from parameter_type where name='float'))), null);
INSERT INTO float_parameter_range(parameter_type_definition_id, is_left_open, is_right_open, lower, upper) VALUES ((select id from parameter_type_definition where parameter_id=(select id from parameter where name='learning_rate' and model_id=(select id from model where name='catboost_regressor') and parameter_type_id=(select id from parameter_type where name='float'))), true, true, 0.000100, 1.000000);
INSERT INTO integer_parameter(parameter_type_definition_id, default_value) VALUES ((select id from parameter_type_definition where parameter_id=(select id from parameter where name='max_ctr_complexity' and model_id=(select id from model where name='catboost_regressor') and parameter_type_id=(select id from parameter_type where name='integer'))), 4);
INSERT INTO integer_parameter_value(parameter_type_definition_id, lower, upper) VALUES ((select id from parameter_type_definition where parameter_id=(select id from parameter where name='max_ctr_complexity' and model_id=(select id from model where name='catboost_regressor') and parameter_type_id=(select id from parameter_type where name='integer'))), 1, 7);
INSERT INTO categorical_parameter(parameter_type_definition_id, default_value) VALUES ((select id from parameter_type_definition where parameter_id=(select id from parameter where name='model_shrink_rate' and model_id=(select id from model where name='catboost_regressor') and parameter_type_id=(select id from parameter_type where name='categorical'))), 'None');
INSERT INTO categorical_parameter_value(parameter_type_definition_id, value) VALUES ((select id from parameter_type_definition where parameter_id=(select id from parameter where name='model_shrink_rate' and model_id=(select id from model where name='catboost_regressor') and parameter_type_id=(select id from parameter_type where name='categorical'))), 'None');
INSERT INTO float_parameter(parameter_type_definition_id, default_value) VALUES ((select id from parameter_type_definition where parameter_id=(select id from parameter where name='model_shrink_rate' and model_id=(select id from model where name='catboost_regressor') and parameter_type_id=(select id from parameter_type where name='float'))), null);
INSERT INTO float_parameter_range(parameter_type_definition_id, is_left_open, is_right_open, lower, upper) VALUES ((select id from parameter_type_definition where parameter_id=(select id from parameter where name='model_shrink_rate' and model_id=(select id from model where name='catboost_regressor') and parameter_type_id=(select id from parameter_type where name='float'))), true, true, 0.000000, 0.999000);
INSERT INTO categorical_parameter(parameter_type_definition_id, default_value) VALUES ((select id from parameter_type_definition where parameter_id=(select id from parameter where name='model_size_reg' and model_id=(select id from model where name='catboost_regressor') and parameter_type_id=(select id from parameter_type where name='categorical'))), 'None');
INSERT INTO categorical_parameter_value(parameter_type_definition_id, value) VALUES ((select id from parameter_type_definition where parameter_id=(select id from parameter where name='model_size_reg' and model_id=(select id from model where name='catboost_regressor') and parameter_type_id=(select id from parameter_type where name='categorical'))), 'None');
INSERT INTO float_parameter(parameter_type_definition_id, default_value) VALUES ((select id from parameter_type_definition where parameter_id=(select id from parameter where name='model_size_reg' and model_id=(select id from model where name='catboost_regressor') and parameter_type_id=(select id from parameter_type where name='float'))), null);
INSERT INTO float_parameter_range(parameter_type_definition_id, is_left_open, is_right_open, lower, upper) VALUES ((select id from parameter_type_definition where parameter_id=(select id from parameter where name='model_size_reg' and model_id=(select id from model where name='catboost_regressor') and parameter_type_id=(select id from parameter_type where name='float'))), true, true, 0.000000, 10.000000);
INSERT INTO categorical_parameter(parameter_type_definition_id, default_value) VALUES ((select id from parameter_type_definition where parameter_id=(select id from parameter where name='nan_mode' and model_id=(select id from model where name='catboost_regressor') and parameter_type_id=(select id from parameter_type where name='categorical'))), 'Min');
INSERT INTO categorical_parameter_value(parameter_type_definition_id, value) VALUES ((select id from parameter_type_definition where parameter_id=(select id from parameter where name='nan_mode' and model_id=(select id from model where name='catboost_regressor') and parameter_type_id=(select id from parameter_type where name='categorical'))), 'Max');
INSERT INTO categorical_parameter_value(parameter_type_definition_id, value) VALUES ((select id from parameter_type_definition where parameter_id=(select id from parameter where name='nan_mode' and model_id=(select id from model where name='catboost_regressor') and parameter_type_id=(select id from parameter_type where name='categorical'))), 'Forbidden');
INSERT INTO categorical_parameter_value(parameter_type_definition_id, value) VALUES ((select id from parameter_type_definition where parameter_id=(select id from parameter where name='nan_mode' and model_id=(select id from model where name='catboost_regressor') and parameter_type_id=(select id from parameter_type where name='categorical'))), 'Min');
INSERT INTO categorical_parameter(parameter_type_definition_id, default_value) VALUES ((select id from parameter_type_definition where parameter_id=(select id from parameter where name='od_type' and model_id=(select id from model where name='catboost_regressor') and parameter_type_id=(select id from parameter_type where name='categorical'))), 'IncToDec');
INSERT INTO categorical_parameter_value(parameter_type_definition_id, value) VALUES ((select id from parameter_type_definition where parameter_id=(select id from parameter where name='od_type' and model_id=(select id from model where name='catboost_regressor') and parameter_type_id=(select id from parameter_type where name='categorical'))), 'IncToDec');
INSERT INTO categorical_parameter_value(parameter_type_definition_id, value) VALUES ((select id from parameter_type_definition where parameter_id=(select id from parameter where name='od_type' and model_id=(select id from model where name='catboost_regressor') and parameter_type_id=(select id from parameter_type where name='categorical'))), 'Iter');
INSERT INTO categorical_parameter(parameter_type_definition_id, default_value) VALUES ((select id from parameter_type_definition where parameter_id=(select id from parameter where name='od_wait' and model_id=(select id from model where name='catboost_regressor') and parameter_type_id=(select id from parameter_type where name='categorical'))), 'None');
INSERT INTO categorical_parameter_value(parameter_type_definition_id, value) VALUES ((select id from parameter_type_definition where parameter_id=(select id from parameter where name='od_wait' and model_id=(select id from model where name='catboost_regressor') and parameter_type_id=(select id from parameter_type where name='categorical'))), 'None');
INSERT INTO integer_parameter(parameter_type_definition_id, default_value) VALUES ((select id from parameter_type_definition where parameter_id=(select id from parameter where name='od_wait' and model_id=(select id from model where name='catboost_regressor') and parameter_type_id=(select id from parameter_type where name='integer'))), null);
INSERT INTO integer_parameter_value(parameter_type_definition_id, lower, upper) VALUES ((select id from parameter_type_definition where parameter_id=(select id from parameter where name='od_wait' and model_id=(select id from model where name='catboost_regressor') and parameter_type_id=(select id from parameter_type where name='integer'))), 1, 31);
INSERT INTO float_parameter(parameter_type_definition_id, default_value) VALUES ((select id from parameter_type_definition where parameter_id=(select id from parameter where name='random_strength' and model_id=(select id from model where name='catboost_regressor') and parameter_type_id=(select id from parameter_type where name='float'))), 1.000000);
INSERT INTO float_parameter_range(parameter_type_definition_id, is_left_open, is_right_open, lower, upper) VALUES ((select id from parameter_type_definition where parameter_id=(select id from parameter where name='random_strength' and model_id=(select id from model where name='catboost_regressor') and parameter_type_id=(select id from parameter_type where name='float'))), true, true, 0.000000, 10.000000);
INSERT INTO categorical_parameter(parameter_type_definition_id, default_value) VALUES ((select id from parameter_type_definition where parameter_id=(select id from parameter where name='rsm' and model_id=(select id from model where name='catboost_regressor') and parameter_type_id=(select id from parameter_type where name='categorical'))), 'None');
INSERT INTO categorical_parameter_value(parameter_type_definition_id, value) VALUES ((select id from parameter_type_definition where parameter_id=(select id from parameter where name='rsm' and model_id=(select id from model where name='catboost_regressor') and parameter_type_id=(select id from parameter_type where name='categorical'))), 'None');
INSERT INTO float_parameter(parameter_type_definition_id, default_value) VALUES ((select id from parameter_type_definition where parameter_id=(select id from parameter where name='rsm' and model_id=(select id from model where name='catboost_regressor') and parameter_type_id=(select id from parameter_type where name='float'))), null);
INSERT INTO float_parameter_range(parameter_type_definition_id, is_left_open, is_right_open, lower, upper) VALUES ((select id from parameter_type_definition where parameter_id=(select id from parameter where name='rsm' and model_id=(select id from model where name='catboost_regressor') and parameter_type_id=(select id from parameter_type where name='float'))), true, true, 0.010000, 1.000000);
INSERT INTO categorical_parameter(parameter_type_definition_id, default_value) VALUES ((select id from parameter_type_definition where parameter_id=(select id from parameter where name='score_function' and model_id=(select id from model where name='catboost_regressor') and parameter_type_id=(select id from parameter_type where name='categorical'))), 'Cosine');
INSERT INTO categorical_parameter_value(parameter_type_definition_id, value) VALUES ((select id from parameter_type_definition where parameter_id=(select id from parameter where name='score_function' and model_id=(select id from model where name='catboost_regressor') and parameter_type_id=(select id from parameter_type where name='categorical'))), 'L2');
INSERT INTO categorical_parameter_value(parameter_type_definition_id, value) VALUES ((select id from parameter_type_definition where parameter_id=(select id from parameter where name='score_function' and model_id=(select id from model where name='catboost_regressor') and parameter_type_id=(select id from parameter_type where name='categorical'))), 'Cosine');
INSERT INTO categorical_parameter(parameter_type_definition_id, default_value) VALUES ((select id from parameter_type_definition where parameter_id=(select id from parameter where name='subsample' and model_id=(select id from model where name='catboost_regressor') and parameter_type_id=(select id from parameter_type where name='categorical'))), 'None');
INSERT INTO categorical_parameter_value(parameter_type_definition_id, value) VALUES ((select id from parameter_type_definition where parameter_id=(select id from parameter where name='subsample' and model_id=(select id from model where name='catboost_regressor') and parameter_type_id=(select id from parameter_type where name='categorical'))), 'None');
INSERT INTO float_parameter(parameter_type_definition_id, default_value) VALUES ((select id from parameter_type_definition where parameter_id=(select id from parameter where name='subsample' and model_id=(select id from model where name='catboost_regressor') and parameter_type_id=(select id from parameter_type where name='float'))), null);
INSERT INTO float_parameter_range(parameter_type_definition_id, is_left_open, is_right_open, lower, upper) VALUES ((select id from parameter_type_definition where parameter_id=(select id from parameter where name='subsample' and model_id=(select id from model where name='catboost_regressor') and parameter_type_id=(select id from parameter_type where name='float'))), true, true, 0.400000, 1.000000);
INSERT INTO model(name, ml_task_id, description, display_name, structure_id, advantages, disadvantages, enabled, ensemble_type_id, family_type_id, decision_tree, model_type_id) VALUES ('xgboost_regressor', (select id from ml_task_type where name='regression'),'The XGBoost Regressor is a powerful and efficient gradient boosting model from the XGBoost library. It combines multiple weak learners, typically decision trees, to create a strong ensemble model. In each iteration, a new weak learner is added to the ensemble, focusing on correcting the errors made by the previous learners. Predictions from the ensemble model are given by a weighted sum of the predictions of the individual weak learners. XGBoost Regressor is known for its high performance, scalability, and ability to handle various data types and distributions, making it a popular choice for a wide range of machine learning tasks, especially regression problems.', 'XGBoost Regressor', (select id from model_structure_type where name='base'), '{It requires less feature engineering,Feature importance can be found out,It is robust to outliers,It performs well on large sized datasets,It is computational fast}', '{It has the problem of overfitting,It is harder to tune as there are too many hyperparameters}', true, (select id from model_ensemble_type where name='other'),(select id from model_family_type where name='tree'), false, (select id from model_type where name='Tree-Based Model'));
INSERT INTO parameter(name, label, description, enabled, fixed_value, ordering, model_id) VALUES ('booster', 'Booster', 'Specifies the core boosting algorithm, determining the type of base learners in the ensemble model.', false, false, 1, (select id from Model where name='xgboost_regressor'));
INSERT INTO parameter(name, label, description, enabled, fixed_value, ordering, model_id) VALUES ('colsample_bylevel', 'Column subsample ratio by level', 'Fraction of features randomly sampled for each level in the decision tree during construction.', false, false, 2, (select id from Model where name='xgboost_regressor'));
INSERT INTO parameter(name, label, description, enabled, fixed_value, ordering, model_id) VALUES ('colsample_bynode', 'Column subsample ratio by node', 'Fraction of features randomly sampled for each new node in the decision tree during construction.', false, false, 3, (select id from Model where name='xgboost_regressor'));
INSERT INTO parameter(name, label, description, enabled, fixed_value, ordering, model_id) VALUES ('colsample_bytree', 'Column subsample ratio by tree', 'Fraction of features randomly sampled for each tree during model construction.', false, false, 4, (select id from Model where name='xgboost_regressor'));
INSERT INTO parameter(name, label, description, enabled, fixed_value, ordering, model_id) VALUES ('gamma', 'Gamma', 'Minimum reduction in loss function required to create a new tree split, controlling model complexity and preventing overfitting.', true, false, 5, (select id from Model where name='xgboost_regressor'));
INSERT INTO parameter(name, label, description, enabled, fixed_value, ordering, model_id) VALUES ('learning_rate', 'Learning rate', 'Step size shrinkage used in updates to prevent overfitting by shrinking feature weights, making the boosting process more conservative.', false, false, 6, (select id from Model where name='xgboost_regressor'));
INSERT INTO parameter(name, label, description, enabled, fixed_value, ordering, model_id) VALUES ('max_delta_step', 'Maximum delta step', 'Maximum allowed change for each leaf output in the tree, mitigating the influence of outliers or skewed data by limiting weight updates.', false, false, 7, (select id from Model where name='xgboost_regressor'));
INSERT INTO parameter(name, label, description, enabled, fixed_value, ordering, model_id) VALUES ('max_depth', 'Maximum depth', 'Maximum depth of the tree. Nodes are expanded until all leaves are pure or contain less than min_samples_split samples.', true, false, 8, (select id from Model where name='xgboost_regressor'));
INSERT INTO parameter(name, label, description, enabled, fixed_value, ordering, model_id) VALUES ('min_child_weight', 'Minimum child weight', 'Minimum number of training examples required in each tree node to allow further splitting.', false, false, 9, (select id from Model where name='xgboost_regressor'));
INSERT INTO parameter(name, label, description, enabled, fixed_value, ordering, model_id) VALUES ('n_estimators', 'Number of estimators', 'Number of trees built during the training process.', true, false, 10, (select id from Model where name='xgboost_regressor'));
INSERT INTO parameter(name, label, description, enabled, fixed_value, ordering, model_id) VALUES ('num_parallel_tree', 'Number of parallel trees', 'Number of parallel trees constructed during each iteration, supporting boosted random forests.', false, false, 11, (select id from Model where name='xgboost_regressor'));
INSERT INTO parameter(name, label, description, enabled, fixed_value, ordering, model_id) VALUES ('reg_alpha', 'Regularization alpha', 'Strength of L1 regularization term, penalizing absolute values of leaf node weights, promoting sparsity and reducing overfitting risk.', true, false, 12, (select id from Model where name='xgboost_regressor'));
INSERT INTO parameter(name, label, description, enabled, fixed_value, ordering, model_id) VALUES ('reg_lambda', 'Regularization lambda', 'Strength of L2 regularization term, penalizing squared values of leaf node weights, encouraging smaller weights and reducing overfitting.', true, false, 13, (select id from Model where name='xgboost_regressor'));
INSERT INTO parameter(name, label, description, enabled, fixed_value, ordering, model_id) VALUES ('subsample', 'Subsample', 'Fraction of training examples randomly sampled without replacement for each tree, reducing overfitting and improving generalization.', true, false, 14, (select id from Model where name='xgboost_regressor'));
INSERT INTO parameter(name, label, description, enabled, fixed_value, ordering, model_id) VALUES ('tree_method', 'Tree method', 'Algorithm used to construct decision trees during the training process.', false, false, 15, (select id from Model where name='xgboost_regressor'));
INSERT INTO rel_model__incompatible_metrics(model_id, metric_id) VALUES ((select id from model where name='xgboost_regressor'), (select id from metric where name='classification-log-loss'));
INSERT INTO rel_model__incompatible_metrics(model_id, metric_id) VALUES ((select id from model where name='xgboost_regressor'), (select id from metric where name='classification-roc'));
INSERT INTO parameter_type_definition(parameter_id, parameter_type_id, parameter_distribution_type_id, ordering) VALUES ((select id from parameter where name='booster' and model_id=(select id from model where name='xgboost_regressor')), (select id from parameter_type where name='categorical'), (select id from parameter_distribution_type where name='uniform'), 0);
INSERT INTO parameter_type_definition(parameter_id, parameter_type_id, parameter_distribution_type_id, ordering) VALUES ((select id from parameter where name='colsample_bylevel' and model_id=(select id from model where name='xgboost_regressor')), (select id from parameter_type where name='float'), (select id from parameter_distribution_type where name='uniform'), 0);
INSERT INTO parameter_type_definition(parameter_id, parameter_type_id, parameter_distribution_type_id, ordering) VALUES ((select id from parameter where name='colsample_bynode' and model_id=(select id from model where name='xgboost_regressor')), (select id from parameter_type where name='float'), (select id from parameter_distribution_type where name='uniform'), 0);
INSERT INTO parameter_type_definition(parameter_id, parameter_type_id, parameter_distribution_type_id, ordering) VALUES ((select id from parameter where name='colsample_bytree' and model_id=(select id from model where name='xgboost_regressor')), (select id from parameter_type where name='float'), (select id from parameter_distribution_type where name='uniform'), 0);
INSERT INTO parameter_type_definition(parameter_id, parameter_type_id, parameter_distribution_type_id, ordering) VALUES ((select id from parameter where name='gamma' and model_id=(select id from model where name='xgboost_regressor')), (select id from parameter_type where name='float'), (select id from parameter_distribution_type where name='uniform'), 0);
INSERT INTO parameter_type_definition(parameter_id, parameter_type_id, parameter_distribution_type_id, ordering) VALUES ((select id from parameter where name='learning_rate' and model_id=(select id from model where name='xgboost_regressor')), (select id from parameter_type where name='float'), (select id from parameter_distribution_type where name='uniform'), 0);
INSERT INTO parameter_type_definition(parameter_id, parameter_type_id, parameter_distribution_type_id, ordering) VALUES ((select id from parameter where name='max_delta_step' and model_id=(select id from model where name='xgboost_regressor')), (select id from parameter_type where name='float'), (select id from parameter_distribution_type where name='uniform'), 0);
INSERT INTO parameter_type_definition(parameter_id, parameter_type_id, parameter_distribution_type_id, ordering) VALUES ((select id from parameter where name='max_depth' and model_id=(select id from model where name='xgboost_regressor')), (select id from parameter_type where name='integer'), (select id from parameter_distribution_type where name='uniform'), 0);
INSERT INTO parameter_type_definition(parameter_id, parameter_type_id, parameter_distribution_type_id, ordering) VALUES ((select id from parameter where name='min_child_weight' and model_id=(select id from model where name='xgboost_regressor')), (select id from parameter_type where name='float'), (select id from parameter_distribution_type where name='uniform'), 0);
INSERT INTO parameter_type_definition(parameter_id, parameter_type_id, parameter_distribution_type_id, ordering) VALUES ((select id from parameter where name='n_estimators' and model_id=(select id from model where name='xgboost_regressor')), (select id from parameter_type where name='integer'), (select id from parameter_distribution_type where name='uniform'), 0);
INSERT INTO parameter_type_definition(parameter_id, parameter_type_id, parameter_distribution_type_id, ordering) VALUES ((select id from parameter where name='num_parallel_tree' and model_id=(select id from model where name='xgboost_regressor')), (select id from parameter_type where name='integer'), (select id from parameter_distribution_type where name='uniform'), 0);
INSERT INTO parameter_type_definition(parameter_id, parameter_type_id, parameter_distribution_type_id, ordering) VALUES ((select id from parameter where name='reg_alpha' and model_id=(select id from model where name='xgboost_regressor')), (select id from parameter_type where name='float'), (select id from parameter_distribution_type where name='uniform'), 0);
INSERT INTO parameter_type_definition(parameter_id, parameter_type_id, parameter_distribution_type_id, ordering) VALUES ((select id from parameter where name='reg_lambda' and model_id=(select id from model where name='xgboost_regressor')), (select id from parameter_type where name='float'), (select id from parameter_distribution_type where name='uniform'), 0);
INSERT INTO parameter_type_definition(parameter_id, parameter_type_id, parameter_distribution_type_id, ordering) VALUES ((select id from parameter where name='subsample' and model_id=(select id from model where name='xgboost_regressor')), (select id from parameter_type where name='float'), (select id from parameter_distribution_type where name='uniform'), 0);
INSERT INTO parameter_type_definition(parameter_id, parameter_type_id, parameter_distribution_type_id, ordering) VALUES ((select id from parameter where name='tree_method' and model_id=(select id from model where name='xgboost_regressor')), (select id from parameter_type where name='categorical'), (select id from parameter_distribution_type where name='uniform'), 0);
INSERT INTO categorical_parameter(parameter_type_definition_id, default_value) VALUES ((select id from parameter_type_definition where parameter_id=(select id from parameter where name='booster' and model_id=(select id from model where name='xgboost_regressor') and parameter_type_id=(select id from parameter_type where name='categorical'))), 'gbtree');
INSERT INTO categorical_parameter_value(parameter_type_definition_id, value) VALUES ((select id from parameter_type_definition where parameter_id=(select id from parameter where name='booster' and model_id=(select id from model where name='xgboost_regressor') and parameter_type_id=(select id from parameter_type where name='categorical'))), 'dart');
INSERT INTO categorical_parameter_value(parameter_type_definition_id, value) VALUES ((select id from parameter_type_definition where parameter_id=(select id from parameter where name='booster' and model_id=(select id from model where name='xgboost_regressor') and parameter_type_id=(select id from parameter_type where name='categorical'))), 'gbtree');
INSERT INTO float_parameter(parameter_type_definition_id, default_value) VALUES ((select id from parameter_type_definition where parameter_id=(select id from parameter where name='colsample_bylevel' and model_id=(select id from model where name='xgboost_regressor') and parameter_type_id=(select id from parameter_type where name='float'))), 1.000000);
INSERT INTO float_parameter_range(parameter_type_definition_id, is_left_open, is_right_open, lower, upper) VALUES ((select id from parameter_type_definition where parameter_id=(select id from parameter where name='colsample_bylevel' and model_id=(select id from model where name='xgboost_regressor') and parameter_type_id=(select id from parameter_type where name='float'))), true, true, 0.100000, 1.000000);
INSERT INTO float_parameter(parameter_type_definition_id, default_value) VALUES ((select id from parameter_type_definition where parameter_id=(select id from parameter where name='colsample_bynode' and model_id=(select id from model where name='xgboost_regressor') and parameter_type_id=(select id from parameter_type where name='float'))), 1.000000);
INSERT INTO float_parameter_range(parameter_type_definition_id, is_left_open, is_right_open, lower, upper) VALUES ((select id from parameter_type_definition where parameter_id=(select id from parameter where name='colsample_bynode' and model_id=(select id from model where name='xgboost_regressor') and parameter_type_id=(select id from parameter_type where name='float'))), true, true, 0.100000, 1.000000);
INSERT INTO float_parameter(parameter_type_definition_id, default_value) VALUES ((select id from parameter_type_definition where parameter_id=(select id from parameter where name='colsample_bytree' and model_id=(select id from model where name='xgboost_regressor') and parameter_type_id=(select id from parameter_type where name='float'))), 1.000000);
INSERT INTO float_parameter_range(parameter_type_definition_id, is_left_open, is_right_open, lower, upper) VALUES ((select id from parameter_type_definition where parameter_id=(select id from parameter where name='colsample_bytree' and model_id=(select id from model where name='xgboost_regressor') and parameter_type_id=(select id from parameter_type where name='float'))), true, true, 0.100000, 1.000000);
INSERT INTO float_parameter(parameter_type_definition_id, default_value) VALUES ((select id from parameter_type_definition where parameter_id=(select id from parameter where name='gamma' and model_id=(select id from model where name='xgboost_regressor') and parameter_type_id=(select id from parameter_type where name='float'))), 0.000000);
INSERT INTO float_parameter_range(parameter_type_definition_id, is_left_open, is_right_open, lower, upper) VALUES ((select id from parameter_type_definition where parameter_id=(select id from parameter where name='gamma' and model_id=(select id from model where name='xgboost_regressor') and parameter_type_id=(select id from parameter_type where name='float'))), true, true, 0.000000, 10.000000);
INSERT INTO float_parameter(parameter_type_definition_id, default_value) VALUES ((select id from parameter_type_definition where parameter_id=(select id from parameter where name='learning_rate' and model_id=(select id from model where name='xgboost_regressor') and parameter_type_id=(select id from parameter_type where name='float'))), 0.300000);
INSERT INTO float_parameter_range(parameter_type_definition_id, is_left_open, is_right_open, lower, upper) VALUES ((select id from parameter_type_definition where parameter_id=(select id from parameter where name='learning_rate' and model_id=(select id from model where name='xgboost_regressor') and parameter_type_id=(select id from parameter_type where name='float'))), true, true, 0.000100, 1.000000);
INSERT INTO float_parameter(parameter_type_definition_id, default_value) VALUES ((select id from parameter_type_definition where parameter_id=(select id from parameter where name='max_delta_step' and model_id=(select id from model where name='xgboost_regressor') and parameter_type_id=(select id from parameter_type where name='float'))), 0.000000);
INSERT INTO float_parameter_range(parameter_type_definition_id, is_left_open, is_right_open, lower, upper) VALUES ((select id from parameter_type_definition where parameter_id=(select id from parameter where name='max_delta_step' and model_id=(select id from model where name='xgboost_regressor') and parameter_type_id=(select id from parameter_type where name='float'))), true, true, 0.000000, 1000.000000);
INSERT INTO integer_parameter(parameter_type_definition_id, default_value) VALUES ((select id from parameter_type_definition where parameter_id=(select id from parameter where name='max_depth' and model_id=(select id from model where name='xgboost_regressor') and parameter_type_id=(select id from parameter_type where name='integer'))), 10);
INSERT INTO integer_parameter_value(parameter_type_definition_id, lower, upper) VALUES ((select id from parameter_type_definition where parameter_id=(select id from parameter where name='max_depth' and model_id=(select id from model where name='xgboost_regressor') and parameter_type_id=(select id from parameter_type where name='integer'))), 3, 17);
INSERT INTO float_parameter(parameter_type_definition_id, default_value) VALUES ((select id from parameter_type_definition where parameter_id=(select id from parameter where name='min_child_weight' and model_id=(select id from model where name='xgboost_regressor') and parameter_type_id=(select id from parameter_type where name='float'))), 1.000000);
INSERT INTO float_parameter_range(parameter_type_definition_id, is_left_open, is_right_open, lower, upper) VALUES ((select id from parameter_type_definition where parameter_id=(select id from parameter where name='min_child_weight' and model_id=(select id from model where name='xgboost_regressor') and parameter_type_id=(select id from parameter_type where name='float'))), true, true, 0.000000, 10.000000);
INSERT INTO integer_parameter(parameter_type_definition_id, default_value) VALUES ((select id from parameter_type_definition where parameter_id=(select id from parameter where name='n_estimators' and model_id=(select id from model where name='xgboost_regressor') and parameter_type_id=(select id from parameter_type where name='integer'))), 100);
INSERT INTO integer_parameter_value(parameter_type_definition_id, lower, upper) VALUES ((select id from parameter_type_definition where parameter_id=(select id from parameter where name='n_estimators' and model_id=(select id from model where name='xgboost_regressor') and parameter_type_id=(select id from parameter_type where name='integer'))), 10, 101);
INSERT INTO integer_parameter(parameter_type_definition_id, default_value) VALUES ((select id from parameter_type_definition where parameter_id=(select id from parameter where name='num_parallel_tree' and model_id=(select id from model where name='xgboost_regressor') and parameter_type_id=(select id from parameter_type where name='integer'))), 1);
INSERT INTO integer_parameter_value(parameter_type_definition_id, lower, upper) VALUES ((select id from parameter_type_definition where parameter_id=(select id from parameter where name='num_parallel_tree' and model_id=(select id from model where name='xgboost_regressor') and parameter_type_id=(select id from parameter_type where name='integer'))), 1, 101);
INSERT INTO float_parameter(parameter_type_definition_id, default_value) VALUES ((select id from parameter_type_definition where parameter_id=(select id from parameter where name='reg_alpha' and model_id=(select id from model where name='xgboost_regressor') and parameter_type_id=(select id from parameter_type where name='float'))), 0.000000);
INSERT INTO float_parameter_range(parameter_type_definition_id, is_left_open, is_right_open, lower, upper) VALUES ((select id from parameter_type_definition where parameter_id=(select id from parameter where name='reg_alpha' and model_id=(select id from model where name='xgboost_regressor') and parameter_type_id=(select id from parameter_type where name='float'))), true, true, 0.000000, 1.000000);
INSERT INTO float_parameter(parameter_type_definition_id, default_value) VALUES ((select id from parameter_type_definition where parameter_id=(select id from parameter where name='reg_lambda' and model_id=(select id from model where name='xgboost_regressor') and parameter_type_id=(select id from parameter_type where name='float'))), 1.000000);
INSERT INTO float_parameter_range(parameter_type_definition_id, is_left_open, is_right_open, lower, upper) VALUES ((select id from parameter_type_definition where parameter_id=(select id from parameter where name='reg_lambda' and model_id=(select id from model where name='xgboost_regressor') and parameter_type_id=(select id from parameter_type where name='float'))), true, true, 0.000000, 10.000000);
INSERT INTO float_parameter(parameter_type_definition_id, default_value) VALUES ((select id from parameter_type_definition where parameter_id=(select id from parameter where name='subsample' and model_id=(select id from model where name='xgboost_regressor') and parameter_type_id=(select id from parameter_type where name='float'))), 1.000000);
INSERT INTO float_parameter_range(parameter_type_definition_id, is_left_open, is_right_open, lower, upper) VALUES ((select id from parameter_type_definition where parameter_id=(select id from parameter where name='subsample' and model_id=(select id from model where name='xgboost_regressor') and parameter_type_id=(select id from parameter_type where name='float'))), true, true, 0.000100, 1.000000);
INSERT INTO categorical_parameter(parameter_type_definition_id, default_value) VALUES ((select id from parameter_type_definition where parameter_id=(select id from parameter where name='tree_method' and model_id=(select id from model where name='xgboost_regressor') and parameter_type_id=(select id from parameter_type where name='categorical'))), 'hist');
INSERT INTO categorical_parameter_value(parameter_type_definition_id, value) VALUES ((select id from parameter_type_definition where parameter_id=(select id from parameter where name='tree_method' and model_id=(select id from model where name='xgboost_regressor') and parameter_type_id=(select id from parameter_type where name='categorical'))), 'hist');
INSERT INTO categorical_parameter_value(parameter_type_definition_id, value) VALUES ((select id from parameter_type_definition where parameter_id=(select id from parameter where name='tree_method' and model_id=(select id from model where name='xgboost_regressor') and parameter_type_id=(select id from parameter_type where name='categorical'))), 'gpu_hist');
INSERT INTO categorical_parameter_value(parameter_type_definition_id, value) VALUES ((select id from parameter_type_definition where parameter_id=(select id from parameter where name='tree_method' and model_id=(select id from model where name='xgboost_regressor') and parameter_type_id=(select id from parameter_type where name='categorical'))), 'exact');
INSERT INTO categorical_parameter_value(parameter_type_definition_id, value) VALUES ((select id from parameter_type_definition where parameter_id=(select id from parameter where name='tree_method' and model_id=(select id from model where name='xgboost_regressor') and parameter_type_id=(select id from parameter_type where name='categorical'))), 'approx');
