INSERT INTO model_type(name) VALUES ('Linear Model');
INSERT INTO revinfo(rev,revtstmp) VALUES ( COALESCE (( select max(rev)+1 from revinfo), 1 ), '2024-04-17 16:31:23');
INSERT INTO model_type_AUD(id, name, rev, revtype, created_at, updated_at) VALUES ((select id from model_type where name='Linear Model'), 'Linear Model', (select max(rev) from revinfo),0,'2024-04-17 16:31:23','2024-04-17 16:31:23');
INSERT INTO model_type(name) VALUES ('Kernel Model');
INSERT INTO revinfo(rev,revtstmp) VALUES ( COALESCE (( select max(rev)+1 from revinfo), 1 ), '2024-04-17 16:31:23');
INSERT INTO model_type_AUD(id, name, rev, revtype, created_at, updated_at) VALUES ((select id from model_type where name='Kernel Model'), 'Kernel Model', (select max(rev) from revinfo),0,'2024-04-17 16:31:23','2024-04-17 16:31:23');
INSERT INTO model_type(name) VALUES ('Baseline Model');
INSERT INTO revinfo(rev,revtstmp) VALUES ( COALESCE (( select max(rev)+1 from revinfo), 1 ), '2024-04-17 16:31:23');
INSERT INTO model_type_AUD(id, name, rev, revtype, created_at, updated_at) VALUES ((select id from model_type where name='Baseline Model'), 'Baseline Model', (select max(rev) from revinfo),0,'2024-04-17 16:31:23','2024-04-17 16:31:23');
INSERT INTO model_type(name) VALUES ('Tree-Based Model');
INSERT INTO revinfo(rev,revtstmp) VALUES ( COALESCE (( select max(rev)+1 from revinfo), 1 ), '2024-04-17 16:31:23');
INSERT INTO model_type_AUD(id, name, rev, revtype, created_at, updated_at) VALUES ((select id from model_type where name='Tree-Based Model'), 'Tree-Based Model', (select max(rev) from revinfo),0,'2024-04-17 16:31:23','2024-04-17 16:31:23');
INSERT INTO model_type(name) VALUES ('Nearest Neighbours Model');
INSERT INTO revinfo(rev,revtstmp) VALUES ( COALESCE (( select max(rev)+1 from revinfo), 1 ), '2024-04-17 16:31:23');
INSERT INTO model_type_AUD(id, name, rev, revtype, created_at, updated_at) VALUES ((select id from model_type where name='Nearest Neighbours Model'), 'Nearest Neighbours Model', (select max(rev) from revinfo),0,'2024-04-17 16:31:23','2024-04-17 16:31:23');
INSERT INTO model_type(name) VALUES ('Ensemble Model');
INSERT INTO revinfo(rev,revtstmp) VALUES ( COALESCE (( select max(rev)+1 from revinfo), 1 ), '2024-04-17 16:31:23');
INSERT INTO model_type_AUD(id, name, rev, revtype, created_at, updated_at) VALUES ((select id from model_type where name='Ensemble Model'), 'Ensemble Model', (select max(rev) from revinfo),0,'2024-04-17 16:31:23','2024-04-17 16:31:23');
INSERT INTO model_type(name) VALUES ('Bayesian Model');
INSERT INTO revinfo(rev,revtstmp) VALUES ( COALESCE (( select max(rev)+1 from revinfo), 1 ), '2024-04-17 16:31:23');
INSERT INTO model_type_AUD(id, name, rev, revtype, created_at, updated_at) VALUES ((select id from model_type where name='Bayesian Model'), 'Bayesian Model', (select max(rev) from revinfo),0,'2024-04-17 16:31:23','2024-04-17 16:31:23');
INSERT INTO model_type(name) VALUES ('Deep Learning Model');
INSERT INTO revinfo(rev,revtstmp) VALUES ( COALESCE (( select max(rev)+1 from revinfo), 1 ), '2024-04-17 16:31:23');
INSERT INTO model_type_AUD(id, name, rev, revtype, created_at, updated_at) VALUES ((select id from model_type where name='Deep Learning Model'), 'Deep Learning Model', (select max(rev) from revinfo),0,'2024-04-17 16:31:23','2024-04-17 16:31:23');
INSERT INTO model_type(name) VALUES ('Support Vector Machine Model');
INSERT INTO revinfo(rev,revtstmp) VALUES ( COALESCE (( select max(rev)+1 from revinfo), 1 ), '2024-04-17 16:31:23');
INSERT INTO model_type_AUD(id, name, rev, revtype, created_at, updated_at) VALUES ((select id from model_type where name='Support Vector Machine Model'), 'Support Vector Machine Model', (select max(rev) from revinfo),0,'2024-04-17 16:31:23','2024-04-17 16:31:23');
INSERT INTO model_type(name) VALUES ('Gradient Model');
INSERT INTO revinfo(rev,revtstmp) VALUES ( COALESCE (( select max(rev)+1 from revinfo), 1 ), '2024-04-17 16:31:23');
INSERT INTO model_type_AUD(id, name, rev, revtype, created_at, updated_at) VALUES ((select id from model_type where name='Gradient Model'), 'Gradient Model', (select max(rev) from revinfo),0,'2024-04-17 16:31:23','2024-04-17 16:31:23');
INSERT INTO model_type(name) VALUES ('Statistical Model');
INSERT INTO revinfo(rev,revtstmp) VALUES ( COALESCE (( select max(rev)+1 from revinfo), 1 ), '2024-04-17 16:31:23');
INSERT INTO model_type_AUD(id, name, rev, revtype, created_at, updated_at) VALUES ((select id from model_type where name='Statistical Model'), 'Statistical Model', (select max(rev) from revinfo),0,'2024-04-17 16:31:23','2024-04-17 16:31:23');
