id;parameter_type_definition_id;value
d7d22129-7b82-4e66-a307-cdc1e08962230;d7d22129-7b82-4e66-a307-cdc1e0896225;female
d7d22129-7b82-4e66-a307-cdc1e0896231;d7d22129-7b82-4e66-a307-cdc1e0896225;Diesel North
d7d22129-7b82-4e66-a307-cdc1e0896232;d7d22129-7b82-4e66-a307-cdc1e0896225;Officer Dodge
d7d22129-7b82-4e66-a307-cdc1e0896233;d7d22129-7b82-4e66-a307-cdc1e0896225;Metrics systems Card
d7d22129-7b82-4e66-a307-cdc1e0896234;d7d22129-7b82-4e66-a307-cdc1e0896225;South
d7d22129-7b82-4e66-a307-cdc1e0896235;1d12c331-85ac-4a64-bc78-3abecc32e2be;Luxurious Officer invoice
d7d22129-7b82-4e66-a307-cdc1e0896236;1d12c331-85ac-4a64-bc78-3abecc32e2be;Practical Kyat system
d7d22129-7b82-4e66-a307-cdc1e0896237;1d12c331-85ac-4a64-bc78-3abecc32e2be;generating invoice Northeast
d7d22129-7b82-4e66-a307-cdc1e0896238;1d12c331-85ac-4a64-bc78-3abecc32e2be;up Porsche
d7d22129-7b82-4e66-a307-cdc1e0896239;1d12c331-85ac-4a64-bc78-3abecc32e2be;panel Pop
