create TABLE metric (
    id VARCHAR(36) PRIMARY KEY,
    name VARCHAR(100) NOT NULL
);

create TABLE ml_task_type (
    id VARCHAR(36) PRIMARY KEY,
    name VARCHAR(100) NOT NULL
);

create TABLE model_group_type (
    id VARCHAR(36) PRIMARY KEY,
    name VARCHAR(100) NOT NULL
);

create TABLE model_type (
    id VARCHAR(36) PRIMARY KEY,
    name VARCHAR(100) NOT NULL
);

create TABLE model_family_type (
    id VARCHAR(36) PRIMARY KEY,
    name VARCHAR(100) NOT NULL
);

create TABLE model_ensemble_type (
    id VARCHAR(36) PRIMARY KEY,
    name VARCHAR(100) NOT NULL
);

create TABLE model_structure_type (
    id VARCHAR(36) PRIMARY KEY,
    name VARCHAR(100) NOT NULL
);

create TABLE parameter_type (
    id VARCHAR(36) PRIMARY KEY,
    name VARCHAR(100) NOT NULL
);

create TABLE parameter_distribution_type (
    id VARCHAR(36) PRIMARY KEY,
    name VARCHAR(100) NOT NULL
);

create TABLE dependency_group_type (
  id VARCHAR(36) PRIMARY KEY,
  name varchar NOT NULL
);

create TABLE dependency_type (
  id VARCHAR(36) PRIMARY KEY,
  name VARCHAR NOT NULL,
  dependency_group_id VARCHAR(36),
  FOREIGN KEY(dependency_group_id) REFERENCES dependency_group_type(id)
);

create TABLE model (
    id VARCHAR(36) PRIMARY KEY,
    ml_task_id VARCHAR(36),
    name VARCHAR NOT NULL UNIQUE,
    display_name VARCHAR NOT NULL,
    structure_id VARCHAR(36),
    description VARCHAR,
    advantages VARCHAR,
    disadvantages VARCHAR,
    enabled boolean NOT NULL,
    ensemble_type_id VARCHAR(36),
    family_type_id VARCHAR(36),
    decision_tree boolean NOT NULL,
    dependency_group_id VARCHAR(36),
    FOREIGN KEY(ml_task_id) REFERENCES ml_task_type(id),
    FOREIGN KEY(structure_id) REFERENCES model_structure_type(id),
    FOREIGN KEY(ensemble_type_id) REFERENCES model_ensemble_type(id),
    FOREIGN KEY(family_type_id) REFERENCES model_family_type(id),
    FOREIGN KEY(dependency_group_id) REFERENCES dependency_group_type(id)
);

create TABLE rel_model__groups (
    model_id VARCHAR(36),
    group_id VARCHAR(36),
    FOREIGN KEY(model_id) REFERENCES model(id),
    FOREIGN KEY(group_id) REFERENCES model_group_type(id)
);

create TABLE rel_model__incompatible_metrics (
    model_id VARCHAR(36),
    metric_id VARCHAR(36),
    FOREIGN KEY(model_id) REFERENCES model(id),
    FOREIGN KEY(metric_id) REFERENCES metric(id)
);

create TABLE rel_model__model_type (
   model_id VARCHAR(36),
   model_type_id VARCHAR(36),
   FOREIGN KEY(model_id) REFERENCES model(id),
   FOREIGN KEY(model_type_id) REFERENCES model_type(id)
);

create TABLE parameter (
  id VARCHAR(36) PRIMARY KEY,
  model_id VARCHAR(36),
  name VARCHAR NOT NULL,
  label VARCHAR NOT NULL,
  description VARCHAR,
  enabled boolean NOT NULL,
  fixed_value boolean NOT NULL,
  ordering integer NOT NULL,
  FOREIGN KEY(model_id) REFERENCES model(id)
);

create TABLE parameter_type_definition (
  id VARCHAR(36) PRIMARY KEY,
  parameter_id VARCHAR(36) NOT NULL,
  parameter_type_id VARCHAR(36) NOT NULL,
  parameter_distribution_type_id VARCHAR(36) NOT NULL,
  ordering integer NOT NULL,
  FOREIGN KEY(parameter_id) REFERENCES parameter(id),
  FOREIGN KEY(parameter_type_id) REFERENCES parameter_type(id),
  FOREIGN KEY(parameter_distribution_type_id) REFERENCES parameter_distribution_type(id)
);
--
create TABLE boolean_parameter (
    id VARCHAR(36) PRIMARY KEY,
    default_value boolean,
    FOREIGN KEY(id) REFERENCES parameter_type_definition(id)
);

create TABLE categorical_parameter (
  id VARCHAR(36) PRIMARY KEY,
  default_value VARCHAR,
  FOREIGN KEY(id) REFERENCES parameter_type_definition(id)
);

create TABLE integer_parameter (
  id VARCHAR(36) PRIMARY KEY,
  default_value integer,
  FOREIGN KEY(id) REFERENCES parameter_type_definition(id)
);

create TABLE float_parameter (
  id VARCHAR(36) PRIMARY KEY,
  default_value double,
  FOREIGN KEY(id) REFERENCES parameter_type_definition(id)
);

create TABLE integer_parameter_value (
  id VARCHAR(36) PRIMARY KEY,
  parameter_type_definition_id VARCHAR(36) NOT NULL,
  lower integer NOT NULL,
  upper integer NOT NULL,
  FOREIGN KEY(parameter_type_definition_id) REFERENCES integer_parameter(id)
);

create TABLE float_parameter_range (
  id VARCHAR(36) PRIMARY KEY,
  parameter_type_definition_id VARCHAR(36) NOT NULL,
  is_left_open boolean NOT NULL,
  is_right_open boolean NOT NULL,
  lower double NOT NULL,
  upper double NOT NULL,
  FOREIGN KEY(parameter_type_definition_id) REFERENCES float_parameter(id)
);

-- Inserting sample data into the "metrics" table
insert into metric (id, name)
values
    ('1b6f7a9a-4a2d-4e9a-8f2a-6d6bb9c66d23', 'Metric1'),
    ('2b6f7a9a-4a2d-4e9a-8f2a-6d6bb9c66d24', 'Metric2'),
    ('3b6f7a9a-4a2d-4e9a-8f2a-6d6bb9c66d25', 'Metric3'),
    ('4b6f7a9a-4a2d-4e9a-8f2a-6d6bb9c66d26', 'Metric4');

insert into ml_task_type (id, name)
values
    ('1b6f7a9a-4a2d-4e9a-8f2a-6d6bb9c66d27', 'mltask1'),
    ('2b6f7a9a-4a2d-4e9a-8f2a-6d6bb9c66d28', 'mltask2'),
    ('3b6f7a9a-4a2d-4e9a-8f2a-6d6bb9c66d29', 'mltask3'),
    ('4b6f7a9a-4a2d-4e9a-8f2a-6d6bb9c66d21', 'mltask4');

insert into dependency_group_type (id, name)
values
    ('1b6f7a9a-4a2d-4e9a-8f2a-6d6bb9c66d27', 'dependencygroup1'),
    ('2b6f7a9a-4a2d-4e9a-8f2a-6d6bb9c66d28', 'dependencygroup2'),
    ('3b6f7a9a-4a2d-4e9a-8f2a-6d6bb9c66d29', 'dependencygroup3'),
    ('4b6f7a9a-4a2d-4e9a-8f2a-6d6bb9c66d21', 'dependencygroup4');

insert into dependency_type (id, name, dependency_group_id)
values
    ('1b6f7a9a-4a2d-4e9a-8f2a-6d6bb9c66d27', 'dependency1', '1b6f7a9a-4a2d-4e9a-8f2a-6d6bb9c66d27'),
    ('2b6f7a9a-4a2d-4e9a-8f2a-6d6bb9c66d28', 'dependency2', '2b6f7a9a-4a2d-4e9a-8f2a-6d6bb9c66d28'),
    ('3b6f7a9a-4a2d-4e9a-8f2a-6d6bb9c66d29', 'dependency3', '3b6f7a9a-4a2d-4e9a-8f2a-6d6bb9c66d29'),
    ('4b6f7a9a-4a2d-4e9a-8f2a-6d6bb9c66d21', 'dependency4', '4b6f7a9a-4a2d-4e9a-8f2a-6d6bb9c66d21');


insert into model_group_type (id, name)
values
    ('1b6f7a9a-4a2d-4e9a-8f2a-6d6bb9c66d27', 'modelgroup1'),
    ('2b6f7a9a-4a2d-4e9a-8f2a-6d6bb9c66d28', 'modelgroup2'),
    ('3b6f7a9a-4a2d-4e9a-8f2a-6d6bb9c66d29', 'modelgroup3'),
    ('4b6f7a9a-4a2d-4e9a-8f2a-6d6bb9c66d21', 'modelgroup4');

insert into model_type (id, name)
values
    ('1b6f7a9a-4a2d-4e9a-8f2a-6d6bb9c66d27', 'modeltype1'),
    ('2b6f7a9a-4a2d-4e9a-8f2a-6d6bb9c66d28', 'modeltype2'),
    ('3b6f7a9a-4a2d-4e9a-8f2a-6d6bb9c66d29', 'modeltype3'),
    ('4b6f7a9a-4a2d-4e9a-8f2a-6d6bb9c66d21', 'modeltype4');

insert into model_family_type (id, name)
values
    ('1b6f7a9a-4a2d-4e9a-8f2a-6d6bb9c66d27', 'modelfamilytype1'),
    ('2b6f7a9a-4a2d-4e9a-8f2a-6d6bb9c66d28', 'modelfamilytype2'),
    ('3b6f7a9a-4a2d-4e9a-8f2a-6d6bb9c66d29', 'modelfamilytype3'),
    ('4b6f7a9a-4a2d-4e9a-8f2a-6d6bb9c66d21', 'modelfamilytype4');

insert into model_ensemble_type (id, name)
values
    ('1b6f7a9a-4a2d-4e9a-8f2a-6d6bb9c66d27', 'modelensembletype1'),
    ('2b6f7a9a-4a2d-4e9a-8f2a-6d6bb9c66d28', 'modelensembletype2'),
    ('3b6f7a9a-4a2d-4e9a-8f2a-6d6bb9c66d29', 'modelensembletype3'),
    ('4b6f7a9a-4a2d-4e9a-8f2a-6d6bb9c66d21', 'modelensembletype4');

insert into model_structure_type (id, name)
values
    ('1b6f7a9a-4a2d-4e9a-8f2a-6d6bb9c66d27', 'modelstructuretype1'),
    ('2b6f7a9a-4a2d-4e9a-8f2a-6d6bb9c66d28', 'modelstructuretype2'),
    ('3b6f7a9a-4a2d-4e9a-8f2a-6d6bb9c66d29', 'modelstructuretype3'),
    ('4b6f7a9a-4a2d-4e9a-8f2a-6d6bb9c66d21', 'modelstructuretype4');

insert into parameter_type (id, name)
values
    ('1b6f7a9a-4a2d-4e9a-8f2a-6d6bb9c66d27', 'parametertype1'),
    ('2b6f7a9a-4a2d-4e9a-8f2a-6d6bb9c66d28', 'parametertype2'),
    ('3b6f7a9a-4a2d-4e9a-8f2a-6d6bb9c66d29', 'parametertype3'),
    ('4b6f7a9a-4a2d-4e9a-8f2a-6d6bb9c66d21', 'parametertype4');

insert into parameter_distribution_type (id, name)
values
    ('1b6f7a9a-4a2d-4e9a-8f2a-6d6bb9c66d27', 'parameterdistributiontype1'),
    ('2b6f7a9a-4a2d-4e9a-8f2a-6d6bb9c66d28', 'parameterdistributiontype2'),
    ('3b6f7a9a-4a2d-4e9a-8f2a-6d6bb9c66d29', 'parameterdistributiontype3'),
    ('4b6f7a9a-4a2d-4e9a-8f2a-6d6bb9c66d21', 'parameterdistributiontype4');

insert into model (id, ml_task_id, name, display_name, structure_id, description, advantages, disadvantages, enabled, ensemble_type_id, family_type_id, decision_tree)
values
  ('123e4567-e89b-12d3-a456-426614174001', '1b6f7a9a-4a2d-4e9a-8f2a-6d6bb9c66d27', 'Model1', 'Display1', '1b6f7a9a-4a2d-4e9a-8f2a-6d6bb9c66d27', 'Description1', ARRAY['Advantage1'], ARRAY['Disadvantage1'], true, '1b6f7a9a-4a2d-4e9a-8f2a-6d6bb9c66d27', '1b6f7a9a-4a2d-4e9a-8f2a-6d6bb9c66d27', true),
  ('223e4567-e89b-12d3-a456-426614174002', '2b6f7a9a-4a2d-4e9a-8f2a-6d6bb9c66d28', 'Model2', 'Display2', '2b6f7a9a-4a2d-4e9a-8f2a-6d6bb9c66d28', 'Description2', ARRAY['Advantage2'], ARRAY['Disadvantage2'], true, '2b6f7a9a-4a2d-4e9a-8f2a-6d6bb9c66d28', '2b6f7a9a-4a2d-4e9a-8f2a-6d6bb9c66d28', false);

INSERT INTO parameter (id, model_id, name, label, description, enabled, fixed_value, ordering)
VALUES
  ('523e4567-e89b-12d3-a456-426614174001', '123e4567-e89b-12d3-a456-426614174001', 'parameter_name', 'parameter_label', 'parameter_description', true, false, 1);

insert into parameter_type_definition (id, parameter_id, parameter_type_id, parameter_distribution_type_id, ordering)
values
  ('323e4567-e89b-12d3-a456-426614174001', '523e4567-e89b-12d3-a456-426614174001', '1b6f7a9a-4a2d-4e9a-8f2a-6d6bb9c66d27', '1b6f7a9a-4a2d-4e9a-8f2a-6d6bb9c66d27', 1),
  ('323e4567-e89b-12d3-a456-426614174002', '523e4567-e89b-12d3-a456-426614174001', '1b6f7a9a-4a2d-4e9a-8f2a-6d6bb9c66d27', '2b6f7a9a-4a2d-4e9a-8f2a-6d6bb9c66d28', 2),
  ('323e4567-e89b-12d3-a456-426614174003', '523e4567-e89b-12d3-a456-426614174001', '1b6f7a9a-4a2d-4e9a-8f2a-6d6bb9c66d27', '2b6f7a9a-4a2d-4e9a-8f2a-6d6bb9c66d28', 2);

insert into boolean_parameter (id, default_value)
values
  ('323e4567-e89b-12d3-a456-426614174001', true),
  ('323e4567-e89b-12d3-a456-426614174002', false);

insert into categorical_parameter (id, default_value)
values
  ('323e4567-e89b-12d3-a456-426614174001', 'value1'),
  ('323e4567-e89b-12d3-a456-426614174002', 'value2');

insert into integer_parameter (id, default_value)
values
  ('323e4567-e89b-12d3-a456-426614174001', 10),
  ('323e4567-e89b-12d3-a456-426614174002', 20);

insert into float_parameter (id, default_value)
values
  ('323e4567-e89b-12d3-a456-426614174001', 10.1),
  ('323e4567-e89b-12d3-a456-426614174002', 20.2);

insert into integer_parameter_value (id, parameter_type_definition_id, lower, upper)
values
  ('423e4567-e89b-12d3-a456-426614174001', '323e4567-e89b-12d3-a456-426614174001', 10, 20),
  ('423e4567-e89b-12d3-a456-426614174002', '323e4567-e89b-12d3-a456-426614174001', 5, 15),
  ('423e4567-e89b-12d3-a456-426614174003', '323e4567-e89b-12d3-a456-426614174002', 30, 40),
  ('423e4567-e89b-12d3-a456-426614174004', '323e4567-e89b-12d3-a456-426614174002', 25, 35);

insert into float_parameter_range (id, parameter_type_definition_id, is_left_open, is_right_open, lower, upper)
values
  ('423e4567-e89b-12d3-a456-426614174001', '323e4567-e89b-12d3-a456-426614174001', true, false, 10.5, 20.5),
  ('423e4567-e89b-12d3-a456-426614174002', '323e4567-e89b-12d3-a456-426614174001', false, true, 5.2, 15.7),
  ('423e4567-e89b-12d3-a456-426614174003', '323e4567-e89b-12d3-a456-426614174002', false, false, 30.0, 40.0),
  ('423e4567-e89b-12d3-a456-426614174004', '323e4567-e89b-12d3-a456-426614174002', true, true, 25.3, 35.8);
